/*
 Navicat Premium Data Transfer

 Source Server         : 自动化
 Source Server Type    : MySQL
 Source Server Version : 50728
 Source Host           : rm-wz9i165ek36246t6m.mysql.rds.aliyuncs.com:3306
 Source Schema         : auto_test

 Target Server Type    : MySQL
 Target Server Version : 50728
 File Encoding         : 65001

 Date: 25/06/2021 14:32:23
*/

SET NAMES utf8mb4;
SET FOREIGN_KEY_CHECKS = 0;

-- ----------------------------
-- Table structure for global_dbconfig
-- ----------------------------
DROP TABLE IF EXISTS `global_dbconfig`;
CREATE TABLE `global_dbconfig` (
  `id` int(5) NOT NULL AUTO_INCREMENT COMMENT '序号',
  `title` varchar(255) NOT NULL COMMENT '别名',
  `platform` int(255) NOT NULL COMMENT '平台：1-SAAS，2-互联网',
  `ip` varchar(255) NOT NULL COMMENT '数据库地址',
  `port` int(255) NOT NULL COMMENT '端口号',
  `dbName` varchar(255) NOT NULL COMMENT '数据库名称',
  `userName` varchar(255) NOT NULL COMMENT '用户名',
  `passWord` varchar(255) NOT NULL COMMENT '密码',
  `status` int(255) NOT NULL COMMENT '状态：0-禁用，1-启用',
  PRIMARY KEY (`id`)
) ENGINE=InnoDB AUTO_INCREMENT=2 DEFAULT CHARSET=utf8mb4;

-- ----------------------------
-- Records of global_dbconfig
-- ----------------------------
BEGIN;
INSERT INTO `global_dbconfig` VALUES (1, 'vantop-test', 1, 'rm-wz9i165ek36246t6m.mysql.rds.aliyuncs.com', 3306, 'nextop', 'nextop', 'Max0gl1Daup0nUR6', 1);
COMMIT;

-- ----------------------------
-- Table structure for global_department
-- ----------------------------
DROP TABLE IF EXISTS `global_department`;
CREATE TABLE `global_department` (
  `id` int(11) NOT NULL AUTO_INCREMENT COMMENT '部门id',
  `platformId` int(11) NOT NULL COMMENT '平台：1-SAAS，2-互联网',
  `departmentName` varchar(255) NOT NULL COMMENT '部门名称',
  `status` varchar(255) NOT NULL COMMENT '状态',
  `updateTime` datetime NOT NULL COMMENT '更新时间',
  PRIMARY KEY (`id`)
) ENGINE=InnoDB AUTO_INCREMENT=2 DEFAULT CHARSET=utf8mb4;

-- ----------------------------
-- Records of global_department
-- ----------------------------
BEGIN;
INSERT INTO `global_department` VALUES (1, 1, '测试部', '1', '2021-03-05 17:40:59');
COMMIT;

-- ----------------------------
-- Table structure for global_env
-- ----------------------------
DROP TABLE IF EXISTS `global_env`;
CREATE TABLE `global_env` (
  `id` int(4) NOT NULL AUTO_INCREMENT,
  `platForm` int(3) NOT NULL,
  `urlPre` varchar(255) NOT NULL,
  `remoteAddress` varchar(255) DEFAULT NULL,
  `name` varchar(255) NOT NULL COMMENT '自定义环境名称',
  `uid` bigint(20) NOT NULL,
  `status` int(3) NOT NULL COMMENT '0：停用 1：启用',
  PRIMARY KEY (`id`)
) ENGINE=InnoDB AUTO_INCREMENT=15 DEFAULT CHARSET=utf8;

-- ----------------------------
-- Records of global_env
-- ----------------------------
BEGIN;
INSERT INTO `global_env` VALUES (1, 1, 'api.nextop.cc', 'http://172.24.14.70:80', 'vantop-日常', 0, 1);
INSERT INTO `global_env` VALUES (2, 1, 'api.nextop.cc', 'https://8.129.101.84:443', 'vantop-预发布', 13534173939, 0);
INSERT INTO `global_env` VALUES (3, 1, 'api.nextop.cc', 'http://172.24.14.70:80', 'vantop-日常', 13534173939, 1);
INSERT INTO `global_env` VALUES (10, 1, 'api.nextop.cc', 'http://172.24.14.70:80', 'nextop-日常', 15989255250, 1);
INSERT INTO `global_env` VALUES (11, 1, 'api.nextop.cc', 'http://8.129.101.84:80', 'nextop-预发布', 15989255250, 0);
INSERT INTO `global_env` VALUES (12, 1, 'api.nextop.cc', 'https://8.129.101.84:443', 'vantop-预发布', 18676776729, 0);
INSERT INTO `global_env` VALUES (13, 1, 'api.nextop.cc', 'http://172.24.14.70:80', 'vantop-日常', 18676776729, 1);
INSERT INTO `global_env` VALUES (14, 1, 'api.nextop.cc', 'http://172.24.14.70:80', '日常环境', 13615719101, 1);
COMMIT;

-- ----------------------------
-- Table structure for global_rule
-- ----------------------------
DROP TABLE IF EXISTS `global_rule`;
CREATE TABLE `global_rule` (
  `id` int(5) NOT NULL AUTO_INCREMENT,
  `action` varchar(255) DEFAULT NULL,
  `description` varchar(500) DEFAULT NULL,
  `rule` varchar(500) DEFAULT NULL,
  `detail` text,
  PRIMARY KEY (`id`)
) ENGINE=InnoDB AUTO_INCREMENT=7 DEFAULT CHARSET=utf8mb4;

-- ----------------------------
-- Records of global_rule
-- ----------------------------
BEGIN;
INSERT INTO `global_rule` VALUES (1, 'depend', '业务流用例的依赖关系字段', 'path ：json中目标字段的路径      caseId ：依赖的业务流用例的序号  keyValue ：依赖用例response字段的路径  valueType：非必填，参数化字段福祉类型，当取值与赋值类型不一致时填写', '{\n    \"depends\":[\n        {\n            \"path\":\"参数化字段的路径：$.depends[0].path\",\n            \"valueType\":\"参数化字段的类型：string/int/long\",\n            \"caseId\":0,\n            \"keyValue\":\"参数化取值的字段名：$.id\"\n        },\n        {\n            \"path\":\"\",\n            \"caseId\":2,\n            \"keyValue\":\"\"\n        }\n    ]\n}');
INSERT INTO `global_rule` VALUES (2, 'randKey', '随机参数字段', 'path ：json中目标字段的路径      type：随机参数类型【1：数字，2：字母和数字】  num：参数长度', '{\n    \"randKeys\":[\n        {\n            \"path\":\"目标字段路径：$.name\",\n            \"title\":\"字符串自定义标签[type=2时生效，非必要字段]\",\n            \"type\":2,\n            \"num\":5\n        },\n        {\n            \"path\":\"$.code\",\n            \"type\":1,\n            \"num\":12\n        }\n    ]\n}	{\"path\":\"\",\"type\":2,\"num\":5},\r\n	{\"path\":\"$.code\",\"type\":1,\"num\":12}\r\n]\r\n}');
INSERT INTO `global_rule` VALUES (3, 'beforeSql', '前置操作：sql处理', 'sql：要执行的参数  path ：json中目标字段的路径  keyName ：sql返回结果对应字段  【当前仅支持单挑查询结果的替换，paths为空时则只负责执行】  valueType：非必填，参数化字段福祉类型，当取值与赋值类型不一致时填写', '{\n    \"sql\":\"delete FROM nextop_warehouse_location where code = \'X-3-9\';\",\n    \"paths\":[\n        {\n            \"path\":\"字段路径，例如：$.paths[0].path\",\n            \"valueType\":\"参数化字段的类型：string/int/long\",\n            \"keyName\":\"sql结果的字段名\"\n        }\n    ]\n}');
INSERT INTO `global_rule` VALUES (4, 'assertion', '用例response断言', 'path ：json中目标字段的路径  keyValue : 预期结果  checkType:比较方式【equals/start/end/contains】', '{\n    \"assertion\":[\n        {\n            \"path\":\"取值字段的路径：$.code\",\n            \"keyValue\":\"000000\",\n            \"checkType\":\"equals\"\n        },\n        {\n            \"path\":\"$.msg\",\n            \"keyValue\":\"操作成功\",\n            \"checkType\":\"start\"\n        }\n    ]\n}');
INSERT INTO `global_rule` VALUES (5, 'afterDBCheck', '用例其他断言操作：数据库等', 'path ：json中目标字段的路径  keyValue ：sql返回结果对应字段【当前仅支持单条查询结果的替换，paths为空时则只负责执行】   checkType:比较方式【equals/start/end/contains】', '{\n    \"sql\":\"sql语句\",\n    \"paths\":[\n        {\n            \"path\":\"取值字段路径：$.code\",\n            \"keyValue\":\"sql结果取值名称\",\n            \"checkType\":\"equals/start/end/contains\"\n        }\n    ]\n}');
INSERT INTO `global_rule` VALUES (6, 'afterSql', '用例后置操作：数据库恢复等', 'sqls ：需要执行的sql', '{\"sqls\":[\"\", \"\"]}');
COMMIT;

-- ----------------------------
-- Table structure for global_test_account
-- ----------------------------
DROP TABLE IF EXISTS `global_test_account`;
CREATE TABLE `global_test_account` (
  `id` int(5) NOT NULL AUTO_INCREMENT COMMENT 'id',
  `uid` bigint(20) NOT NULL COMMENT '用户id，存手机号即可',
  `platform` varchar(255) NOT NULL COMMENT '平台类型：1-saas，2-互联网',
  `account` varchar(255) NOT NULL COMMENT '账号',
  `password` varchar(255) NOT NULL COMMENT '密码',
  `loginDetail` text COMMENT '登录凭证',
  `cookie` text COMMENT 'cookie信息',
  `isDefault` int(5) NOT NULL DEFAULT '0' COMMENT '是否默认账号：0-非默认，1-默认',
  PRIMARY KEY (`id`)
) ENGINE=InnoDB AUTO_INCREMENT=20 DEFAULT CHARSET=utf8mb4;

-- ----------------------------
-- Records of global_test_account
-- ----------------------------
BEGIN;
INSERT INTO `global_test_account` VALUES (2, 18888888888, '1', '18888888888', 'Aa123456', '', NULL, 0);
INSERT INTO `global_test_account` VALUES (3, 15071493714, '1', '15071493714', 'Aa123456', 'bearer eyJ0eXAiOiJKV1QiLCJhbGciOiJIUzI1NiJ9.eyJpc3MiOiIwOThmNmJjZDQ2MjFkMzczY2FkZTRlODMyNjI3YjRmNiIsImlhdCI6MTYyMTMyNTY1NywiYXVkIjoibmV4dG9waXVzZXIiLCJ0ZW5hbnRJZCI6IjE1OTY4NzA2NjkyNzgiLCJ1aWQiOiI0MjAzMDQ5NjY0ODI4NjIwOCIsImV4cCI6MTYyMTQxMjA1NywibmJmIjoxNjIxMzI1NjU3fQ.YTgDBtb8WclPdeIeiKgqzqvO_C0LwLt0dj3f8LUtFAQ', NULL, 1);
INSERT INTO `global_test_account` VALUES (5, 15602471881, '1', '15602471881', 'Aa123456', 'rememberMe=deleteMe; Path=/; Max-Age=0; Expires=Tue, 20-Apr-2021 08:07:39 GMT&SESSION=N2IyNThmMzMtNjM1OC00NTY5LTkxYzktNGI3ZjE5NWQ5MWY5; Path=/; HttpOnly; SameSite=Lax&', NULL, 1);
INSERT INTO `global_test_account` VALUES (6, 15521293240, '1', '15521293240', 'Aa123456', 'rememberMe=deleteMe; Path=/; Max-Age=0; Expires=Sun, 25-Apr-2021 08:57:41 GMT&SESSION=ZTlhY2UyMGQtOTY1My00ZmM5LThiNWMtZjExYWQzNmQ3NTZk; Path=/; HttpOnly; SameSite=Lax&', NULL, 1);
INSERT INTO `global_test_account` VALUES (8, 13297954630, '1', '13297954630', 'Aa123456', 'rememberMe=deleteMe; Path=/; Max-Age=0; Expires=Wed, 05-May-2021 10:51:56 GMT&SESSION=NTY2YmVkOTktMjc0Yi00YzQ2LWIwYjEtNjM1MTNjY2ExNDZi; Path=/; HttpOnly; SameSite=Lax&', NULL, 1);
INSERT INTO `global_test_account` VALUES (9, 13615719101, '1', '13615719101', 'Aa123456', 'bearer eyJ0eXAiOiJKV1QiLCJhbGciOiJIUzI1NiJ9.eyJpc3MiOiIwOThmNmJjZDQ2MjFkMzczY2FkZTRlODMyNjI3YjRmNiIsImlhdCI6MTYyMTMzMjkyMiwiYXVkIjoibmV4dG9waXVzZXIiLCJ0ZW5hbnRJZCI6IjE2MDEwMTg1NjI3MjUiLCJ1aWQiOiI2MDgyNzAwODc5NTU0MTUwNCIsImV4cCI6MTYyMTQxOTMyMiwibmJmIjoxNjIxMzMyOTIyfQ.yTUXiwPraj9hWKJja8PTFFN6xare22Ot5EuDkX5msEI', 'SESSION=ZDYwYjFmOTAtOWI2OS00NzE3LWJhOGQtMjcyNzYyYjdkYjg5', 1);
INSERT INTO `global_test_account` VALUES (10, 15989255250, '1', '15989255250', 'Wen123456', 'bearer eyJ0eXAiOiJKV1QiLCJhbGciOiJIUzI1NiJ9.eyJpc3MiOiIwOThmNmJjZDQ2MjFkMzczY2FkZTRlODMyNjI3YjRmNiIsImlhdCI6MTYyMDk3NTM2OCwiYXVkIjoibmV4dG9waXVzZXIiLCJ0ZW5hbnRJZCI6IjE2MDAxNDE1ODgxMzMiLCJ1aWQiOiI1NzE1NTIyODA3MTQ5MzYzMiIsImV4cCI6MTYyMTA2MTc2OCwibmJmIjoxNjIwOTc1MzY4fQ.xvsmLdMnXuTZEBz7UlsSMMht8AVtMWSBoOd0mYNjVNk', '', 1);
INSERT INTO `global_test_account` VALUES (15, 13534173939, '1', '13534173939', 'Td147852', 'bearer eyJ0eXAiOiJKV1QiLCJhbGciOiJIUzI1NiJ9.eyJpc3MiOiIwOThmNmJjZDQ2MjFkMzczY2FkZTRlODMyNjI3YjRmNiIsImlhdCI6MTYyNDQzOTc0NSwiYXVkIjoibmV4dG9waXVzZXIiLCJ0ZW5hbnRJZCI6IjE2MDczMzYzODQ3MzAiLCJ1aWQiOiI4NTQxOTc2NTczNjI3NTk2OCIsImV4cCI6MTYyNDUyNjE0NSwibmJmIjoxNjI0NDM5NzQ1fQ.xFXz95OOdzL4zwutXuhLgwl448Rj_7l7V8yTX9lwkvo', 'SESSION=NDkzNTE5MjYtZjFmYi00NWM3LTkxODUtYmM5YTJlODU4MmEz', 1);
INSERT INTO `global_test_account` VALUES (16, 1617679311754, '1', '18888888888', 'Aa123456', 'bearer eyJ0eXAiOiJKV1QiLCJhbGciOiJIUzI1NiJ9.eyJpc3MiOiIwOThmNmJjZDQ2MjFkMzczY2FkZTRlODMyNjI3YjRmNiIsImlhdCI6MTYyMTMwNzA4MiwiYXVkIjoibmV4dG9waXVzZXIiLCJ0ZW5hbnRJZCI6IjE1OTY4NzA2NjkyNzgiLCJ1aWQiOiIxIiwiZXhwIjoxNjIxMzkzNDgyLCJuYmYiOjE2MjEzMDcwODJ9.dwISc4Cu0yItqKA9dS4REz-K0NxVqtPQtONb5O_ZGkQ', NULL, 1);
INSERT INTO `global_test_account` VALUES (19, 18676776729, '1', '18676776729', 'Aa123456', 'bearer eyJ0eXAiOiJKV1QiLCJhbGciOiJIUzI1NiJ9.eyJpc3MiOiIwOThmNmJjZDQ2MjFkMzczY2FkZTRlODMyNjI3YjRmNiIsImlhdCI6MTYyMDk3NDQzNywiYXVkIjoibmV4dG9waXVzZXIiLCJ0ZW5hbnRJZCI6IjE1OTEyNTc4NTk5NTUiLCJ1aWQiOiIxODcxMjk4NjUwODE5Nzg4OCIsImV4cCI6MTYyMTA2MDgzNywibmJmIjoxNjIwOTc0NDM3fQ.lYhqu_15jRziVCc2FU9EaEF38vPpnIaucnU1qZs9SEk', '', 1);
COMMIT;

-- ----------------------------
-- Table structure for global_user
-- ----------------------------
DROP TABLE IF EXISTS `global_user`;
CREATE TABLE `global_user` (
  `uid` bigint(20) NOT NULL COMMENT '用户ID',
  `userName` varchar(255) NOT NULL COMMENT '用户昵称',
  `email` varchar(255) NOT NULL COMMENT '邮箱',
  `passWord` varchar(255) NOT NULL COMMENT '密码',
  `phone` varchar(255) DEFAULT NULL COMMENT '手机号',
  `platform` int(5) NOT NULL COMMENT '平台：1-SAAS，2-互联网',
  `department` int(10) NOT NULL DEFAULT '1' COMMENT '部门：默认测试部',
  `status` int(255) NOT NULL COMMENT '状态：0-已注销，1-正常',
  `icon` varchar(255) DEFAULT NULL COMMENT '头像（预留）',
  `createTime` date NOT NULL COMMENT '创建时间',
  `loginTime` varchar(255) DEFAULT NULL COMMENT '最后一次登陆时间',
  `admin` int(5) NOT NULL DEFAULT '0' COMMENT '是否为管理员账号：0-不是，1-是',
  PRIMARY KEY (`uid`)
) ENGINE=InnoDB DEFAULT CHARSET=utf8mb4;

-- ----------------------------
-- Records of global_user
-- ----------------------------
BEGIN;
INSERT INTO `global_user` VALUES (0, '', '', '', NULL, 0, 1, 0, NULL, '0000-00-00', NULL, 0);
INSERT INTO `global_user` VALUES (11000000001, '明峰ERP', 'mingfeng@vantopgroup.com', 'DyY+Xqc2CCfkFGAfxOjjhQ==', '18888880001', 1, 1, 1, NULL, '2021-04-22', '1622550426', 0);
INSERT INTO `global_user` VALUES (11000000002, '互联网', 'internet@vantopgroup.com', 'DyY+Xqc2CCfkFGAfxOjjhQ==', '18888880002', 2, 1, 1, NULL, '2021-04-22', '1619772699', 0);
INSERT INTO `global_user` VALUES (13297954630, 'D.du', '524814074@qq.com', 'ThF/6rnBgCY=', '13297954630', 1, 0, 1, NULL, '2021-04-22', '1620463008', 0);
INSERT INTO `global_user` VALUES (13534173939, '熊飞', 'fei.xiong@vantopgroup.com', 'Qg5HHXb6xaw8UIg+IagQ1Q==', '13534173939', 1, 1, 1, NULL, '2021-04-22', '1624504327', 0);
INSERT INTO `global_user` VALUES (13615719101, 'yulong', 'yulong7866@163.com', 'DyY+Xqc2CCfkFGAfxOjjhQ==', '13615719101', 1, 0, 1, NULL, '2021-04-22', '1622535310', 0);
INSERT INTO `global_user` VALUES (15071493714, '何多多', '1429506889@qq.com', 'DyY+Xqc2CCfkFGAfxOjjhQ==', '15071493714', 1, 1, 1, NULL, '2021-04-22', '1621328890', 0);
INSERT INTO `global_user` VALUES (15521293240, '王宇', 'yu.wang@vantopgroup.com', 'DyY+Xqc2CCfkFGAfxOjjhQ==', '15521293240', 1, 1, 1, NULL, '2021-04-22', '1622013594', 0);
INSERT INTO `global_user` VALUES (15602471881, '平平', 'apple.chen@vantopgroup.com', 'DyY+Xqc2CCfkFGAfxOjjhQ==', '15602471881', 1, 1, 1, NULL, '2021-04-22', '1622531840', 0);
INSERT INTO `global_user` VALUES (15989255250, '温保权', 'kevin.wen@vantopgroup.com', 'YE4JEJBcUkEVTME9kF6Mcw==', '15989255250', 1, 0, 1, NULL, '2021-04-22', '1620975349', 0);
INSERT INTO `global_user` VALUES (18676776729, 'denglili', 'lili.deng@vantopgroup.com', 'DyY+Xqc2CCfkFGAfxOjjhQ==', '18676776729', 1, 0, 1, NULL, '2021-04-22', '1620974341', 0);
INSERT INTO `global_user` VALUES (1617679311754, 'samka', '512988230@qq.com', 'HBb0WSO5tXc=', '13714902002', 1, 0, 1, NULL, '2021-04-06', '1621414637', 0);
INSERT INTO `global_user` VALUES (1621333421302, 'admin', 'admin@vantopgroup.com', '46DE5E1E+YA=', '15872727121', 1, 0, 1, NULL, '2021-05-18', '1621333502', 0);
COMMIT;

-- ----------------------------
-- Table structure for mingfeng_blacklist
-- ----------------------------
DROP TABLE IF EXISTS `mingfeng_blacklist`;
CREATE TABLE `mingfeng_blacklist` (
  `name` varchar(255) NOT NULL COMMENT '接口地址',
  `kind` int(255) NOT NULL COMMENT '模块分类id',
  `method` varchar(255) NOT NULL COMMENT '请求方法',
  `uid` bigint(20) DEFAULT NULL COMMENT '用户uid',
  `updateTime` datetime DEFAULT NULL COMMENT '更新时间'
) ENGINE=InnoDB DEFAULT CHARSET=utf8mb4;

-- ----------------------------
-- Records of mingfeng_blacklist
-- ----------------------------
BEGIN;
INSERT INTO `mingfeng_blacklist` VALUES ('/transport', 6, 'get', 15602471881, '2021-03-10 15:08:40');
INSERT INTO `mingfeng_blacklist` VALUES ('/transport', 6, 'post', 15602471881, '2021-03-10 15:08:52');
INSERT INTO `mingfeng_blacklist` VALUES ('/transport', 6, 'put', 15602471881, '2021-03-10 15:09:02');
INSERT INTO `mingfeng_blacklist` VALUES ('/transport/allCountry', 6, 'get', 15602471881, '2021-03-10 15:09:17');
INSERT INTO `mingfeng_blacklist` VALUES ('/transport/allTypeTransport', 6, 'get', 15602471881, '2021-03-10 15:09:28');
INSERT INTO `mingfeng_blacklist` VALUES ('/transport/computeType', 6, 'get', 15602471881, '2021-03-10 15:09:39');
INSERT INTO `mingfeng_blacklist` VALUES ('/transport/currency', 6, 'get', 15602471881, '2021-03-10 15:09:48');
INSERT INTO `mingfeng_blacklist` VALUES ('/transport/disable', 6, 'put', 15602471881, '2021-03-10 15:09:56');
INSERT INTO `mingfeng_blacklist` VALUES ('/transport/enable', 6, 'put', 15602471881, '2021-03-10 15:10:04');
INSERT INTO `mingfeng_blacklist` VALUES ('/transport/logistics', 6, 'get', 15602471881, '2021-03-10 15:10:16');
INSERT INTO `mingfeng_blacklist` VALUES ('/transport/logisticsCountry', 6, 'get', 15602471881, '2021-03-10 15:10:39');
INSERT INTO `mingfeng_blacklist` VALUES ('/transport/logisticsService', 6, 'get', 15602471881, '2021-03-10 15:10:55');
INSERT INTO `mingfeng_blacklist` VALUES ('/transport/logisticsTransport', 6, 'get', 15602471881, '2021-03-10 15:50:07');
INSERT INTO `mingfeng_blacklist` VALUES ('/transport/logisticsType', 6, 'get', 15602471881, '2021-03-10 15:50:13');
INSERT INTO `mingfeng_blacklist` VALUES ('/transport/page', 6, 'get', 15602471881, '2021-03-10 15:50:21');
INSERT INTO `mingfeng_blacklist` VALUES ('/transport/platformType', 6, 'get', 15602471881, '2021-03-10 15:50:30');
INSERT INTO `mingfeng_blacklist` VALUES ('/transport/transportType', 6, 'get', 15602471881, '2021-03-10 15:50:36');
INSERT INTO `mingfeng_blacklist` VALUES ('/takeCargoLogistics/supplier', 6, 'get', 15602471881, '2021-03-10 15:57:34');
INSERT INTO `mingfeng_blacklist` VALUES ('/logistics/sendCargo/page', 6, 'get', 13534173939, '2021-03-16 15:00:31');
INSERT INTO `mingfeng_blacklist` VALUES ('/logistics/api/cargo/addCargo', 6, 'post', 15602471881, '2021-03-17 09:30:39');
INSERT INTO `mingfeng_blacklist` VALUES ('/logistics/api/cargo/getById', 6, 'get', 15602471881, '2021-03-17 09:34:15');
INSERT INTO `mingfeng_blacklist` VALUES ('/logistics/api/cargo/getLogisticsStatusNum', 6, 'get', 15602471881, '2021-03-17 09:34:48');
INSERT INTO `mingfeng_blacklist` VALUES ('/logistics/api/cargo/getStatusNum', 6, 'get', 15602471881, '2021-03-17 09:35:51');
INSERT INTO `mingfeng_blacklist` VALUES ('/logistics/api/cargo/selByFbaNum', 6, 'get', 15602471881, '2021-03-17 09:37:25');
INSERT INTO `mingfeng_blacklist` VALUES ('/logistics/api/customs/all', 6, 'get', 15602471881, '2021-03-17 09:40:39');
INSERT INTO `mingfeng_blacklist` VALUES ('/logistics/api/customs/one', 6, 'get', 15602471881, '2021-03-17 09:41:26');
INSERT INTO `mingfeng_blacklist` VALUES ('/logistics/api/declarePriceSku/batchAddUnitPrice', 6, 'post', 15602471881, '2021-03-17 09:41:58');
INSERT INTO `mingfeng_blacklist` VALUES ('/logistics/api/logistics/ids', 6, 'get', 15602471881, '2021-03-17 09:42:28');
INSERT INTO `mingfeng_blacklist` VALUES ('/logistics/api/logistics/names', 6, 'get', 15602471881, '2021-03-17 09:42:50');
INSERT INTO `mingfeng_blacklist` VALUES ('/logistics/api/logistics/shortNames', 6, 'get', 15602471881, '2021-03-17 09:43:53');
INSERT INTO `mingfeng_blacklist` VALUES ('/logistics/api/transport/allListByTenantId', 6, 'get', 15602471881, '2021-03-17 09:44:31');
INSERT INTO `mingfeng_blacklist` VALUES ('/logistics/api/transport/ids', 6, 'get', 15602471881, '2021-03-17 09:44:52');
INSERT INTO `mingfeng_blacklist` VALUES ('/logistics/api/transport/names', 6, 'get', 15602471881, '2021-03-17 09:45:12');
INSERT INTO `mingfeng_blacklist` VALUES ('/logistics/api/cargo/takeCargoAmountList', 6, 'get', 15602471881, '2021-03-18 18:22:35');
INSERT INTO `mingfeng_blacklist` VALUES ('/logistics/api/cargo/cargoAmountList', 6, 'get', 15602471881, '2021-03-18 18:23:04');
INSERT INTO `mingfeng_blacklist` VALUES ('/logistics/api/logistics/queryByServerTypeIds', 6, 'get', 15602471881, '2021-03-18 18:24:31');
INSERT INTO `mingfeng_blacklist` VALUES ('/logistics/api/cargo/takeCargoInfos', 6, 'get', 15602471881, '2021-03-18 18:25:01');
INSERT INTO `mingfeng_blacklist` VALUES ('/logistics/api/cargo/batchTakeCargoInfos', 6, 'post', 15602471881, '2021-03-18 18:25:08');
INSERT INTO `mingfeng_blacklist` VALUES ('/logistics/api/cargo/batchsendCargoInfos', 6, 'post', 15602471881, '2021-03-18 18:26:14');
INSERT INTO `mingfeng_blacklist` VALUES ('/logistics/api/cargo/sendCargoInfos', 6, 'get', 15602471881, '2021-03-18 18:26:19');
INSERT INTO `mingfeng_blacklist` VALUES ('/logistics/api/cargo/listSendCargo', 6, 'get', 15602471881, '2021-03-18 18:26:53');
INSERT INTO `mingfeng_blacklist` VALUES ('/logistics/api/cargo/listTakeCargo', 6, 'get', 15602471881, '2021-03-18 18:27:23');
INSERT INTO `mingfeng_blacklist` VALUES ('/logistics/sendCargoForm/errorForm', 6, 'post', 15071493714, '2021-03-18 18:51:02');
INSERT INTO `mingfeng_blacklist` VALUES ('/logistics/sendCargoForm/errorForm/logistics', 6, 'post', 15071493714, '2021-03-18 18:51:49');
INSERT INTO `mingfeng_blacklist` VALUES ('/purchase/supplier/info', 2, 'get', 13534173939, '2021-04-28 08:01:55');
INSERT INTO `mingfeng_blacklist` VALUES ('/purchase/supplierContact/supplierContact', 2, 'post', 13534173939, '2021-04-28 08:04:57');
INSERT INTO `mingfeng_blacklist` VALUES ('/purchase/supplierContact/supplierContact', 2, 'get', 13534173939, '2021-04-28 08:04:58');
INSERT INTO `mingfeng_blacklist` VALUES ('/purchase/supplierContact/supplierContact', 2, 'delete', 13534173939, '2021-04-28 08:04:59');
INSERT INTO `mingfeng_blacklist` VALUES ('/purchase/supplierContact/supplierContact', 2, 'put', 13534173939, '2021-04-28 08:05:00');
INSERT INTO `mingfeng_blacklist` VALUES ('/purchase/supplierContact/default', 2, 'put', 13534173939, '2021-04-28 08:21:20');
INSERT INTO `mingfeng_blacklist` VALUES ('/purchase/supplierContact/page', 2, 'get', 13534173939, '2021-04-28 08:26:57');
INSERT INTO `mingfeng_blacklist` VALUES ('/purchase/supplier/settlement', 2, 'get', 13534173939, '2021-04-28 08:33:20');
INSERT INTO `mingfeng_blacklist` VALUES ('/purchase/supplier/contact', 2, 'get', 13534173939, '2021-04-28 08:36:34');
INSERT INTO `mingfeng_blacklist` VALUES ('/purchase/customer/company/list', 2, 'post', 13534173939, '2021-04-28 08:45:49');
INSERT INTO `mingfeng_blacklist` VALUES ('/purchase/customer/edit/{id}', 2, 'get', 13534173939, '2021-04-28 08:49:06');
INSERT INTO `mingfeng_blacklist` VALUES ('/purchase/purchaseConfig/getPurchaseConfig', 2, 'get', 13534173939, '2021-04-28 08:57:25');
INSERT INTO `mingfeng_blacklist` VALUES ('/purchase/purchaseConfig/getConfigByPrice', 2, 'get', 13534173939, '2021-04-28 08:58:35');
INSERT INTO `mingfeng_blacklist` VALUES ('/goods/brand/{id}', 1, 'delete', 13297954630, '2021-04-28 10:12:38');
INSERT INTO `mingfeng_blacklist` VALUES ('/goods/materials/spu/enable', 1, 'put', 13297954630, '2021-04-28 11:19:43');
INSERT INTO `mingfeng_blacklist` VALUES ('/goods/materials/spu/download', 1, 'post', 13297954630, '2021-04-28 11:23:01');
INSERT INTO `mingfeng_blacklist` VALUES ('/goods/materials/sku/pageByCompanyId', 1, 'post', 13297954630, '2021-04-28 11:56:02');
INSERT INTO `mingfeng_blacklist` VALUES ('/goods/materials/sku/material', 1, 'get', 13297954630, '2021-04-28 12:02:18');
INSERT INTO `mingfeng_blacklist` VALUES ('/goods/materials/spu/disable', 1, 'put', 13297954630, '2021-04-28 12:09:36');
INSERT INTO `mingfeng_blacklist` VALUES ('/goods/materials/sku/template/download', 1, 'get', 13297954630, '2021-04-28 12:15:14');
INSERT INTO `mingfeng_blacklist` VALUES ('/goods/materials/sku/importSku', 1, 'post', 13297954630, '2021-04-28 12:15:34');
INSERT INTO `mingfeng_blacklist` VALUES ('/goods/sku/goods', 1, 'get', 13297954630, '2021-04-28 12:30:53');
INSERT INTO `mingfeng_blacklist` VALUES ('/purchase/purchaseOrder/validateParam', 2, 'post', 13534173939, '2021-04-29 01:48:20');
INSERT INTO `mingfeng_blacklist` VALUES ('/purchase/sale/rule/save', 2, 'post', 13534173939, '2021-04-29 02:03:59');
INSERT INTO `mingfeng_blacklist` VALUES ('/purchase/sale/rule/remove', 2, 'delete', 13534173939, '2021-04-29 02:04:00');
INSERT INTO `mingfeng_blacklist` VALUES ('/purchase/sale/rule/update', 2, 'post', 13534173939, '2021-04-29 02:04:02');
INSERT INTO `mingfeng_blacklist` VALUES ('/purchase/sale/rule/additionScale', 2, 'get', 13534173939, '2021-04-29 02:04:03');
INSERT INTO `mingfeng_blacklist` VALUES ('/purchase/sale/rule/page', 0, 'post', 13534173939, '2021-04-29 02:06:42');
INSERT INTO `mingfeng_blacklist` VALUES ('/goods/category/uploadWord', 1, 'post', 13297954630, '2021-04-29 10:02:27');
INSERT INTO `mingfeng_blacklist` VALUES ('/goods/channelSku/export', 1, 'get', 13297954630, '2021-05-06 02:11:51');
INSERT INTO `mingfeng_blacklist` VALUES ('/goods/channelSku/uploadChannelSku', 1, 'post', 13297954630, '2021-05-06 02:12:42');
INSERT INTO `mingfeng_blacklist` VALUES ('/goods/channelSku/channelTemplate', 1, 'get', 13297954630, '2021-05-06 02:14:37');
INSERT INTO `mingfeng_blacklist` VALUES ('/goods/goods/mq/record/send', 1, 'post', 13297954630, '2021-05-06 02:16:13');
INSERT INTO `mingfeng_blacklist` VALUES ('/goods/bom/upload', 1, 'post', 13297954630, '2021-05-06 02:17:01');
INSERT INTO `mingfeng_blacklist` VALUES ('/goods/channelSku/errorData', 1, 'get', 13297954630, '2021-05-06 02:17:40');
INSERT INTO `mingfeng_blacklist` VALUES ('/goods/channelSku/downloadTemplate', 1, 'get', 13297954630, '2021-05-06 02:17:54');
INSERT INTO `mingfeng_blacklist` VALUES ('/goods/propertyKey/uploadPurchaseOrder', 0, 'post', 13297954630, '2021-05-06 02:18:15');
INSERT INTO `mingfeng_blacklist` VALUES ('/goods/bom/template', 1, 'get', 13297954630, '2021-05-06 02:18:48');
INSERT INTO `mingfeng_blacklist` VALUES ('/goods/bom/downloadBom', 1, 'get', 13297954630, '2021-05-06 02:20:12');
INSERT INTO `mingfeng_blacklist` VALUES ('/goods/channelSku/importChannelSku', 1, 'post', 13297954630, '2021-05-06 02:20:47');
INSERT INTO `mingfeng_blacklist` VALUES ('/goods/goods/mq/record/{messageId}', 1, 'get', 13297954630, '2021-05-06 02:22:49');
INSERT INTO `mingfeng_blacklist` VALUES ('/goods/bom/childBomHierarchy', 1, 'get', 13297954630, '2021-05-06 11:02:27');
INSERT INTO `mingfeng_blacklist` VALUES ('/goods/bom/bomMaterial', 1, 'get', 13297954630, '2021-05-06 11:02:43');
INSERT INTO `mingfeng_blacklist` VALUES ('/goods/spu/enable', 1, 'put', 13297954630, '2021-05-07 06:45:06');
INSERT INTO `mingfeng_blacklist` VALUES ('/goods/spu/disable', 1, 'put', 13297954630, '2021-05-07 06:45:22');
INSERT INTO `mingfeng_blacklist` VALUES ('/purchase/purchaseSaleRejectOrder/deleteOperation', 2, 'delete', 13534173939, '2021-05-19 02:54:06');
INSERT INTO `mingfeng_blacklist` VALUES ('/purchase/sale/getSkuByOrderId', 2, 'post', 13534173939, '2021-05-19 02:55:36');
INSERT INTO `mingfeng_blacklist` VALUES ('/purchase/supplierSku/detail', 2, 'get', 13534173939, '2021-05-19 03:10:13');
INSERT INTO `mingfeng_blacklist` VALUES ('/purchase/plan/delete', 2, 'delete', 13534173939, '2021-06-01 09:28:51');
COMMIT;

-- ----------------------------
-- Table structure for mingfeng_config_kind
-- ----------------------------
DROP TABLE IF EXISTS `mingfeng_config_kind`;
CREATE TABLE `mingfeng_config_kind` (
  `kindId` int(4) NOT NULL,
  `kindName` varchar(255) DEFAULT NULL,
  `swaggerUrl` varchar(255) DEFAULT NULL COMMENT 'swagger地址',
  `base` varchar(255) DEFAULT NULL COMMENT '网关路由',
  `status` int(5) DEFAULT NULL COMMENT 'swagger同步状态：0-正常， 1-失败',
  PRIMARY KEY (`kindId`)
) ENGINE=InnoDB DEFAULT CHARSET=utf8;

-- ----------------------------
-- Records of mingfeng_config_kind
-- ----------------------------
BEGIN;
INSERT INTO `mingfeng_config_kind` VALUES (1, '商品', 'http://10.0.1.149/nextop-goods/api.json', '/goods', 0);
INSERT INTO `mingfeng_config_kind` VALUES (2, '采购', 'http://10.0.1.149/nextop-purchase/api.json', '/purchase', 0);
INSERT INTO `mingfeng_config_kind` VALUES (3, '备货', 'http://10.0.1.149/nextop-stock/api.json', '/stock', 0);
INSERT INTO `mingfeng_config_kind` VALUES (4, '仓库', 'http://10.0.1.149/nextop-warehouse/api.json', '/warehouse', 0);
INSERT INTO `mingfeng_config_kind` VALUES (5, '销售', 'http://10.0.1.149/nextop-oms/api.json', '/oms', 0);
INSERT INTO `mingfeng_config_kind` VALUES (6, '物流', 'http://10.0.1.149/nextop-logistics/api.json', '/logistics', 0);
INSERT INTO `mingfeng_config_kind` VALUES (7, '邮件', 'http://10.0.1.149/nextop-mail/api.json', '/mail', 0);
INSERT INTO `mingfeng_config_kind` VALUES (8, '财务', 'http://10.0.1.149/nextop-finance/api.json', '/finance', 0);
INSERT INTO `mingfeng_config_kind` VALUES (9, '工单', 'http://10.0.1.149/nextop-repair-order/api.json', '/repair', 0);
COMMIT;

-- ----------------------------
-- Table structure for mingfeng_dir
-- ----------------------------
DROP TABLE IF EXISTS `mingfeng_dir`;
CREATE TABLE `mingfeng_dir` (
  `kindDirId` int(3) NOT NULL COMMENT '自定义目录id',
  `kindId` int(3) NOT NULL COMMENT '模块id',
  `dirName` varchar(255) NOT NULL COMMENT '自定义目录名称',
  `kindName` varchar(255) NOT NULL COMMENT '模块名称',
  PRIMARY KEY (`kindDirId`)
) ENGINE=InnoDB DEFAULT CHARSET=utf8;

-- ----------------------------
-- Records of mingfeng_dir
-- ----------------------------
BEGIN;
INSERT INTO `mingfeng_dir` VALUES (101, 1, '商品', '商品');
INSERT INTO `mingfeng_dir` VALUES (102, 1, '物料管理', '商品');
INSERT INTO `mingfeng_dir` VALUES (103, 1, '物料审核', '商品');
INSERT INTO `mingfeng_dir` VALUES (104, 1, '品牌管理', '商品');
INSERT INTO `mingfeng_dir` VALUES (105, 1, '商品管理', '商品');
INSERT INTO `mingfeng_dir` VALUES (106, 1, '分类管理', '商品');
INSERT INTO `mingfeng_dir` VALUES (107, 1, '商品认领', '商品');
INSERT INTO `mingfeng_dir` VALUES (108, 1, '渠道sku', '商品');
INSERT INTO `mingfeng_dir` VALUES (109, 1, '属性管理', '商品');
INSERT INTO `mingfeng_dir` VALUES (110, 1, 'bom管理', '商品');
INSERT INTO `mingfeng_dir` VALUES (201, 2, '采购', '采购');
INSERT INTO `mingfeng_dir` VALUES (202, 2, '供应商管理', '采购');
INSERT INTO `mingfeng_dir` VALUES (203, 2, '供应商SKU管理', '采购');
INSERT INTO `mingfeng_dir` VALUES (204, 2, '采购价格管理', '采购');
INSERT INTO `mingfeng_dir` VALUES (205, 2, '采购计划', '采购');
INSERT INTO `mingfeng_dir` VALUES (206, 2, '采购订单', '采购');
INSERT INTO `mingfeng_dir` VALUES (207, 2, '销售订单', '采购');
INSERT INTO `mingfeng_dir` VALUES (208, 2, '客户管理', '采购');
INSERT INTO `mingfeng_dir` VALUES (209, 2, '物流变更单', '采购');
INSERT INTO `mingfeng_dir` VALUES (210, 2, '采购配置', '采购');
INSERT INTO `mingfeng_dir` VALUES (301, 3, '备货', '备货');
INSERT INTO `mingfeng_dir` VALUES (401, 4, '仓库', '仓库');
INSERT INTO `mingfeng_dir` VALUES (402, 4, '仓库管理', '仓库');
INSERT INTO `mingfeng_dir` VALUES (403, 4, '库位管理', '仓库');
INSERT INTO `mingfeng_dir` VALUES (404, 4, '库区管理', '仓库');
INSERT INTO `mingfeng_dir` VALUES (405, 4, '出入库明细', '仓库');
INSERT INTO `mingfeng_dir` VALUES (406, 4, '库存明细', '仓库');
INSERT INTO `mingfeng_dir` VALUES (407, 4, '其他出入库', '仓库');
INSERT INTO `mingfeng_dir` VALUES (408, 4, '调拨管理', '仓库');
INSERT INTO `mingfeng_dir` VALUES (409, 4, '采购入库单', '仓库');
INSERT INTO `mingfeng_dir` VALUES (410, 4, '组装单', '仓库');
INSERT INTO `mingfeng_dir` VALUES (411, 4, '发货单', '仓库');
INSERT INTO `mingfeng_dir` VALUES (412, 4, '订单包裹', '仓库');
INSERT INTO `mingfeng_dir` VALUES (501, 5, '销售', '销售');
INSERT INTO `mingfeng_dir` VALUES (601, 6, '物流', '物流');
INSERT INTO `mingfeng_dir` VALUES (602, 6, '提货管理用户侧', '物流');
INSERT INTO `mingfeng_dir` VALUES (603, 6, '发货管理', '物流');
INSERT INTO `mingfeng_dir` VALUES (604, 6, '发票管理', '物流');
INSERT INTO `mingfeng_dir` VALUES (605, 6, '发货报关', '物流');
INSERT INTO `mingfeng_dir` VALUES (606, 6, '物流发货变更', '物流');
INSERT INTO `mingfeng_dir` VALUES (607, 6, '物流商发货管理', '物流');
INSERT INTO `mingfeng_dir` VALUES (608, 6, '发货报关基础资料', '物流');
INSERT INTO `mingfeng_dir` VALUES (609, 6, '发货报表', '物流');
INSERT INTO `mingfeng_dir` VALUES (610, 6, '申报价格规则', '物流');
INSERT INTO `mingfeng_dir` VALUES (611, 6, '物流操作日志', '物流');
INSERT INTO `mingfeng_dir` VALUES (612, 6, '提货管理物流商侧', '物流');
INSERT INTO `mingfeng_dir` VALUES (613, 6, '物流运输服务商', '物流');
INSERT INTO `mingfeng_dir` VALUES (614, 6, '发票模板服务', '物流');
INSERT INTO `mingfeng_dir` VALUES (615, 6, '发货报关-物流商平台', '物流');
INSERT INTO `mingfeng_dir` VALUES (616, 6, '出货订单', '物流');
INSERT INTO `mingfeng_dir` VALUES (617, 6, '出货规则', '物流');
INSERT INTO `mingfeng_dir` VALUES (618, 6, '出货订单配货', '物流');
INSERT INTO `mingfeng_dir` VALUES (619, 6, '报关基础资料2.0', '物流');
INSERT INTO `mingfeng_dir` VALUES (620, 6, '通关参数设置', '物流');
INSERT INTO `mingfeng_dir` VALUES (621, 6, '报关基础资料启用规则', '物流');
INSERT INTO `mingfeng_dir` VALUES (622, 6, '报关基础资料', '物流');
INSERT INTO `mingfeng_dir` VALUES (701, 7, '邮件', '邮件');
INSERT INTO `mingfeng_dir` VALUES (702, 7, '收件箱', '邮件');
INSERT INTO `mingfeng_dir` VALUES (703, 7, '我的邮件', '邮件');
INSERT INTO `mingfeng_dir` VALUES (704, 7, '客服组', '邮件');
INSERT INTO `mingfeng_dir` VALUES (705, 7, '发送列表', '邮件');
INSERT INTO `mingfeng_dir` VALUES (706, 7, '邮箱授权', '邮件');
INSERT INTO `mingfeng_dir` VALUES (707, 7, '黑名单', '邮件');
INSERT INTO `mingfeng_dir` VALUES (708, 7, '路由配置', '邮件');
INSERT INTO `mingfeng_dir` VALUES (709, 7, '邮件标签', '邮件');
INSERT INTO `mingfeng_dir` VALUES (710, 7, '邮件模版', '邮件');
INSERT INTO `mingfeng_dir` VALUES (711, 7, '业务类型', '邮件');
INSERT INTO `mingfeng_dir` VALUES (712, 7, '邮箱配置', '邮件');
INSERT INTO `mingfeng_dir` VALUES (713, 7, '知识库', '邮件');
INSERT INTO `mingfeng_dir` VALUES (714, 7, '客户管理', '邮件');
INSERT INTO `mingfeng_dir` VALUES (715, 7, '客服管理', '邮件');
INSERT INTO `mingfeng_dir` VALUES (716, 7, '邮件拉取异常', '邮件');
INSERT INTO `mingfeng_dir` VALUES (717, 7, '工作概览-主管', '邮件');
INSERT INTO `mingfeng_dir` VALUES (718, 7, '工作概览-客服', '邮件');
INSERT INTO `mingfeng_dir` VALUES (719, 7, '坐席报表', '邮件');
INSERT INTO `mingfeng_dir` VALUES (720, 7, '客服组报表', '邮件');
INSERT INTO `mingfeng_dir` VALUES (721, 7, '邮件会话明细', '邮件');
INSERT INTO `mingfeng_dir` VALUES (722, 7, '邮件消息统计', '邮件');
INSERT INTO `mingfeng_dir` VALUES (723, 7, '签名模版', '邮件');
INSERT INTO `mingfeng_dir` VALUES (724, 7, 'API', '邮件');
INSERT INTO `mingfeng_dir` VALUES (801, 8, '默认目录', '财务');
INSERT INTO `mingfeng_dir` VALUES (802, 8, '交易项', '财务');
INSERT INTO `mingfeng_dir` VALUES (803, 8, '会计日历', '财务');
INSERT INTO `mingfeng_dir` VALUES (804, 8, '成本核算', '财务');
INSERT INTO `mingfeng_dir` VALUES (805, 8, '辅助核算', '财务');
INSERT INTO `mingfeng_dir` VALUES (806, 8, '会计账簿', '财务');
INSERT INTO `mingfeng_dir` VALUES (807, 8, '会计科目', '财务');
INSERT INTO `mingfeng_dir` VALUES (808, 8, '会计政策', '财务');
INSERT INTO `mingfeng_dir` VALUES (809, 8, '结算条件', '财务');
INSERT INTO `mingfeng_dir` VALUES (810, 8, '财务中心参数', '财务');
INSERT INTO `mingfeng_dir` VALUES (811, 8, '价格加成系数', '财务');
INSERT INTO `mingfeng_dir` VALUES (812, 8, '采购对账明细', '财务');
INSERT INTO `mingfeng_dir` VALUES (813, 8, '采购对账单', '财务');
INSERT INTO `mingfeng_dir` VALUES (814, 8, '应付结算单', '财务');
INSERT INTO `mingfeng_dir` VALUES (815, 8, '采购发票', '财务');
INSERT INTO `mingfeng_dir` VALUES (816, 8, '采购预付款', '财务');
INSERT INTO `mingfeng_dir` VALUES (817, 8, '采购付款单', '财务');
INSERT INTO `mingfeng_dir` VALUES (818, 8, '核销', '财务');
INSERT INTO `mingfeng_dir` VALUES (819, 8, '存货期初数据', '财务');
INSERT INTO `mingfeng_dir` VALUES (820, 8, '核算执行', '财务');
INSERT INTO `mingfeng_dir` VALUES (821, 8, '存货明细账', '财务');
INSERT INTO `mingfeng_dir` VALUES (822, 8, '调整单', '财务');
INSERT INTO `mingfeng_dir` VALUES (823, 8, '内部销售对账明细', '财务');
INSERT INTO `mingfeng_dir` VALUES (824, 8, '内部采购对账明细', '财务');
INSERT INTO `mingfeng_dir` VALUES (825, 8, '内部应收结算单', '财务');
INSERT INTO `mingfeng_dir` VALUES (826, 8, '内部应付结算单', '财务');
INSERT INTO `mingfeng_dir` VALUES (827, 8, '平台应收结算单', '财务');
INSERT INTO `mingfeng_dir` VALUES (828, 8, '收款单', '财务');
INSERT INTO `mingfeng_dir` VALUES (829, 8, '平台回款查询', '财务');
INSERT INTO `mingfeng_dir` VALUES (901, 9, '默认目录', '工单');
INSERT INTO `mingfeng_dir` VALUES (902, 9, '字段配置', '工单');
INSERT INTO `mingfeng_dir` VALUES (903, 9, '工单模板', '工单');
INSERT INTO `mingfeng_dir` VALUES (904, 9, '工单分类', '工单');
INSERT INTO `mingfeng_dir` VALUES (905, 9, '工单列表', '工单');
INSERT INTO `mingfeng_dir` VALUES (906, 9, '工单过滤器', '工单');
INSERT INTO `mingfeng_dir` VALUES (907, 9, '工单触发器', '工单');
INSERT INTO `mingfeng_dir` VALUES (908, 9, 'SLA时效', '工单');
INSERT INTO `mingfeng_dir` VALUES (909, 9, '礼物发放列表', '工单');
INSERT INTO `mingfeng_dir` VALUES (910, 9, '客诉报表', '工单');
INSERT INTO `mingfeng_dir` VALUES (911, 9, '实物礼品报表', '工单');
INSERT INTO `mingfeng_dir` VALUES (912, 9, '礼品卡报表', '工单');
COMMIT;

-- ----------------------------
-- Table structure for mingfeng_flowcase
-- ----------------------------
DROP TABLE IF EXISTS `mingfeng_flowcase`;
CREATE TABLE `mingfeng_flowcase` (
  `id` int(11) NOT NULL AUTO_INCREMENT COMMENT '用例id',
  `labelId` int(5) NOT NULL COMMENT '业务用例标签id',
  `labelName` varchar(500) NOT NULL COMMENT '业务用例标签名称',
  `tag` varchar(1000) NOT NULL COMMENT '用例描述',
  `name` varchar(1000) NOT NULL COMMENT '接口地址url',
  `method` int(5) NOT NULL COMMENT '请求方法：0：post 1：get',
  `kindId` int(5) NOT NULL,
  `executeId` int(5) DEFAULT NULL COMMENT '用例执行顺序',
  `depend` text COMMENT '依赖用例id',
  `params` text NOT NULL COMMENT '请求参数',
  `randKey` text COMMENT '随机值参数',
  `beforeSql` text,
  `response` text COMMENT '接口返回值',
  `assertion` text COMMENT '断言',
  `afterSql` text,
  `afterDBCheck` text,
  `status` int(5) NOT NULL COMMENT '状态：-1-已删除（不执行），0-待提交（不可执行），1-已提交（可执行），2-已变更（可执行）',
  PRIMARY KEY (`id`)
) ENGINE=InnoDB AUTO_INCREMENT=16 DEFAULT CHARSET=utf8mb4;

-- ----------------------------
-- Records of mingfeng_flowcase
-- ----------------------------
BEGIN;
INSERT INTO `mingfeng_flowcase` VALUES (1, 2, '新增外部供应商', '新增外部供应商', '/purchase/supplier/baseInfo', 0, 8, 1, '', '{\"type\":0,\"code\":\"\",\"fullName\":\"test999\",\"name\":\"test999\",\"companyCode\":\"\",\"companyId\":\"95540569557745664\",\"registerDate\":\"\",\"companyType\":\"\",\"corporate\":\"\",\"registerFund\":\"\",\"businessRegisterNumber\":\"\",\"unifiedSocialCreditCode\":\"786451335135\",\"registerAddress\":\"asdsadsadsa\",\"companyMobile\":\"\",\"website\":\"\",\"mainScope\":\"\",\"groupId\":\"\",\"purchaseType\":\"\",\"level\":\"\",\"payType\":\"4\",\"payTypes\":[4],\"settleType\":\"90942799997349888\",\"settleCurrency\":\"GBP\",\"settleCurrencys\":[\"GBP\"]}', '{     \"randKeys\":[         {             \"path\":\"$.fullName\",             \"type\":2,             \"num\":5         },         {             \"path\":\"$.name\",             \"type\":2,             \"num\":5         },         {             \"path\":\"unifiedSocialCreditCode\",             \"type\":2,             \"num\":10         },         {             \"path\":\"registerAddress\",             \"type\":2,             \"num\":15         }      ] }', '', '{\"code\":\"000000\",\"msg\":\"操作成功\",\"data\":\"159341237026541568\"}', '{     \"assertion\":[         {             \"path\":\"$.code\",             \"keyValue\":\"000000\",             \"checkType\":\"equals\"         } ] }', '', '', 1);
INSERT INTO `mingfeng_flowcase` VALUES (2, 2, '新增外部供应商', '添加供应商联系人', '/purchase/supplier/contact', 0, 1, 2, '{     \"depends\":[         {             \"path\":\"$[0].[\'supplierId\']\",             \"caseId\":1,             \"keyValue\":\"$.data\"         }     ] }', '[{\"id\":\"\",\"contactName\":\"\",\"position\":\"\",\"department\":\"\",\"mobile\":\"13256894578\",\"fax\":\"\",\"email\":\"\",\"qqWw\":\"\",\"address\":\"\",\"defaultFlag\":0,\"status\":1,\"supplierId\":\"\",\"operator\":1,\"divisionId\":1,\"dovosion\":\"\",\"_XID\":\"row_143\"}]', '{     \"randKeys\":[         {             \"path\":\"$[0][\'contactName\']\",             \"type\":2,             \"num\":5         },         {             \"path\":\"$[0].[\'position\']\",             \"type\":2,             \"num\":4         }     ] }', '', '{\"code\":\"000000\",\"msg\":\"操作成功\",\"data\":null}', '{     \"assertion\":[         {             \"path\":\"$.code\",             \"keyValue\":\"000000\",             \"checkType\":\"equals\"         } ] }', '', '', 1);
INSERT INTO `mingfeng_flowcase` VALUES (3, 2, '新增外部供应商', '禁用供应商', '/purchase/supplier/enable', 2, 1, 3, '{     \"depends\":[         {             \"path\":\"$.id\",             \"caseId\":1,             \"keyValue\":\"data\"         }     ] }', '{\"id\":\"\",\"operate\":0}', '', '', '{\"code\":\"000000\",\"msg\":\"操作成功\",\"data\":null}', '{     \"assertion\":[         {             \"path\":\"$.code\",             \"keyValue\":\"000000\",             \"checkType\":\"equals\"         } ] }', '', '', 1);
INSERT INTO `mingfeng_flowcase` VALUES (4, 1, '仓库：其他出入库 ', '【登录】', '/auth/login', 0, 1, 1, '', '{\"account\":\"18888888888\",\"password\":\"Aa123456\",\"captcha\":\"9866\"}', '', '', '{\"code\":\"000000\",\"msg\":\"操作成功\",\"data\":{\"tokenInfo\":{\"token\":\"eyJ0eXAiOiJKV1QiLCJhbGciOiJIUzI1NiJ9.eyJpc3MiOiIwOThmNmJjZDQ2MjFkMzczY2FkZTRlODMyNjI3YjRmNiIsImlhdCI6MTYxNTk0OTIwNCwiYXVkIjoibmV4dG9waXVzZXIiLCJ0ZW5hbnRJZCI6IjEiLCJ1aWQiOiIxIiwiZXhwIjoxNjE2MDM1NjA0LCJuYmYiOjE2MTU5NDkyMDR9.blFit_UhfOUi4npK5557AeCZ55bb9PimHuxO3vYIrP4\",\"expire\":86400},\"userInfo\":{\"id\":\"1\",\"name\":\"超级管理员\",\"phone\":\"18888888888\",\"defaultTenantId\":\"1\",\"defaultTenantName\":\"vantop\",\"expireTime\":1640880000000},\"menus\":null}}', '{     \"assertion\":[         {             \"path\":\"$.code\",             \"keyValue\":\"000000\",             \"checkType\":\"equals\"         } ] }', '', '', 0);
INSERT INTO `mingfeng_flowcase` VALUES (5, 3, '批量接受提货', '新增提货通知', '/logistics/takeCargo', 0, 1, 1, '', '{\"skuList\":[{\"pictureUrl\":\"http://vantop-nextop-test.oss-cn-shenzhen.aliyuncs.com/upload/1596870669278/20210223/115477020175998976.png\",\"sku\":\"C05K-S17FAX-FRBU3A\",\"skuName\":\"C05K-S17FAX-FRBU3A\",\"skuId\":\"115477360566669312\",\"amount\":200,\"box\":15,\"cartons\":[{\"amountOfBox\":\"10\",\"box\":\"10\",\"boxGaugeName\":\"自定义\",\"cartonSizeHeight\":\"7\",\"cartonSizeLength\":\"7\",\"cartonSizeWidth\":\"7\",\"gw\":\"7\",\"operator\":\"\",\"_XID\":\"row_322\",\"boxGaugeId\":null,\"amount\":\"100\",\"isCustom\":1,\"defaultStatus\":null},{\"amountOfBox\":\"20\",\"box\":\"5\",\"boxGaugeName\":\"自定义\",\"cartonSizeHeight\":\"8\",\"cartonSizeLength\":\"8\",\"cartonSizeWidth\":\"8\",\"gw\":\"8\",\"operator\":\"\",\"_XID\":\"row_323\",\"amount\":\"100\",\"boxGaugeId\":null,\"isCustom\":1,\"defaultStatus\":null}],\"cartonsList\":[{\"label\":\"箱规1（默认）：最大装箱数111\",\"value\":\"115477361011265539\"},{\"label\":\"自定义\",\"value\":null}],\"stockNum\":0,\"materialId\":\"115477360566669312\",\"spuId\":\"115477360226930688\",\"skuEnName\":\"C05K-S17FAX-FRBU3A\",\"companyId\":\"75617245016367104\",\"modelCode\":\"202102231013\",\"brandId\":\"67305021262413824\",\"brandName\":\"测试品牌\",\"unit\":\"件\",\"pictureId\":\"115477020175998976\",\"materialsType\":1,\"materialsTypeName\":\"自采\",\"specification\":\"4G\",\"attritionRate\":null,\"cardinalNum\":null,\"dosageForm\":null,\"buyerId\":\"42030496648286208\",\"rootMaterialId\":null,\"originSkuList\":{\"materialId\":\"115477360566669312\",\"spuId\":\"115477360226930688\",\"sku\":\"C05K-S17FAX-FRBU3A\",\"skuName\":\"C05K-S17FAX-FRBU3A\",\"skuEnName\":\"C05K-S17FAX-FRBU3A\",\"companyId\":\"75617245016367104\",\"modelCode\":\"202102231013\",\"brandId\":\"67305021262413824\",\"brandName\":\"测试品牌\",\"unit\":\"件\",\"pictureId\":\"115477020175998976\",\"pictureUrl\":\"http://vantop-nextop-test.oss-cn-shenzhen.aliyuncs.com/upload/1596870669278/20210223/115477020175998976.png\",\"materialsType\":1,\"materialsTypeName\":\"自采\",\"specification\":\"4G\",\"attritionRate\":null,\"cardinalNum\":null,\"dosageForm\":null,\"buyerId\":\"42030496648286208\",\"rootMaterialId\":null},\"skuPictureId\":\"115477020175998976\",\"cartonsOriginList\":[{\"id\":\"115477361011265536\",\"materialsSkuId\":\"115477360566669312\",\"skuId\":null,\"boxGaugeId\":\"115477361011265539\",\"defaultStatus\":1,\"boxLength\":\"101\",\"boxWidth\":\"1\",\"boxHigh\":\"22\",\"boxGrossWeight\":\"12\",\"singleBoxNum\":111,\"remark\":\"25\"}]}],\"delSkuIdList\":[],\"carrier\":\"皮皮速运\",\"carrierId\":\"94096044078510080\",\"expectTakeDate\":1614650400000,\"expectTakeDateYMD\":\"2021-03-02\",\"expectTakeDateHM\":\"10:00\",\"remark\":\"撒旦法算哒发撒旦法撒旦法撒旦法撒旦法算哒发撒旦法撒旦法撒旦法撒旦法算哒发撒旦法撒旦法撒旦法撒旦法算哒发撒旦法撒旦法撒旦法撒旦法算哒发撒旦法撒旦法撒旦法撒旦法算哒发撒旦法撒旦法撒旦法撒旦法算哒发撒旦法撒旦法撒旦法撒旦法算哒发撒旦法撒旦法撒旦法撒旦法算哒发撒旦法撒旦法撒旦法撒旦法算哒发撒旦法撒旦法撒旦法撒旦法算哒发撒旦法撒旦法撒旦法撒旦法算哒发撒旦法撒旦法撒旦法撒旦法算哒发撒旦法撒旦法撒旦法撒旦法算哒发撒旦法撒旦法撒旦法撒旦法算哒发撒旦法撒旦法撒旦法撒旦法算哒发撒旦法撒旦法撒旦法撒旦法算哒发撒旦法撒旦法撒旦法撒旦法算哒发撒旦法撒旦法撒旦法撒旦法算哒发撒旦法撒旦法撒旦法撒旦法算哒发撒旦法撒旦法撒旦法撒旦法算哒发撒旦法撒旦法撒旦法撒旦法算哒发撒旦法撒旦法撒旦法撒旦法算哒发撒旦法撒旦法撒旦法撒旦法算哒发撒旦法撒旦法撒旦法撒旦法算哒发撒旦法撒旦法撒旦法撒旦法算哒发撒旦法撒旦法撒旦法撒旦法算哒发撒旦法撒旦法撒旦法撒旦法算哒发撒旦法撒旦法撒旦法撒旦法算哒发撒旦法撒旦法撒旦法撒旦法算哒发撒旦法撒旦法撒旦法撒旦法算哒发撒旦法撒旦法撒旦法撒旦法算哒发撒旦法撒旦法撒旦法撒旦法算哒发撒旦法撒旦法撒旦法撒旦法算哒\",\"takeAddr\":\"翻身A口\",\"takeAddrDetail\":\"\",\"takeAddrType\":\"\",\"takeName\":\"皮皮1\",\"takeTel\":\"15602471885\",\"expectLeaveDate\":1614614400000,\"transportMode\":\"欧洲空派（自主VAT）\",\"transportType\":1,\"toCountry\":\"美国\",\"toCountryId\":\"15089973239054336\",\"skuId\":\"\",\"isCustoms\":1,\"fba\":0,\"fbaNum\":\"\",\"customsSide\":\"我司\",\"customsSideId\":\"1\",\"buyName\":\"深圳海川体育用品有限公司\",\"buyId\":\"75617245016367104\",\"toStore\":\"WY测试06\",\"toName\":\"皮皮\",\"toTel\":\"15602471993\",\"toAddr\":\"123123/44444\",\"takeStore\":\"皮皮测试专用\",\"takeStoreId\":\"91628699891216384\",\"planNum\":\"\",\"planRemark\":\"\",\"shiftNum\":\"\",\"shiftRemark\":\"\",\"plat\":\"亚马逊平台\",\"platId\":\"16175893728993280\",\"cargoRemark\":\"\",\"supplierId\":\"100706992144457728\",\"supplierName\":\"皮皮供应商\",\"contantChooseId\":\"100708225936302080\",\"countryName\":\"美国\",\"toStoreId\":\"90191192644702208\",\"cloneSkuList\":[]}', '', '', '{\"code\":\"000000\",\"msg\":\"操作成功\",\"data\":[{\"id\":\"125328761037205504\",\"num\":\"W7oNdel210322a008\",\"amount\":200,\"box\":15}]}', '{     \"assertion\":[         {             \"path\":\"$.code\",             \"keyValue\":\"000000\",             \"checkType\":\"equals\"         } ] }', '', '', 0);
INSERT INTO `mingfeng_flowcase` VALUES (6, 3, '批量接受提货', '批量接受提货', '/logistics/takeCargo/batchDriver', 2, 1, 2, '{\"depends\":[ {\"path\":\"$.ids[0]\",\"caseId\":5,\"value\":\"$.data[0].id\"} ] }', '{\"driver\":\"皮皮\",\"driverCarNum\":\"粤B10002\",\"driverCard\":null,\"driverTel\":\"15602471881\",\"ids\":[\"\"]}', '', '', '{\"code\":\"B00999\",\"msg\":\"未知异常\",\"data\":null}', '{     \"assertion\":[         {             \"path\":\"$.code\",             \"keyValue\":\"000000\",             \"checkType\":\"equals\"         } ] }', '', '', 0);
INSERT INTO `mingfeng_flowcase` VALUES (7, 5, '取消提货(待提货)', '新增提货通知', '/logistics/takeCargo', 0, 6, 1, '', '{\"skuList\":[{\"pictureUrl\":\"http://vantop-nextop-test.oss-cn-shenzhen.aliyuncs.com/upload/1596870669278/20210223/115477020175998976.png\",\"sku\":\"C05K-S17FAX-FRBU3A\",\"skuName\":\"C05K-S17FAX-FRBU3A\",\"skuId\":\"115477360566669312\",\"amount\":200,\"box\":15,\"cartons\":[{\"amountOfBox\":\"10\",\"box\":\"10\",\"boxGaugeName\":\"自定义\",\"cartonSizeHeight\":\"7\",\"cartonSizeLength\":\"7\",\"cartonSizeWidth\":\"7\",\"gw\":\"7\",\"operator\":\"\",\"_XID\":\"row_322\",\"boxGaugeId\":null,\"amount\":\"100\",\"isCustom\":1,\"defaultStatus\":null},{\"amountOfBox\":\"20\",\"box\":\"5\",\"boxGaugeName\":\"自定义\",\"cartonSizeHeight\":\"8\",\"cartonSizeLength\":\"8\",\"cartonSizeWidth\":\"8\",\"gw\":\"8\",\"operator\":\"\",\"_XID\":\"row_323\",\"amount\":\"100\",\"boxGaugeId\":null,\"isCustom\":1,\"defaultStatus\":null}],\"cartonsList\":[{\"label\":\"箱规1（默认）：最大装箱数111\",\"value\":\"115477361011265539\"},{\"label\":\"自定义\",\"value\":null}],\"stockNum\":0,\"materialId\":\"115477360566669312\",\"spuId\":\"115477360226930688\",\"skuEnName\":\"C05K-S17FAX-FRBU3A\",\"companyId\":\"75617245016367104\",\"modelCode\":\"202102231013\",\"brandId\":\"67305021262413824\",\"brandName\":\"测试品牌\",\"unit\":\"件\",\"pictureId\":\"115477020175998976\",\"materialsType\":1,\"materialsTypeName\":\"自采\",\"specification\":\"4G\",\"attritionRate\":null,\"cardinalNum\":null,\"dosageForm\":null,\"buyerId\":\"42030496648286208\",\"rootMaterialId\":null,\"originSkuList\":{\"materialId\":\"115477360566669312\",\"spuId\":\"115477360226930688\",\"sku\":\"C05K-S17FAX-FRBU3A\",\"skuName\":\"C05K-S17FAX-FRBU3A\",\"skuEnName\":\"C05K-S17FAX-FRBU3A\",\"companyId\":\"75617245016367104\",\"modelCode\":\"202102231013\",\"brandId\":\"67305021262413824\",\"brandName\":\"测试品牌\",\"unit\":\"件\",\"pictureId\":\"115477020175998976\",\"pictureUrl\":\"http://vantop-nextop-test.oss-cn-shenzhen.aliyuncs.com/upload/1596870669278/20210223/115477020175998976.png\",\"materialsType\":1,\"materialsTypeName\":\"自采\",\"specification\":\"4G\",\"attritionRate\":null,\"cardinalNum\":null,\"dosageForm\":null,\"buyerId\":\"42030496648286208\",\"rootMaterialId\":null},\"skuPictureId\":\"115477020175998976\",\"cartonsOriginList\":[{\"id\":\"115477361011265536\",\"materialsSkuId\":\"115477360566669312\",\"skuId\":null,\"boxGaugeId\":\"115477361011265539\",\"defaultStatus\":1,\"boxLength\":\"101\",\"boxWidth\":\"1\",\"boxHigh\":\"22\",\"boxGrossWeight\":\"12\",\"singleBoxNum\":111,\"remark\":\"25\"}]}],\"delSkuIdList\":[],\"carrier\":\"皮皮速运\",\"carrierId\":\"94096044078510080\",\"expectTakeDate\":1614650400000,\"expectTakeDateYMD\":\"2021-03-02\",\"expectTakeDateHM\":\"10:00\",\"remark\":\"撒旦法算哒发撒旦法撒旦法撒旦法撒旦法算哒发撒旦法撒旦法撒旦法撒旦法算哒发撒旦法撒旦法撒旦法撒旦法算哒发撒旦法撒旦法撒旦法撒旦法算哒发撒旦法撒旦法撒旦法撒旦法算哒发撒旦法撒旦法撒旦法撒旦法算哒发撒旦法撒旦法撒旦法撒旦法算哒发撒旦法撒旦法撒旦法撒旦法算哒发撒旦法撒旦法撒旦法撒旦法算哒发撒旦法撒旦法撒旦法撒旦法算哒发撒旦法撒旦法撒旦法撒旦法算哒发撒旦法撒旦法撒旦法撒旦法算哒发撒旦法撒旦法撒旦法撒旦法算哒发撒旦法撒旦法撒旦法撒旦法算哒发撒旦法撒旦法撒旦法撒旦法算哒发撒旦法撒旦法撒旦法撒旦法算哒发撒旦法撒旦法撒旦法撒旦法算哒发撒旦法撒旦法撒旦法撒旦法算哒发撒旦法撒旦法撒旦法撒旦法算哒发撒旦法撒旦法撒旦法撒旦法算哒发撒旦法撒旦法撒旦法撒旦法算哒发撒旦法撒旦法撒旦法撒旦法算哒发撒旦法撒旦法撒旦法撒旦法算哒发撒旦法撒旦法撒旦法撒旦法算哒发撒旦法撒旦法撒旦法撒旦法算哒发撒旦法撒旦法撒旦法撒旦法算哒发撒旦法撒旦法撒旦法撒旦法算哒发撒旦法撒旦法撒旦法撒旦法算哒发撒旦法撒旦法撒旦法撒旦法算哒发撒旦法撒旦法撒旦法撒旦法算哒发撒旦法撒旦法撒旦法撒旦法算哒发撒旦法撒旦法撒旦法撒旦法算哒发撒旦法撒旦法撒旦法撒旦法算哒\",\"takeAddr\":\"翻身A口\",\"takeAddrDetail\":\"\",\"takeAddrType\":\"\",\"takeName\":\"皮皮1\",\"takeTel\":\"15602471885\",\"expectLeaveDate\":1614614400000,\"transportMode\":\"欧洲空派（自主VAT）\",\"transportType\":1,\"toCountry\":\"美国\",\"toCountryId\":\"15089973239054336\",\"skuId\":\"\",\"isCustoms\":1,\"fba\":0,\"fbaNum\":\"\",\"customsSide\":\"我司\",\"customsSideId\":\"1\",\"buyName\":\"深圳海川体育用品有限公司\",\"buyId\":\"75617245016367104\",\"toStore\":\"WY测试06\",\"toName\":\"皮皮\",\"toTel\":\"15602471993\",\"toAddr\":\"123123/44444\",\"takeStore\":\"皮皮测试专用\",\"takeStoreId\":\"91628699891216384\",\"planNum\":\"\",\"planRemark\":\"\",\"shiftNum\":\"\",\"shiftRemark\":\"\",\"plat\":\"亚马逊平台\",\"platId\":\"16175893728993280\",\"cargoRemark\":\"\",\"supplierId\":\"100706992144457728\",\"supplierName\":\"皮皮供应商\",\"contantChooseId\":\"100708225936302080\",\"countryName\":\"美国\",\"toStoreId\":\"90191192644702208\",\"cloneSkuList\":[]}', '', '', '{\"code\":\"000000\",\"msg\":\"操作成功\",\"data\":[{\"id\":\"125292447441039360\",\"num\":\"W7oNdel210322a007\",\"amount\":200,\"box\":15}]}', '{     \"assertion\":[         {             \"path\":\"$.code\",             \"keyValue\":\"000000\",             \"checkType\":\"equals\"         } ] }', '', '', 0);
INSERT INTO `mingfeng_flowcase` VALUES (8, 5, '取消提货(待提货)', '新增提货通知', '/logistics/takeCargo', 0, 6, 1, '', '{\"skuList\":[{\"pictureUrl\":\"http://vantop-nextop-test.oss-cn-shenzhen.aliyuncs.com/upload/1596870669278/20210223/115477020175998976.png\",\"sku\":\"C05K-S17FAX-FRBU3A\",\"skuName\":\"C05K-S17FAX-FRBU3A\",\"skuId\":\"115477360566669312\",\"amount\":200,\"box\":15,\"cartons\":[{\"amountOfBox\":\"10\",\"box\":\"10\",\"boxGaugeName\":\"自定义\",\"cartonSizeHeight\":\"7\",\"cartonSizeLength\":\"7\",\"cartonSizeWidth\":\"7\",\"gw\":\"7\",\"operator\":\"\",\"_XID\":\"row_322\",\"boxGaugeId\":null,\"amount\":\"100\",\"isCustom\":1,\"defaultStatus\":null},{\"amountOfBox\":\"20\",\"box\":\"5\",\"boxGaugeName\":\"自定义\",\"cartonSizeHeight\":\"8\",\"cartonSizeLength\":\"8\",\"cartonSizeWidth\":\"8\",\"gw\":\"8\",\"operator\":\"\",\"_XID\":\"row_323\",\"amount\":\"100\",\"boxGaugeId\":null,\"isCustom\":1,\"defaultStatus\":null}],\"cartonsList\":[{\"label\":\"箱规1（默认）：最大装箱数111\",\"value\":\"115477361011265539\"},{\"label\":\"自定义\",\"value\":null}],\"stockNum\":0,\"materialId\":\"115477360566669312\",\"spuId\":\"115477360226930688\",\"skuEnName\":\"C05K-S17FAX-FRBU3A\",\"companyId\":\"75617245016367104\",\"modelCode\":\"202102231013\",\"brandId\":\"67305021262413824\",\"brandName\":\"测试品牌\",\"unit\":\"件\",\"pictureId\":\"115477020175998976\",\"materialsType\":1,\"materialsTypeName\":\"自采\",\"specification\":\"4G\",\"attritionRate\":null,\"cardinalNum\":null,\"dosageForm\":null,\"buyerId\":\"42030496648286208\",\"rootMaterialId\":null,\"originSkuList\":{\"materialId\":\"115477360566669312\",\"spuId\":\"115477360226930688\",\"sku\":\"C05K-S17FAX-FRBU3A\",\"skuName\":\"C05K-S17FAX-FRBU3A\",\"skuEnName\":\"C05K-S17FAX-FRBU3A\",\"companyId\":\"75617245016367104\",\"modelCode\":\"202102231013\",\"brandId\":\"67305021262413824\",\"brandName\":\"测试品牌\",\"unit\":\"件\",\"pictureId\":\"115477020175998976\",\"pictureUrl\":\"http://vantop-nextop-test.oss-cn-shenzhen.aliyuncs.com/upload/1596870669278/20210223/115477020175998976.png\",\"materialsType\":1,\"materialsTypeName\":\"自采\",\"specification\":\"4G\",\"attritionRate\":null,\"cardinalNum\":null,\"dosageForm\":null,\"buyerId\":\"42030496648286208\",\"rootMaterialId\":null},\"skuPictureId\":\"115477020175998976\",\"cartonsOriginList\":[{\"id\":\"115477361011265536\",\"materialsSkuId\":\"115477360566669312\",\"skuId\":null,\"boxGaugeId\":\"115477361011265539\",\"defaultStatus\":1,\"boxLength\":\"101\",\"boxWidth\":\"1\",\"boxHigh\":\"22\",\"boxGrossWeight\":\"12\",\"singleBoxNum\":111,\"remark\":\"25\"}]}],\"delSkuIdList\":[],\"carrier\":\"皮皮速运\",\"carrierId\":\"94096044078510080\",\"expectTakeDate\":1614650400000,\"expectTakeDateYMD\":\"2021-03-02\",\"expectTakeDateHM\":\"10:00\",\"remark\":\"撒旦法算哒发撒旦法撒旦法撒旦法撒旦法算哒发撒旦法撒旦法撒旦法撒旦法算哒发撒旦法撒旦法撒旦法撒旦法算哒发撒旦法撒旦法撒旦法撒旦法算哒发撒旦法撒旦法撒旦法撒旦法算哒发撒旦法撒旦法撒旦法撒旦法算哒发撒旦法撒旦法撒旦法撒旦法算哒发撒旦法撒旦法撒旦法撒旦法算哒发撒旦法撒旦法撒旦法撒旦法算哒发撒旦法撒旦法撒旦法撒旦法算哒发撒旦法撒旦法撒旦法撒旦法算哒发撒旦法撒旦法撒旦法撒旦法算哒发撒旦法撒旦法撒旦法撒旦法算哒发撒旦法撒旦法撒旦法撒旦法算哒发撒旦法撒旦法撒旦法撒旦法算哒发撒旦法撒旦法撒旦法撒旦法算哒发撒旦法撒旦法撒旦法撒旦法算哒发撒旦法撒旦法撒旦法撒旦法算哒发撒旦法撒旦法撒旦法撒旦法算哒发撒旦法撒旦法撒旦法撒旦法算哒发撒旦法撒旦法撒旦法撒旦法算哒发撒旦法撒旦法撒旦法撒旦法算哒发撒旦法撒旦法撒旦法撒旦法算哒发撒旦法撒旦法撒旦法撒旦法算哒发撒旦法撒旦法撒旦法撒旦法算哒发撒旦法撒旦法撒旦法撒旦法算哒发撒旦法撒旦法撒旦法撒旦法算哒发撒旦法撒旦法撒旦法撒旦法算哒发撒旦法撒旦法撒旦法撒旦法算哒发撒旦法撒旦法撒旦法撒旦法算哒发撒旦法撒旦法撒旦法撒旦法算哒发撒旦法撒旦法撒旦法撒旦法算哒发撒旦法撒旦法撒旦法撒旦法算哒\",\"takeAddr\":\"翻身A口\",\"takeAddrDetail\":\"\",\"takeAddrType\":\"\",\"takeName\":\"皮皮1\",\"takeTel\":\"15602471885\",\"expectLeaveDate\":1614614400000,\"transportMode\":\"欧洲空派（自主VAT）\",\"transportType\":1,\"toCountry\":\"美国\",\"toCountryId\":\"15089973239054336\",\"skuId\":\"\",\"isCustoms\":1,\"fba\":0,\"fbaNum\":\"\",\"customsSide\":\"我司\",\"customsSideId\":\"1\",\"buyName\":\"深圳海川体育用品有限公司\",\"buyId\":\"75617245016367104\",\"toStore\":\"WY测试06\",\"toName\":\"皮皮\",\"toTel\":\"15602471993\",\"toAddr\":\"123123/44444\",\"takeStore\":\"皮皮测试专用\",\"takeStoreId\":\"91628699891216384\",\"planNum\":\"\",\"planRemark\":\"\",\"shiftNum\":\"\",\"shiftRemark\":\"\",\"plat\":\"亚马逊平台\",\"platId\":\"16175893728993280\",\"cargoRemark\":\"\",\"supplierId\":\"100706992144457728\",\"supplierName\":\"皮皮供应商\",\"contantChooseId\":\"100708225936302080\",\"countryName\":\"美国\",\"toStoreId\":\"90191192644702208\",\"cloneSkuList\":[]}', '', '', NULL, '{     \"assertion\":[         {             \"path\":\"$.code\",             \"keyValue\":\"000000\",             \"checkType\":\"equals\"         } ] }', '', '', 0);
INSERT INTO `mingfeng_flowcase` VALUES (10, 8, '创建物料sku-转为生产-生成渠道sku', '添加物料', '/goods/materials/spu', 0, 1, 1, '', '{\"brandId\":\"118090943969570816\",\"categoryId\":\"81079683040194563\",\"buyerId\":\"69847548917358592\",\"developerId\":\"69847548917358592\",\"inventoryType\":1,\"platformIdList\":[\"16175893728993280\"],\"materialsType\":null,\"cnName\":\"添加SKU中文名称\",\"enName\":\"ENMSDD\",\"modelCode\":\"KMSK\",\"unit\":3,\"pictureUrl\":\"\",\"propertyKeyList\":[{\"id\":\"1\",\"tenantId\":\"0\",\"cnName\":\"品牌\",\"enName\":\"brand\",\"cnValue\":\"118090943969570816\",\"enValue\":\",,,,,,,,,,,,,,,,,,,,,\",\"remark\":\"初始化数据\",\"status\":0,\"type\":1,\"hide\":null,\"mode\":null,\"propertyModeVO\":{\"id\":\"1\",\"propertyId\":\"1\",\"mode\":4,\"valueLength\":0,\"decimalPoint\":0,\"datePattern\":0,\"modeName\":\"单选列表\",\"datePatternName\":null},\"categoryPropertyType\":1,\"propertyType\":1,\"propertyTypeStr\":null,\"stage\":0,\"standardName\":null,\"propertyKeyId\":\"1\",\"propertyOptionList\":[{\"propertyOptionId\":\"118090943969570816\"}]},{\"id\":\"2\",\"tenantId\":\"0\",\"cnName\":\"型号\",\"enName\":\"model\",\"cnValue\":\"KMSK\",\"enValue\":null,\"remark\":\"初始化数据\",\"status\":0,\"type\":1,\"hide\":null,\"mode\":null,\"propertyModeVO\":{\"id\":\"2\",\"propertyId\":\"2\",\"mode\":1,\"valueLength\":30,\"decimalPoint\":0,\"datePattern\":0,\"modeName\":\"文本\",\"datePatternName\":null},\"propertyOptionVOs\":null,\"categoryPropertyType\":1,\"propertyType\":1,\"propertyTypeStr\":null,\"stage\":0,\"standardName\":null,\"propertyKeyId\":\"2\",\"propertyOptionList\":[{\"cnName\":\"KMSK\"}]},{\"id\":\"29728660900188160\",\"tenantId\":\"0\",\"cnName\":\"显示器类型\",\"enName\":\"Display type\",\"cnValue\":\"29728661244121088\",\"enValue\":\"AMOLED,CRT,LED full-array,LED-backlit,LED-sidelit,OLED,Organic EL,Passive matrix\",\"remark\":\"\",\"status\":0,\"type\":2,\"hide\":0,\"mode\":null,\"propertyModeVO\":{\"id\":\"29728661072154624\",\"propertyId\":\"29728660900188160\",\"mode\":4,\"valueLength\":0,\"decimalPoint\":0,\"datePattern\":0,\"modeName\":\"单选列表\",\"datePatternName\":null},\"categoryPropertyType\":1,\"propertyType\":1,\"propertyTypeStr\":null,\"stage\":0,\"standardName\":null,\"propertyKeyId\":\"29728660900188160\",\"propertyOptionList\":[{\"propertyOptionId\":\"29728661244121088\"}]},{\"id\":\"29728665715249152\",\"tenantId\":\"0\",\"cnName\":\"色卡\",\"enName\":\"Colour atla\",\"cnValue\":\"29728666210177024\",\"enValue\":\"Brown,Gold,Blue,Multi,Orange,Red\",\"remark\":\"\",\"status\":0,\"type\":2,\"hide\":0,\"mode\":null,\"propertyModeVO\":{\"id\":\"29728665883021312\",\"propertyId\":\"29728665715249152\",\"mode\":4,\"valueLength\":0,\"decimalPoint\":0,\"datePattern\":0,\"modeName\":\"单选列表\",\"datePatternName\":null},\"categoryPropertyType\":2,\"propertyType\":1,\"propertyTypeStr\":null,\"stage\":0,\"standardName\":null,\"propertyKeyId\":\"29728665715249152\",\"propertyOptionList\":[{\"propertyOptionId\":\"29728666210177024\"}]}],\"materialsSkuSaveList\":[{\"sku\":\"SKU32500X1\",\"cnName\":\"SKU32500X1中文名\",\"enName\":\"SKU32500X1enname\",\"remark\":\"备注x1\",\"grossWeight\":\"5\",\"height\":\"5\",\"length\":\"5\",\"modelCode\":\"\",\"netWeight\":\"5\",\"packageHeight\":\"5\",\"packageLength\":\"5\",\"packageWidth\":\"5\",\"pictureImg\":[],\"fileList\":[],\"checkStatus\":0,\"productionType\":0,\"companyList\":[{\"companyId\":\"120656384108978176\",\"inventoryType\":1,\"materialsType\":1}],\"boxGaugeList\":[{\"defaultStatus\":1,\"boxLength\":\"5\",\"boxWidth\":\"5\",\"boxHigh\":\"5\",\"boxGrossWeight\":\"5\",\"singleBoxNum\":\"5\",\"remark\":\"5\"}],\"transport\":{\"customsClearanceType\":\"5\",\"chineseMaterial\":\"5\",\"englishMaterial\":\"5\",\"chineseUsage\":\"5\",\"englishUsage\":\"5\",\"magnetic\":1,\"charged\":0},\"width\":\"5\",\"status\":1,\"specPropertyKeyList\":[{\"PropertyKeyId\":\"29728651219734528\",\"PropertyKeyValue\":\"颜色\",\"optionKeyId\":\"105751922402328576\",\"propertyKeyId\":\"29728651219734528\",\"keyOptionId\":\"105751922402328576\",\"propertyModeVO\":{\"id\":\"29728651395895296\",\"propertyId\":\"29728651219734528\",\"mode\":5,\"valueLength\":0,\"decimalPoint\":0,\"datePattern\":0,\"modeName\":\"多选列表\",\"datePatternName\":null},\"tablePropKey\":\"浅蓝色\",\"stage\":0,\"propertyOptionList\":[{\"propertyOptionId\":\"105751922402328576\"}],\"29728651219734528\":\"浅蓝色\"},{\"PropertyKeyId\":\"90937191822958592\",\"PropertyKeyValue\":\"包装材料\",\"optionKeyId\":\"90937191864901632\",\"propertyKeyId\":\"90937191822958592\",\"keyOptionId\":\"90937191864901632\",\"propertyModeVO\":{\"id\":\"90937191835541504\",\"propertyId\":\"90937191822958592\",\"mode\":5,\"valueLength\":0,\"decimalPoint\":0,\"datePattern\":0,\"modeName\":\"多选列表\",\"datePatternName\":null},\"tablePropKey\":\"纸箱-大号\",\"stage\":0,\"propertyOptionList\":[{\"propertyOptionId\":\"90937191864901632\"}],\"90937191822958592\":\"纸箱-大号\"},{\"PropertyKeyId\":\"90937934013440000\",\"PropertyKeyValue\":\"电源线\",\"optionKeyId\":\"90937934034411521\",\"propertyKeyId\":\"90937934013440000\",\"keyOptionId\":\"90937934034411521\",\"propertyModeVO\":{\"id\":\"90937934026022912\",\"propertyId\":\"90937934013440000\",\"mode\":5,\"valueLength\":0,\"decimalPoint\":0,\"datePattern\":0,\"modeName\":\"多选列表\",\"datePatternName\":null},\"tablePropKey\":\"20w\",\"stage\":0,\"propertyOptionList\":[{\"propertyOptionId\":\"90937934034411521\"}],\"90937934013440000\":\"20w\"}],\"condition\":[\"105751922402328576\",\"90937191864901632\",\"90937934034411521\"],\"105751922402328576\":\"105751922402328576\",\"90937191864901632\":\"90937191864901632\",\"90937934034411521\":\"90937934034411521\",\"rowIndex\":0,\"_XID\":\"row_86\",\"id\":null,\"pictureUrl\":\"\",\"fileIds\":\"\"},{\"sku\":\"SKU32500X2\",\"cnName\":\"SKU32500X2中文名\",\"enName\":\"SKU32500X2enname\",\"remark\":\"备注x2\",\"grossWeight\":\"6\",\"height\":\"6\",\"length\":\"6\",\"modelCode\":\"\",\"netWeight\":\"6\",\"packageHeight\":\"6\",\"packageLength\":\"6\",\"packageWidth\":\"6\",\"pictureImg\":[],\"fileList\":[],\"checkStatus\":0,\"productionType\":0,\"companyList\":[{\"companyId\":\"120656384108978176\",\"inventoryType\":1,\"materialsType\":1}],\"boxGaugeList\":[{\"defaultStatus\":1,\"boxLength\":\"6\",\"boxWidth\":\"6\",\"boxHigh\":\"6\",\"boxGrossWeight\":\"6\",\"singleBoxNum\":\"6\",\"remark\":\"6\"}],\"transport\":{\"customsClearanceType\":\"6\",\"chineseMaterial\":\"6\",\"englishMaterial\":\"6\",\"chineseUsage\":\"6\",\"englishUsage\":\"6\",\"magnetic\":1,\"charged\":0},\"width\":\"6\",\"status\":1,\"specPropertyKeyList\":[{\"PropertyKeyId\":\"29728651219734528\",\"PropertyKeyValue\":\"颜色\",\"optionKeyId\":\"105751922402328576\",\"propertyKeyId\":\"29728651219734528\",\"keyOptionId\":\"105751922402328576\",\"propertyModeVO\":{\"id\":\"29728651395895296\",\"propertyId\":\"29728651219734528\",\"mode\":5,\"valueLength\":0,\"decimalPoint\":0,\"datePattern\":0,\"modeName\":\"多选列表\",\"datePatternName\":null},\"tablePropKey\":\"浅蓝色\",\"stage\":0,\"propertyOptionList\":[{\"propertyOptionId\":\"105751922402328576\"}],\"29728651219734528\":\"浅蓝色\"},{\"PropertyKeyId\":\"90937191822958592\",\"PropertyKeyValue\":\"包装材料\",\"optionKeyId\":\"90937191864901635\",\"propertyKeyId\":\"90937191822958592\",\"keyOptionId\":\"90937191864901635\",\"propertyModeVO\":{\"id\":\"90937191835541504\",\"propertyId\":\"90937191822958592\",\"mode\":5,\"valueLength\":0,\"decimalPoint\":0,\"datePattern\":0,\"modeName\":\"多选列表\",\"datePatternName\":null},\"tablePropKey\":\"铁箱-小号\",\"stage\":0,\"propertyOptionList\":[{\"propertyOptionId\":\"90937191864901635\"}],\"90937191822958592\":\"铁箱-小号\"},{\"PropertyKeyId\":\"90937934013440000\",\"PropertyKeyValue\":\"电源线\",\"optionKeyId\":\"90937934034411521\",\"propertyKeyId\":\"90937934013440000\",\"keyOptionId\":\"90937934034411521\",\"propertyModeVO\":{\"id\":\"90937934026022912\",\"propertyId\":\"90937934013440000\",\"mode\":5,\"valueLength\":0,\"decimalPoint\":0,\"datePattern\":0,\"modeName\":\"多选列表\",\"datePatternName\":null},\"tablePropKey\":\"20w\",\"stage\":0,\"propertyOptionList\":[{\"propertyOptionId\":\"90937934034411521\"}],\"90937934013440000\":\"20w\"}],\"condition\":[\"105751922402328576\",\"90937191864901635\",\"90937934034411521\"],\"105751922402328576\":\"105751922402328576\",\"90937191864901635\":\"90937191864901635\",\"90937934034411521\":\"90937934034411521\",\"rowIndex\":1,\"_XID\":\"row_87\",\"id\":null,\"pictureUrl\":\"\",\"fileIds\":\"\"}]}', '{\"randKeys\":[  {\"path\":\"$.modelCode\",\"type\":2,\"num\":8}, {\"path\":\"$.materialsSkuSaveList[0].sku\",\"type\":2,\"num\":8}, {\"path\":\"$.materialsSkuSaveList[0].cnName\",\"type\":2,\"num\":12} ,{\"path\":\"$.materialsSkuSaveList[1].sku\",\"type\":2,\"num\":8}, {\"path\":\"$.materialsSkuSaveList[1].cnName\",\"type\":2,\"num\":12}] }', '', '{\"code\":\"000000\",\"msg\":\"操作成功\",\"data\":126423942427521024}', '{     \"assertion\":[         {             \"path\":\"$.code\",             \"keyValue\":\"000000\",             \"checkType\":\"equals\"         } ] }', '', '', 0);
INSERT INTO `mingfeng_flowcase` VALUES (11, 8, '创建物料sku-转为生产-生成渠道sku', '选择物料SPU转为生产', '/goods/materials/spu/check', 0, 1, 2, '{\"depends\":[ {\"path\":\"$.spuIdList[0]\",\"caseId\":1,\"value\":\"$.data\"}] }', '{\"spuIdList\":[\"126415019209338880\"],\"action\":2}', '', '', '{\"code\":\"B00999\",\"msg\":\"未知异常\",\"data\":null}', '{     \"assertion\":[         {             \"path\":\"$.code\",             \"keyValue\":\"000000\",             \"checkType\":\"equals\"         } ] }', '', '', 0);
INSERT INTO `mingfeng_flowcase` VALUES (12, 4, '其他出入库开单', '新增其他入库单', '/warehouse/other/info', 0, 1, 1, '', '{\"list\":[{\"frontId\":\"4ec717fd-b536-4380-8728-49153c7e484e\",\"materialId\":\"88689512438870016\",\"materialSku\":\"WYTEST1\",\"materialName\":\"WYTEST1\",\"quantity\":\"1\",\"unitPrice\":\"0.00\",\"locationCode\":\"\",\"locationId\":\"\",\"isEmptyError\":false,\"locationOpe\":\"选择库位\",\"inType\":\"0\",\"inTypeShow\":\"\",\"warehouseId\":\"106774078027829248\",\"warehouseName\":\"订单包裹7\",\"companyId\":\"75617245016367104\",\"companyName\":\"深圳海川体育用品有限公司\",\"sourceOrderNo\":\"\",\"remark\":\"\"}],\"deleteIds\":[]}', '', '', '{\"code\":\"000000\",\"msg\":\"操作成功\",\"data\":null}', '{     \"assertion\":[         {             \"path\":\"$.code\",             \"keyValue\":\"000000\",             \"checkType\":\"equals\"         } ] }', '', '', 1);
INSERT INTO `mingfeng_flowcase` VALUES (13, 4, '其他出入库开单', '其他出入库查询', '/warehouse/other/page', 1, 4, 2, '', '?handleSKU=&timeType=1&beginTime=&endTime=&beginAuthTime=&endAuthTime=&createUser=&authUser=&documentNo=&sourceOrderNo=&current=1&size=20&memberType=createUser&remarkType=remark&sku=', '', '', NULL, '{     \"assertion\":[         {             \"path\":\"$.code\",             \"keyValue\":\"000000\",             \"checkType\":\"equals\"         } ] }', '', '', 1);
INSERT INTO `mingfeng_flowcase` VALUES (14, 9, '财务新增辅助核算', '辅助核算 - 导出辅助核算明细', '/finance/accounting/auxiliary/download', 1, 8, 1, '', 'pageSize=20&pageNo=1&auxiliaryTypeId=61489800046149632&', '', '', '', '', '', '', 0);
INSERT INTO `mingfeng_flowcase` VALUES (15, 8, '创建物料sku-转为生产-生成渠道sku', '详情', '/purchase/price/details', 1, 2, 3, '', '?id=138780546809798656', '', '', '', '{\"assertion\":[ {\"path\":\"$.code\", \"keyValue\":\"000000\",\"checkType\":\"equals\"}] }', '', '', 0);
COMMIT;

-- ----------------------------
-- Table structure for mingfeng_flowlabel
-- ----------------------------
DROP TABLE IF EXISTS `mingfeng_flowlabel`;
CREATE TABLE `mingfeng_flowlabel` (
  `id` int(10) NOT NULL AUTO_INCREMENT COMMENT 'id序号',
  `kindId` int(5) NOT NULL COMMENT '模块ID',
  `labelName` varchar(50) CHARACTER SET utf8 NOT NULL COMMENT '场景便签名称',
  `labelDescription` varchar(100) CHARACTER SET utf8 DEFAULT NULL COMMENT '场景便签描述',
  `accountId` int(5) NOT NULL COMMENT 'accountId',
  `status` int(5) NOT NULL COMMENT '状态：-1-已失效（不可执行），0-待提交（未添加完毕），1-已完成（可执行）',
  `userId` bigint(20) NOT NULL COMMENT '添加人id',
  `isOpen` int(5) NOT NULL COMMENT '是否公开显示：0-仅自己可见，1-所有人可见',
  `createTime` datetime(5) NOT NULL ON UPDATE CURRENT_TIMESTAMP(5) COMMENT '更新时间',
  PRIMARY KEY (`id`)
) ENGINE=InnoDB AUTO_INCREMENT=13 DEFAULT CHARSET=utf8mb4;

-- ----------------------------
-- Records of mingfeng_flowlabel
-- ----------------------------
BEGIN;
INSERT INTO `mingfeng_flowlabel` VALUES (1, 4, '仓库：其他出入库 ', '创建入库单》审核》查询商品数量', 15, 1, 13534173939, 0, '2021-05-25 10:56:07.46706');
INSERT INTO `mingfeng_flowlabel` VALUES (2, 2, '新增外部供应商', '新增》编辑联系人》禁用', 15, 1, 13534173939, 1, '2021-05-25 10:55:51.97859');
INSERT INTO `mingfeng_flowlabel` VALUES (3, 6, '批量接受提货', '批量接受提货', 5, 1, 15602471881, 0, '2021-03-17 14:47:42.00000');
INSERT INTO `mingfeng_flowlabel` VALUES (4, 4, '其他出入库开单', '', 6, 0, 15521293240, 0, '2021-03-30 17:24:59.00000');
INSERT INTO `mingfeng_flowlabel` VALUES (5, 6, '取消提货(待提货)', '取消提货(待提货)', 5, 0, 15602471881, 0, '2021-03-19 15:59:30.00000');
INSERT INTO `mingfeng_flowlabel` VALUES (6, 6, '发货流程', '', 3, 0, 15071493714, 0, '2021-03-18 15:43:27.00000');
INSERT INTO `mingfeng_flowlabel` VALUES (7, 6, '制作发票', '', 3, 0, 15071493714, 0, '2021-03-18 15:58:40.00000');
INSERT INTO `mingfeng_flowlabel` VALUES (8, 1, '创建物料sku-转为生产-生成渠道sku', '', 15, 0, 13534173939, 1, '2021-05-14 18:45:34.58061');
INSERT INTO `mingfeng_flowlabel` VALUES (9, 8, '财务新增辅助核算', '财务新增辅助核算', 9, 0, 13615719101, 1, '2021-05-18 03:34:37.00000');
INSERT INTO `mingfeng_flowlabel` VALUES (10, 2, '采购供应商管理', '新增>添加财务信息>编辑添加联系人>启用>查看详情>禁用', 15, 0, 13534173939, 0, '2021-05-25 02:58:37.00000');
INSERT INTO `mingfeng_flowlabel` VALUES (12, 2, '供应商SKU管理：供应商维度', '新增>编辑>启用>禁用>终止', 15, 0, 13534173939, 0, '2021-05-25 03:04:29.00000');
COMMIT;

-- ----------------------------
-- Table structure for mingfeng_report
-- ----------------------------
DROP TABLE IF EXISTS `mingfeng_report`;
CREATE TABLE `mingfeng_report` (
  `id` int(5) NOT NULL AUTO_INCREMENT,
  `taskId` varchar(255) NOT NULL COMMENT '任务ID',
  `labelName` varchar(255) DEFAULT NULL COMMENT '流程用例标签名',
  `executeId` varchar(255) DEFAULT NULL COMMENT '流程用例执行顺序',
  `kindName` varchar(50) NOT NULL COMMENT '所属模块',
  `tag` varchar(255) NOT NULL COMMENT '接口用例名',
  `method` varchar(255) NOT NULL COMMENT '请求方式',
  `url` varchar(255) NOT NULL COMMENT '测试地址',
  `params` text COMMENT '请求参数',
  `testAccount` varchar(255) NOT NULL COMMENT '测试账号',
  `response` text COMMENT '响应结果',
  `errorLog` text COMMENT '断言错误日志',
  `result` varchar(255) DEFAULT NULL COMMENT '测试结果',
  `testUser` varchar(255) NOT NULL COMMENT '执行人',
  `caseType` int(5) NOT NULL COMMENT '用例类型：单接口-1，流程-2',
  `testTime` datetime DEFAULT NULL COMMENT '测试时间',
  PRIMARY KEY (`id`)
) ENGINE=InnoDB AUTO_INCREMENT=194 DEFAULT CHARSET=utf8mb4;

-- ----------------------------
-- Records of mingfeng_report
-- ----------------------------
BEGIN;
INSERT INTO `mingfeng_report` VALUES (10, '熊飞-熊飞-20210528-19:58:13', '新增外部供应商', '1', '财务', '新增外部供应商', '0', 'http://172.24.14.70:80/purchase/supplier/baseInfo', '{\"companyCode\":\"\",\"unifiedSocialCreditCode\":\"9YooVNClwT\",\"website\":\"\",\"code\":\"\",\"mainScope\":\"\",\"payTypes\":[4],\"companyType\":\"\",\"level\":\"\",\"registerFund\":\"\",\"groupId\":\"\",\"settleCurrency\":\"GBP\",\"fullName\":\"91bdZ\",\"type\":0,\"purchaseType\":\"\",\"companyId\":\"95540569557745664\",\"registerAddress\":\"uKXG48qHXq6GtXQ\",\"payType\":\"4\",\"businessRegisterNumber\":\"\",\"corporate\":\"\",\"name\":\"lwp5N\",\"companyMobile\":\"\",\"settleType\":\"90942799997349888\",\"registerDate\":\"\",\"settleCurrencys\":[\"GBP\"]}', '13534173939', '{\"code\":\"000000\",\"msg\":\"操作成功\",\"data\":\"149688420106182656\"}', '', 'pass', '熊飞', 2, '2021-05-28 11:58:20');
INSERT INTO `mingfeng_report` VALUES (11, '熊飞-熊飞-20210528-19:58:13', '新增外部供应商', '2', '商品', '添加供应商联系人', '0', 'http://172.24.14.70:80/purchase/supplier/contact', '[{\"address\":\"\",\"defaultFlag\":0,\"supplierId\":\"149688420106182656\",\"contactName\":\"ku06j\",\"mobile\":\"13256894578\",\"operator\":1,\"dovosion\":\"\",\"qqWw\":\"\",\"_XID\":\"row_143\",\"id\":\"\",\"position\":\"Hjpo\",\"divisionId\":1,\"department\":\"\",\"fax\":\"\",\"email\":\"\",\"status\":1}]', '13534173939', '{\"code\":\"000000\",\"msg\":\"操作成功\",\"data\":null}', '', 'pass', '熊飞', 2, '2021-05-28 11:58:21');
INSERT INTO `mingfeng_report` VALUES (12, '熊飞-熊飞-20210528-19:58:13', '新增外部供应商', '3', '商品', '禁用供应商', '2', 'http://172.24.14.70:80/purchase/supplier/enable', '{\"operate\":0,\"id\":\"149688420106182656\"}', '13534173939', '{\"code\":\"000000\",\"msg\":\"操作成功\",\"data\":null}', '', 'pass', '熊飞', 2, '2021-05-28 11:58:21');
INSERT INTO `mingfeng_report` VALUES (13, '熊飞-熊飞-20210529-17:07:27', '新增外部供应商', '1', '财务', '新增外部供应商', '0', 'http://172.24.14.70:80/purchase/supplier/baseInfo', '{\"companyCode\":\"\",\"unifiedSocialCreditCode\":\"zzAsGPr9Bh\",\"website\":\"\",\"code\":\"\",\"mainScope\":\"\",\"payTypes\":[4],\"companyType\":\"\",\"level\":\"\",\"registerFund\":\"\",\"groupId\":\"\",\"settleCurrency\":\"GBP\",\"fullName\":\"TgDaV\",\"type\":0,\"purchaseType\":\"\",\"companyId\":\"95540569557745664\",\"registerAddress\":\"fkVcQeJajqNoR25\",\"payType\":\"4\",\"businessRegisterNumber\":\"\",\"corporate\":\"\",\"name\":\"Q9GnG\",\"companyMobile\":\"\",\"settleType\":\"90942799997349888\",\"registerDate\":\"\",\"settleCurrencys\":[\"GBP\"]}', '13534173939', '{\"code\":\"000000\",\"msg\":\"操作成功\",\"data\":\"150007820721373184\"}', '', 'pass', '熊飞', 2, '2021-05-29 09:07:32');
INSERT INTO `mingfeng_report` VALUES (14, '熊飞-熊飞-20210529-17:07:27', '新增外部供应商', '2', '商品', '添加供应商联系人', '0', 'http://172.24.14.70:80/purchase/supplier/contact', '[{\"address\":\"\",\"defaultFlag\":0,\"supplierId\":\"150007820721373184\",\"contactName\":\"5zyrM\",\"mobile\":\"13256894578\",\"operator\":1,\"dovosion\":\"\",\"qqWw\":\"\",\"_XID\":\"row_143\",\"id\":\"\",\"position\":\"tmdt\",\"divisionId\":1,\"department\":\"\",\"fax\":\"\",\"email\":\"\",\"status\":1}]', '13534173939', '{\"code\":\"000000\",\"msg\":\"操作成功\",\"data\":null}', '', 'pass', '熊飞', 2, '2021-05-29 09:07:32');
INSERT INTO `mingfeng_report` VALUES (15, '熊飞-熊飞-20210529-17:07:27', '新增外部供应商', '3', '商品', '禁用供应商', '2', 'http://172.24.14.70:80/purchase/supplier/enable', '{\"operate\":0,\"id\":\"150007820721373184\"}', '13534173939', '{\"code\":\"000000\",\"msg\":\"操作成功\",\"data\":null}', '', 'pass', '熊飞', 2, '2021-05-29 09:07:32');
INSERT INTO `mingfeng_report` VALUES (16, '熊飞-熊飞-20210601-17:13:36-61', '新增外部供应商', '1', '财务', '新增外部供应商', '0', 'http://172.24.14.70:80/purchase/supplier/baseInfo', '{\"companyCode\":\"\",\"unifiedSocialCreditCode\":\"QtmGdYxt4M\",\"website\":\"\",\"code\":\"\",\"mainScope\":\"\",\"payTypes\":[4],\"companyType\":\"\",\"level\":\"\",\"registerFund\":\"\",\"groupId\":\"\",\"settleCurrency\":\"GBP\",\"fullName\":\"t48fw\",\"type\":0,\"purchaseType\":\"\",\"companyId\":\"95540569557745664\",\"registerAddress\":\"2RIMWB3ltTVREBO\",\"payType\":\"4\",\"businessRegisterNumber\":\"\",\"corporate\":\"\",\"name\":\"LxzMo\",\"companyMobile\":\"\",\"settleType\":\"90942799997349888\",\"registerDate\":\"\",\"settleCurrencys\":[\"GBP\"]}', '13534173939', '{\"code\":\"000000\",\"msg\":\"操作成功\",\"data\":\"151096522222649344\"}', '', 'pass', '熊飞', 2, '2021-06-01 09:13:38');
INSERT INTO `mingfeng_report` VALUES (17, '熊飞-熊飞-20210601-17:13:36-61', '新增外部供应商', '2', '商品', '添加供应商联系人', '0', 'http://172.24.14.70:80/purchase/supplier/contact', '[{\"address\":\"\",\"defaultFlag\":0,\"supplierId\":\"151096522222649344\",\"contactName\":\"eJ3fk\",\"mobile\":\"13256894578\",\"operator\":1,\"dovosion\":\"\",\"qqWw\":\"\",\"_XID\":\"row_143\",\"id\":\"\",\"position\":\"vAzN\",\"divisionId\":1,\"department\":\"\",\"fax\":\"\",\"email\":\"\",\"status\":1}]', '13534173939', '{\"code\":\"000000\",\"msg\":\"操作成功\",\"data\":null}', '', 'pass', '熊飞', 2, '2021-06-01 09:13:38');
INSERT INTO `mingfeng_report` VALUES (18, '熊飞-熊飞-20210601-17:13:36-61', '新增外部供应商', '3', '商品', '禁用供应商', '2', 'http://172.24.14.70:80/purchase/supplier/enable', '{\"operate\":0,\"id\":\"151096522222649344\"}', '13534173939', '{\"code\":\"000000\",\"msg\":\"操作成功\",\"data\":null}', '', 'pass', '熊飞', 2, '2021-06-01 09:13:38');
INSERT INTO `mingfeng_report` VALUES (19, 'Single 2021-06-23 16:53:34', '', '0', '商品', '生成渠道sku', '0', 'http://172.24.14.70:80/goods/channelSku/generate', '[{\"shopId\":\"92292293956587520\",\"skuCode\":\"Ts9g7q83\",\"channelSkuCode\":\"0I#Ts9p@g7b@q83#5t\",\"isEdit\":false,\"_XID\":\"row_99\"}]', '13534173939', '{\"code\":\"000000\",\"msg\":\"操作成功\",\"data\":[{\"shopId\":\"92292293956587520\",\"skuCode\":\"Ts9g7q83\",\"channelSkuCode\":\"Gg#Ts9L@g7j@q83#1X\"}]}', '', 'pass', '熊飞', 1, '2021-06-23 08:53:35');
INSERT INTO `mingfeng_report` VALUES (20, 'Single 2021-06-23 16:53:34', '', '0', '商品', '匹配公司SKU', '0', 'http://172.24.14.70:80/goods/listing/match', '[{\"country\":\"美国\",\"listingId\":\"93835126215147917\",\"msku\":\"24#HUA7@WEK@I-US001#Lx\",\"shopId\":\"107880902890196992\",\"sku\":\"HUAWEI-US002\",\"skuId\":\"132245089951608837\"}]', '13534173939', '{\"code\":\"B06122\",\"msg\":\"渠道SKU已存在\",\"data\":null}', 'assertResponse断言失败:比较方式=equals,预期=000000,实际=B06122;\n', 'fail', '熊飞', 1, '2021-06-23 08:53:35');
INSERT INTO `mingfeng_report` VALUES (21, 'Single 2021-06-23 16:53:34', '', '0', '商品', '添加渠道sku信息', '0', 'http://172.24.14.70:80/goods/channelSku/add', '[{\"isEdit\":false,\"_XID\":\"row_99\",\"channelSkuCode\":\"j5MZcVOmG4En3xIBoVvJZM3wJLD1BI\",\"shopId\":\"92292293956587520\",\"skuCode\":\"Ts9g7q83\"}]', '13534173939', '{\"code\":\"B00009\",\"msg\":\"未找到对应店铺或者店铺未授权\",\"data\":null}', 'assertResponse断言失败:比较方式=equals,预期=000000,实际=B00009;\n', 'fail', '熊飞', 1, '2021-06-23 08:53:36');
INSERT INTO `mingfeng_report` VALUES (22, 'Single 2021-06-23 16:53:34', '', '0', '商品', 'Listing列表分页查询', '0', 'http://172.24.14.70:80/goods/listing/page', '{\"current\":1,\"size\":20,\"country\":\"\",\"asin\":\"\",\"fnsku\":\"\",\"msku\":\"\",\"sku\":\"\",\"title\":\"\",\"shopIds\":[\"95320293555253248\"],\"matchType\":0,\"sendType\":0,\"status\":0}', '13534173939', '{\"code\":\"000000\",\"msg\":\"操作成功\",\"data\":{\"records\":[],\"total\":0,\"size\":10,\"current\":1,\"orders\":[],\"hitCount\":false,\"searchCount\":true,\"pages\":0}}', '', 'pass', '熊飞', 1, '2021-06-23 08:53:36');
INSERT INTO `mingfeng_report` VALUES (23, 'Single 2021-06-23 16:53:34', '', '0', '商品', '分页查询渠道sku列表', '0', 'http://172.24.14.70:80/goods/channelSku/pageChannel', '{\"size\":20,\"current\":1,\"createName\":\"\",\"name\":\"\",\"ids\":[],\"operatorId\":\"\",\"shopIds\":[],\"skuCode\":[],\"code\":[],\"createDate\":null,\"endDate\":null,\"hasUse\":null,\"salePlatUniqueCode\":null,\"claimName\":null,\"deteData\":null,\"changeKey\":\"skuCode\",\"changeValue\":\"\"}', '13534173939', '{\"code\":\"000000\",\"msg\":\"操作成功\",\"data\":{\"records\":[{\"id\":\"158990154121281536\",\"tenantId\":\"1607336384730\",\"skuCode\":\"SKU-SIZE-002\",\"code\":\"de86f69715224b39ad768e192ac09cbb\",\"shopName\":\"乐天1号店铺\",\"hasUse\":1,\"salePlatformUniqueCode\":\"2021-0606-4\",\"claimName\":\"郑园\",\"createName\":\"郑园\",\"createTime\":\"2021-06-23 12:00:06\",\"updateTime\":\"2021-06-23 12:00:06\",\"hasUseShow\":\"是\",\"country\":\"JP\",\"countryName\":\"日本\",\"platformType\":\"RAKUTEN\",\"platformTypeName\":\"乐天\",\"shopUrl\":\"\",\"assigner\":\"熊飞\"},{\"id\":\"158618001483575296\",\"tenantId\":\"1607336384730\",\"skuCode\":\"SKU-S526-003\",\"code\":\"VDJP-E10HAX-JPGY3A-A1S2\",\"shopName\":\"DAYL SHOP5-FR\",\"hasUse\":0,\"salePlatformUniqueCode\":null,\"claimName\":\"杜远东\",\"createName\":\"杜远东\",\"createTime\":\"2021-06-22 11:21:18\",\"updateTime\":\"2021-06-22 11:21:18\",\"hasUseShow\":\"否\",\"country\":\"FR\",\"countryName\":\"法国\",\"platformType\":\"AMAZON\",\"platformTypeName\":\"亚马逊\",\"shopUrl\":\"\",\"assigner\":null},{\"id\":\"158345858179334144\",\"tenantId\":\"1607336384730\",\"skuCode\":\"SKU-S526-003\",\"code\":\"123123123123\",\"shopName\":\"Topone DirectFR\",\"hasUse\":0,\"salePlatformUniqueCode\":null,\"claimName\":\"杜远东\",\"createName\":\"杜远东\",\"createTime\":\"2021-06-21 17:19:54\",\"updateTime\":\"2021-06-21 17:19:54\",\"hasUseShow\":\"否\",\"country\":\"FR\",\"countryName\":\"法国\",\"platformType\":\"AMAZON\",\"platformTypeName\":\"亚马逊\",\"shopUrl\":\"\",\"assigner\":\"熊飞\"},{\"id\":\"158252199764471808\",\"tenantId\":\"1607336384730\",\"skuCode\":\"ZHHHH-DD001\",\"code\":\"8X#ZHHo@HH8@-DD001#x1\",\"shopName\":\"DAYL SHOP1-UK\",\"hasUse\":0,\"salePlatformUniqueCode\":null,\"claimName\":\"熊飞\",\"createName\":\"熊飞\",\"createTime\":\"2021-06-21 11:07:44\",\"updateTime\":\"2021-06-21 11:07:44\",\"hasUseShow\":\"否\",\"country\":\"UK\",\"countryName\":\"英国\",\"platformType\":\"AMAZON\",\"platformTypeName\":\"亚马逊\",\"shopUrl\":\"\",\"assigner\":\"熊飞\"},{\"id\":\"158249800975331328\",\"tenantId\":\"1607336384730\",\"skuCode\":\"SKU-S526-002\",\"code\":\"RTV-HD7XXX-CADG0A-A1S4\",\"shopName\":\"DAYL SHOP1-DE\",\"hasUse\":0,\"salePlatformUniqueCode\":null,\"claimName\":\"杜远东\",\"createName\":\"杜远东\",\"createTime\":\"2021-06-21 10:58:12\",\"updateTime\":\"2021-06-21 10:58:12\",\"hasUseShow\":\"否\",\"country\":\"DE\",\"countryName\":\"德国\",\"platformType\":\"AMAZON\",\"platformTypeName\":\"亚马逊\",\"shopUrl\":\"\",\"assigner\":null},{\"id\":\"158249731505074176\",\"tenantId\":\"1607336384730\",\"skuCode\":\"SKU-S526-001\",\"code\":\"RTV-HD7XXX-CADG0A-A1S4\",\"shopName\":\"DAYL SHOP1-UK\",\"hasUse\":0,\"salePlatformUniqueCode\":null,\"claimName\":\"杜远东\",\"createName\":\"杜远东\",\"createTime\":\"2021-06-21 10:57:56\",\"updateTime\":\"2021-06-21 10:57:56\",\"hasUseShow\":\"否\",\"country\":\"UK\",\"countryName\":\"英国\",\"platformType\":\"AMAZON\",\"platformTypeName\":\"亚马逊\",\"shopUrl\":\"\",\"assigner\":null},{\"id\":\"158249531658645504\",\"tenantId\":\"1607336384730\",\"skuCode\":\"SKU-S526-003\",\"code\":\"vantop-test9goods-0003\",\"shopName\":\"乐天1号店铺\",\"hasUse\":1,\"salePlatformUniqueCode\":\"2021-0603-7\",\"claimName\":\"熊飞\",\"createName\":\"熊飞\",\"createTime\":\"2021-06-21 10:57:08\",\"updateTime\":\"2021-06-21 14:07:06\",\"hasUseShow\":\"是\",\"country\":\"JP\",\"countryName\":\"日本\",\"platformType\":\"RAKUTEN\",\"platformTypeName\":\"乐天\",\"shopUrl\":\"\",\"assigner\":\"熊飞\"},{\"id\":\"157277596387233792\",\"tenantId\":\"1607336384730\",\"skuCode\":\"SKU-SIZE-002\",\"code\":\"JR-VT-C01K-L470MX-JPWH2B\",\"shopName\":\"乐天1号店铺\",\"hasUse\":0,\"salePlatformUniqueCode\":null,\"claimName\":\"熊飞\",\"createName\":\"郑园\",\"createTime\":\"2021-06-18 18:35:01\",\"updateTime\":\"2021-06-18 18:35:01\",\"hasUseShow\":\"否\",\"country\":\"JP\",\"countryName\":\"日本\",\"platformType\":\"AMAZON\",\"platformTypeName\":\"亚马逊\",\"shopUrl\":\"\",\"assigner\":\"熊飞\"},{\"id\":\"157276615071092736\",\"tenantId\":\"1607336384730\",\"skuCode\":\"SKU-SIZE-002\",\"code\":\"JR-VT-CTAK-S20H-JPGY4A\",\"shopName\":\"乐天1号店铺\",\"hasUse\":0,\"salePlatformUniqueCode\":null,\"claimName\":\"熊飞\",\"createName\":\"郑园\",\"createTime\":\"2021-06-18 18:31:07\",\"updateTime\":\"2021-06-18 18:31:07\",\"hasUseShow\":\"否\",\"country\":\"JP\",\"countryName\":\"日本\",\"platformType\":\"AMAZON\",\"platformTypeName\":\"亚马逊\",\"shopUrl\":\"\",\"assigner\":\"熊飞\"},{\"id\":\"157273176242991104\",\"tenantId\":\"1607336384730\",\"skuCode\":\"SKU-S526-001\",\"code\":\"NKL-KYHD7X-USDG0A-A1S1\",\"shopName\":\"DAYL SHOP3-DE\",\"hasUse\":0,\"salePlatformUniqueCode\":null,\"claimName\":\"杜远东\",\"createName\":\"杜远东\",\"createTime\":\"2021-06-18 18:17:27\",\"updateTime\":\"2021-06-18 18:17:27\",\"hasUseShow\":\"否\",\"country\":\"DE\",\"countryName\":\"德国\",\"platformType\":\"AMAZON\",\"platformTypeName\":\"亚马逊\",\"shopUrl\":\"\",\"assigner\":\"熊飞\"},{\"id\":\"157262376797327360\",\"tenantId\":\"1607336384730\",\"skuCode\":\"SKU-SIZE-002\",\"code\":\"JR-VT-C02P-A15FXX-JPSV3A\",\"shopName\":\"乐天1号店铺\",\"hasUse\":0,\"salePlatformUniqueCode\":null,\"claimName\":\"熊飞\",\"createName\":\"郑园\",\"createTime\":\"2021-06-18 17:34:32\",\"updateTime\":\"2021-06-18 17:34:32\",\"hasUseShow\":\"否\",\"country\":\"JP\",\"countryName\":\"日本\",\"platformType\":\"AMAZON\",\"platformTypeName\":\"亚马逊\",\"shopUrl\":\"\",\"assigner\":\"熊飞\"},{\"id\":\"157260721292701696\",\"tenantId\":\"1607336384730\",\"skuCode\":\"SDKFJHSKDF-sdf-CVXV\",\"code\":\"234234234\",\"shopName\":\"乐天1号店铺\",\"hasUse\":0,\"salePlatformUniqueCode\":null,\"claimName\":\"熊飞\",\"createName\":\"熊飞\",\"createTime\":\"2021-06-18 17:27:57\",\"updateTime\":\"2021-06-18 17:27:57\",\"hasUseShow\":\"否\",\"country\":\"JP\",\"countryName\":\"日本\",\"platformType\":\"RAKUTEN\",\"platformTypeName\":\"乐天\",\"shopUrl\":\"\",\"assigner\":\"熊飞\"},{\"id\":\"157260721292701697\",\"tenantId\":\"1607336384730\",\"skuCode\":\"SDKFJHSKDF-sdf-CVXV\",\"code\":\"234234\",\"shopName\":\"DAYL SHOP4-CA\",\"hasUse\":0,\"salePlatformUniqueCode\":null,\"claimName\":\"熊飞\",\"createName\":\"熊飞\",\"createTime\":\"2021-06-18 17:27:57\",\"updateTime\":\"2021-06-18 17:27:57\",\"hasUseShow\":\"否\",\"country\":\"CA\",\"countryName\":\"加拿大\",\"platformType\":\"AMAZON\",\"platformTypeName\":\"亚马逊\",\"shopUrl\":\"\",\"assigner\":\"熊飞\"},{\"id\":\"157256171123232768\",\"tenantId\":\"1607336384730\",\"skuCode\":\"SKU-SIZE-002\",\"code\":\"JR-VT-C05K-S10FAX-JPBK3A\",\"shopName\":\"乐天1号店铺\",\"hasUse\":0,\"salePlatformUniqueCode\":null,\"claimName\":\"熊飞\",\"createName\":\"郑园\",\"createTime\":\"2021-06-18 17:09:52\",\"updateTime\":\"2021-06-18 17:09:52\",\"hasUseShow\":\"否\",\"country\":\"JP\",\"countryName\":\"日本\",\"platformType\":\"AMAZON\",\"platformTypeName\":\"亚马逊\",\"shopUrl\":\"\",\"assigner\":\"熊飞\"},{\"id\":\"157241712245854208\",\"tenantId\":\"1607336384730\",\"skuCode\":\"SKU-SIZE-002\",\"code\":\"JR-VT-C26Y-E31XXX-JPWH0A\",\"shopName\":\"乐天1号店铺\",\"hasUse\":0,\"salePlatformUniqueCode\":null,\"claimName\":\"熊飞\",\"createName\":\"郑园\",\"createTime\":\"2021-06-18 16:12:25\",\"updateTime\":\"2021-06-18 16:12:25\",\"hasUseShow\":\"否\",\"country\":\"JP\",\"countryName\":\"日本\",\"platformType\":\"AMAZON\",\"platformTypeName\":\"亚马逊\",\"shopUrl\":\"\",\"assigner\":\"熊飞\"},{\"id\":\"157239857228587008\",\"tenantId\":\"1607336384730\",\"skuCode\":\"ZXzxzxZxa1\",\"code\":\"123hkbasckj\",\"shopName\":\"DAYL SHOP1-FR\",\"hasUse\":0,\"salePlatformUniqueCode\":null,\"claimName\":\"熊飞\",\"createName\":\"熊飞\",\"createTime\":\"2021-06-18 16:05:03\",\"updateTime\":\"2021-06-18 16:05:03\",\"hasUseShow\":\"否\",\"country\":\"FR\",\"countryName\":\"法国\",\"platformType\":\"AMAZON\",\"platformTypeName\":\"亚马逊\",\"shopUrl\":\"\",\"assigner\":\"杜远东\"},{\"id\":\"157239596405792768\",\"tenantId\":\"1607336384730\",\"skuCode\":\"SDKFJHSKDF-sdf-CVXV\",\"code\":\"312312312312123\",\"shopName\":\"DAYL SHOP1-FR\",\"hasUse\":0,\"salePlatformUniqueCode\":null,\"claimName\":\"熊飞\",\"createName\":\"熊飞\",\"createTime\":\"2021-06-18 16:04:01\",\"updateTime\":\"2021-06-18 17:14:49\",\"hasUseShow\":\"否\",\"country\":\"FR\",\"countryName\":\"法国\",\"platformType\":\"AMAZON\",\"platformTypeName\":\"亚马逊\",\"shopUrl\":\"\",\"assigner\":\"杜远东\"},{\"id\":\"157236118300172288\",\"tenantId\":\"1607336384730\",\"skuCode\":\"SKU-GOODS04291-221\",\"code\":\"312312312312\",\"shopName\":\"DAYL SHOP1-FR\",\"hasUse\":0,\"salePlatformUniqueCode\":null,\"claimName\":\"熊飞\",\"createName\":\"熊飞\",\"createTime\":\"2021-06-18 15:50:11\",\"updateTime\":\"2021-06-18 15:50:11\",\"hasUseShow\":\"否\",\"country\":\"FR\",\"countryName\":\"法国\",\"platformType\":\"AMAZON\",\"platformTypeName\":\"亚马逊\",\"shopUrl\":\"\",\"assigner\":\"熊飞\"},{\"id\":\"157232240593063936\",\"tenantId\":\"1607336384730\",\"skuCode\":\"SKU-SIZE-002\",\"code\":\"JR-VT-CGTK-CM70-JPRD0A\",\"shopName\":\"乐天1号店铺\",\"hasUse\":0,\"salePlatformUniqueCode\":null,\"claimName\":\"熊飞\",\"createName\":\"郑园\",\"createTime\":\"2021-06-18 15:34:47\",\"updateTime\":\"2021-06-18 15:58:07\",\"hasUseShow\":\"否\",\"country\":\"JP\",\"countryName\":\"日本\",\"platformType\":\"AMAZON\",\"platformTypeName\":\"亚马逊\",\"shopUrl\":\"\",\"assigner\":\"熊飞\"},{\"id\":\"157231281221521408\",\"tenantId\":\"1607336384730\",\"skuCode\":\"SDKFJHSF-SDFSDF\",\"code\":\"JR-VT-CPJK-G300-JPBK0A\",\"shopName\":\"乐天1号店铺\",\"hasUse\":0,\"salePlatformUniqueCode\":null,\"claimName\":\"熊飞\",\"createName\":\"郑园\",\"createTime\":\"2021-06-18 15:30:58\",\"updateTime\":\"2021-06-18 15:30:58\",\"hasUseShow\":\"否\",\"country\":\"JP\",\"countryName\":\"日本\",\"platformType\":\"AMAZON\",\"platformTypeName\":\"亚马逊\",\"shopUrl\":\"\",\"assigner\":\"熊飞\"}],\"total\":130,\"size\":20,\"current\":1,\"orders\":[],\"hitCount\":false,\"searchCount\":true,\"pages\":7}}', '', 'pass', '熊飞', 1, '2021-06-23 08:53:36');
INSERT INTO `mingfeng_report` VALUES (24, 'Single 2021-06-23 16:53:34', '', '0', '商品', '获取链接访问地址', '1', 'http://172.24.14.70:80/goods/listing/getAccessUrl', '?asin=SAAAA&country=US&type=11', '13534173939', '{\"code\":\"000000\",\"msg\":\"操作成功\",\"data\":\"\"}', '', 'pass', '熊飞', 1, '2021-06-23 08:53:37');
INSERT INTO `mingfeng_report` VALUES (25, 'Single 2021-06-23 16:53:34', '', '0', '商品', 'sku保存', '0', 'http://172.24.14.70:80/goods/sku', '{\"skuPropertyKeyList\":[\"PropertyKeyBean对象\"],\"skuList\":[\"sku保存时接收参数对象\"],\"spuSaveForm\":\"spu保存的对象\",\"spuId\":\"nextop_spu的主键id\"}', '13534173939', '{\"code\":\"B00999\",\"msg\":\"未知异常\",\"data\":null}', 'assertResponse断言失败:比较方式=equals,预期=000000,实际=B00999;\n', 'fail', '熊飞', 1, '2021-06-23 08:53:37');
INSERT INTO `mingfeng_report` VALUES (26, 'Single 2021-06-23 16:53:34', '', '0', '商品', '通过分类id,品牌,型号查询sku', '1', 'http://172.24.14.70:80/goods/sku', '?brandId={品牌}&categoryId={分类id：}&modelCode={型号}', '13534173939', '', '\nIllegal character in query at index 41: http://172.24.14.70:80/goods/sku?brandId={品牌}&categoryId={分类id：}&modelCode={型号}', 'fail', '熊飞', 1, '2021-06-23 08:53:37');
INSERT INTO `mingfeng_report` VALUES (27, 'Single 2021-06-23 16:53:34', '', '0', '商品', 'sku修改', '2', 'http://172.24.14.70:80/goods/sku', '{\"skuPropertyKeyList\":[\"PropertyKeyBean对象\"],\"pictureUrl\":\"sku图片\",\"length\":\"长\",\"packageWidth\":\"包装尺寸 宽\",\"remark\":\"备注\",\"grossWeight\":\"毛重\",\"netWeight\":\"净重\",\"packageHeight\":\"包装尺寸 高\",\"cnName\":\"sku中文名称\",\"modelCode\":\"认证型号\",\"spuSaveForm\":\"spu保存的对象\",\"enName\":\"sku英文名称\",\"tenantId\":\"租户id\",\"width\":\"宽\",\"packageLength\":\"包装尺寸 长\",\"spuId\":\"nextop_spu的主键id\",\"id\":\"sku表主键\",\"sku\":\"sku号\",\"height\":\"高\",\"platformIdList\":[\"销售平台ID列表\"],\"status\":\"状态(1启用,2禁用)\"}', '13534173939', '{\"code\":\"B00999\",\"msg\":\"未知异常\",\"data\":null}', 'assertResponse断言失败:比较方式=equals,预期=000000,实际=B00999;\n', 'fail', '熊飞', 1, '2021-06-23 08:53:37');
INSERT INTO `mingfeng_report` VALUES (28, 'Single 2021-06-23 16:53:34', '', '0', '商品', '编辑销售平台唯一码', '0', 'http://172.24.14.70:80/goods/channelSku/editSalePlatformCode', '{\"id\":\"142390718740754432\",\"salePlatUniqueCode\":\"FFFFXC\"}', '13534173939', '{\"code\":\"B00014\",\"msg\":\"数据不存在\",\"data\":null}', 'assertResponse断言失败:比较方式=equals,预期=000000,实际=B00014;\n', 'fail', '熊飞', 1, '2021-06-23 08:53:37');
INSERT INTO `mingfeng_report` VALUES (29, 'Single 2021-06-23 16:53:34', '', '0', '商品', '编辑渠道sku', '0', 'http://172.24.14.70:80/goods/channelSku/edit', '{\"channelSkuCode\":\"FzAvn6wb26SEvkxq7HBogQi2KlWv32\",\"shopId\":\"92292293956587520\",\"skuCode\":\"Ts9g7q83\"}', '13534173939', '{\"code\":\"000000\",\"msg\":\"操作成功\",\"data\":true}', '', 'pass', '熊飞', 1, '2021-06-23 08:53:37');
INSERT INTO `mingfeng_report` VALUES (30, 'Single 2021-06-23 16:53:34', '', '0', '商品', '解除Listing与公司SKU的匹配关系', '0', 'http://172.24.14.70:80/goods/listing/removeMatch', '{\"country\":\"站点\",\"msku\":\"msku\",\"listingId\":\"listing记录id\",\"shopId\":\"店铺id\",\"sku\":\"公司SKU\",\"skuId\":\"公司SKU主键id\"}', '13534173939', '{\"code\":\"B00999\",\"msg\":\"未知异常\",\"data\":null}', 'assertResponse断言失败:比较方式=equals,预期=000000,实际=B00999;\n', 'fail', '熊飞', 1, '2021-06-23 08:53:37');
INSERT INTO `mingfeng_report` VALUES (31, 'Single 2021-06-23 16:53:34', '', '0', '商品', '查询渠道sku', '1', 'http://172.24.14.70:80/goods/channelSku/channelSku', '?id=142392577975054336', '13534173939', '{\"code\":\"B00014\",\"msg\":\"数据不存在\",\"data\":null}', 'assertResponse断言失败:比较方式=equals,预期=000000,实际=B00014;\n', 'fail', '熊飞', 1, '2021-06-23 08:53:37');
INSERT INTO `mingfeng_report` VALUES (32, 'Single 2021-06-23 16:53:34', '', '0', '商品', '删除渠道sku', '3', 'http://172.24.14.70:80/goods/channelSku/channelSku', '?id=142392577975054336', '13534173939', '{\"code\":\"B00014\",\"msg\":\"数据不存在\",\"data\":null}', 'assertResponse断言失败:比较方式=equals,预期=000000,实际=B00014;\n', 'fail', '熊飞', 1, '2021-06-23 08:53:37');
INSERT INTO `mingfeng_report` VALUES (33, 'Single 2021-06-23 16:53:34', '', '0', '商品', '修改渠道sku', '2', 'http://172.24.14.70:80/goods/channelSku/channelSku', '{\"id\":\"142390718740754432\",\"skuId\":\"126826718047449088\"}', '13534173939', '{\"code\":\"B00014\",\"msg\":\"数据不存在\",\"data\":null}', 'assertResponse断言失败:比较方式=equals,预期=000000,实际=B00014;\n', 'fail', '熊飞', 1, '2021-06-23 08:53:37');
INSERT INTO `mingfeng_report` VALUES (34, 'Single 2021-06-23 16:53:34', '', '0', '商品', '批量设置运营', '2', 'http://172.24.14.70:80/goods/channelSku/operator', '{\"updateId\":\"修改人ID\",\"ids\":[\"待修改的记录id集合\"],\"operatorId\":\"新的运营人员id\"}', '13534173939', '{\"code\":\"B00999\",\"msg\":\"未知异常\",\"data\":null}', 'assertResponse断言失败:比较方式=equals,预期=000000,实际=B00999;\n', 'fail', '熊飞', 1, '2021-06-23 08:53:38');
INSERT INTO `mingfeng_report` VALUES (35, 'Single 2021-06-23 16:53:34', '', '0', '商品', '获取SPU的操作日志详情', '0', 'http://172.24.14.70:80/goods/operatelog/list', '?skuId={skuId}&spuId={spuId}', '13534173939', '{\"code\":\"B00999\",\"msg\":\"未知异常\",\"data\":null}', 'assertResponse断言失败:比较方式=equals,预期=000000,实际=B00999;\n', 'fail', '熊飞', 1, '2021-06-23 08:53:38');
INSERT INTO `mingfeng_report` VALUES (36, 'Single 2021-06-23 16:53:34', '', '0', '商品', '根据id查询品牌详情', '1', 'http://172.24.14.70:80/goods/brand/{id}', '?id={主键}', '13534173939', '', '\nIllegal character in path at index 35: http://172.24.14.70:80/goods/brand/{id}?id={主键}', 'fail', '熊飞', 1, '2021-06-23 08:53:38');
INSERT INTO `mingfeng_report` VALUES (37, 'Single 2021-06-23 16:53:34', '', '0', '商品', '通过主键id获取sku信息', '1', 'http://172.24.14.70:80/goods/sku/{id}', '?id={id}', '13534173939', '', '\nIllegal character in path at index 33: http://172.24.14.70:80/goods/sku/{id}?id={id}', 'fail', '熊飞', 1, '2021-06-23 08:53:38');
INSERT INTO `mingfeng_report` VALUES (38, 'Single 2021-06-23 16:53:34', '', '0', '商品', '物料Sku启用', '2', 'http://172.24.14.70:80/goods/materials/sku/enable', '', '13534173939', '{\"code\":\"B06101\",\"msg\":\"物料sku数据不存在,保存失败\",\"data\":null}', 'assertResponse断言失败:比较方式=equals,预期=000000,实际=B06101;\n', 'fail', '熊飞', 1, '2021-06-23 08:53:38');
INSERT INTO `mingfeng_report` VALUES (39, 'Single 2021-06-23 16:53:34', '', '0', '商品', '通过主键id获取spu信息（废弃）', '1', 'http://172.24.14.70:80/goods/spu/{id}', '?id={id}', '13534173939', '', '\nIllegal character in path at index 33: http://172.24.14.70:80/goods/spu/{id}?id={id}', 'fail', '熊飞', 1, '2021-06-23 08:53:38');
INSERT INTO `mingfeng_report` VALUES (40, 'Single 2021-06-23 16:53:34', '', '0', '商品', '通过SKU编码精确匹配sku信息', '1', 'http://172.24.14.70:80/goods/sku/bycode/{skuCode}', '?skuCode={skuCode}', '13534173939', '', '\nIllegal character in path at index 40: http://172.24.14.70:80/goods/sku/bycode/{skuCode}?skuCode={skuCode}', 'fail', '熊飞', 1, '2021-06-23 08:53:38');
INSERT INTO `mingfeng_report` VALUES (41, 'Single 2021-06-23 16:53:34', '', '0', '商品', '通过主键id获取spu信息', '1', 'http://172.24.14.70:80/goods/spu/edit/detail', '?skuId={skuId}&spuId={spuId}', '13534173939', '', '\nIllegal character in query at index 51: http://172.24.14.70:80/goods/spu/edit/detail?skuId={skuId}&spuId={spuId}', 'fail', '熊飞', 1, '2021-06-23 08:53:38');
INSERT INTO `mingfeng_report` VALUES (42, 'Single 2021-06-23 16:53:34', '', '0', '商品', '物料列表-生产商品审核', '0', 'http://172.24.14.70:80/goods/materials/spu/toGoods', '{\"spuId\":\"spuIds\",\"platformIds\":[\"适合销售平台Id列表\"],\"skuId\":\"skuId\"}', '13534173939', '{\"code\":\"B00999\",\"msg\":\"未知异常\",\"data\":null}', 'assertResponse断言失败:比较方式=equals,预期=000000,实际=B00999;\n', 'fail', '熊飞', 1, '2021-06-23 08:53:38');
INSERT INTO `mingfeng_report` VALUES (43, 'Single 2021-06-23 16:53:34', '', '0', '商品', '模糊查询租户下的sku', '1', 'http://172.24.14.70:80/goods/sku/skuCode/{skuCode}', '?skuCode={skuCode}', '13534173939', '', '\nIllegal character in path at index 41: http://172.24.14.70:80/goods/sku/skuCode/{skuCode}?skuCode={skuCode}', 'fail', '熊飞', 1, '2021-06-23 08:53:38');
INSERT INTO `mingfeng_report` VALUES (44, 'Single 2021-06-23 16:53:34', '', '0', '商品', '通过主键id获取物料spu信息', '1', 'http://172.24.14.70:80/goods/materials/spu/{id}', '?id={id}', '13534173939', '', '\nIllegal character in path at index 43: http://172.24.14.70:80/goods/materials/spu/{id}?id={id}', 'fail', '熊飞', 1, '2021-06-23 08:53:38');
INSERT INTO `mingfeng_report` VALUES (45, 'Single 2021-06-23 16:53:34', '', '0', '商品', '物料Sku禁用', '2', 'http://172.24.14.70:80/goods/materials/sku/disable', '', '13534173939', '{\"code\":\"B06101\",\"msg\":\"物料sku数据不存在,保存失败\",\"data\":null}', 'assertResponse断言失败:比较方式=equals,预期=000000,实际=B06101;\n', 'fail', '熊飞', 1, '2021-06-23 08:53:38');
INSERT INTO `mingfeng_report` VALUES (46, 'Single 2021-06-23 16:53:34', '', '0', '商品', '获取SPU的操作日志详情', '1', 'http://172.24.14.70:80/goods/operatelog/list', '?skuId={skuId}&spuId={spuId}', '13534173939', '', '\nIllegal character in query at index 51: http://172.24.14.70:80/goods/operatelog/list?skuId={skuId}&spuId={spuId}', 'fail', '熊飞', 1, '2021-06-23 08:53:38');
INSERT INTO `mingfeng_report` VALUES (47, 'Single 2021-06-23 16:53:34', '', '0', '商品', '添加组合商品', '0', 'http://172.24.14.70:80/goods/composeSku/add', '', '13534173939', '{\"code\":\"B00999\",\"msg\":\"未知异常\",\"data\":null}', '', 'pass', '熊飞', 1, '2021-06-23 08:53:38');
INSERT INTO `mingfeng_report` VALUES (48, 'Single 2021-06-23 16:53:34', '', '0', '商品', '移动分类', '0', 'http://172.24.14.70:80/goods/category/move', '', '13534173939', '{\"code\":\"B00999\",\"msg\":\"未知异常\",\"data\":null}', '', 'pass', '熊飞', 1, '2021-06-23 08:53:39');
INSERT INTO `mingfeng_report` VALUES (49, 'Single 2021-06-23 16:53:34', '', '0', '商品', '按照时间范围批量获取sku与属性信息--仅限社区独立站使用，后续改造成OpenApi形式', '0', 'http://172.24.14.70:80/goods/sku/scopeQuerySkuInfo', '', '13534173939', '{\"code\":\"B00999\",\"msg\":\"未知异常\",\"data\":null}', '', 'pass', '熊飞', 1, '2021-06-23 08:53:39');
INSERT INTO `mingfeng_report` VALUES (50, 'Single 2021-06-23 16:53:34', '', '0', '商品', '更新组合商品', '0', 'http://172.24.14.70:80/goods/composeSku/update', '', '13534173939', '{\"code\":\"B00999\",\"msg\":\"未知异常\",\"data\":null}', '', 'pass', '熊飞', 1, '2021-06-23 08:53:39');
INSERT INTO `mingfeng_report` VALUES (51, 'Single 2021-06-23 16:53:34', '', '0', '商品', '下载批量导入商品数据模板', '1', 'http://172.24.14.70:80/goods/sku/template/download', '', '13534173939', '{\"code\":\"A00006\",\"msg\":\"缺少必要的请求参数\",\"data\":null}', '', 'pass', '熊飞', 1, '2021-06-23 08:53:39');
INSERT INTO `mingfeng_report` VALUES (52, 'Single 2021-06-23 16:53:34', '', '0', '商品', '未认领-组合商品分页查询', '0', 'http://172.24.14.70:80/goods/skuClaim/composeSku/claimed', '', '13534173939', '{\"code\":\"B00999\",\"msg\":\"未知异常\",\"data\":null}', '', 'pass', '熊飞', 1, '2021-06-23 08:53:39');
INSERT INTO `mingfeng_report` VALUES (53, 'Single 2021-06-23 16:53:34', '', '0', '商品', '获取组合商品清单的商品SKU选择列表', '0', 'http://172.24.14.70:80/goods/sku/compose/select/page', '', '13534173939', '{\"code\":\"B00999\",\"msg\":\"未知异常\",\"data\":null}', '', 'pass', '熊飞', 1, '2021-06-23 08:53:39');
INSERT INTO `mingfeng_report` VALUES (54, 'Single 2021-06-23 16:53:34', '', '0', '商品', '导入商品数据', '0', 'http://172.24.14.70:80/goods/sku/importSku', '', '13534173939', '{\"code\":\"B00999\",\"msg\":\"未知异常\",\"data\":null}', '', 'pass', '熊飞', 1, '2021-06-23 08:53:39');
INSERT INTO `mingfeng_report` VALUES (55, 'Single 2021-06-23 16:53:34', '', '0', '商品', '组合商品启用', '0', 'http://172.24.14.70:80/goods/composeSku/enable', '', '13534173939', '{\"code\":\"B00999\",\"msg\":\"未知异常\",\"data\":null}', '', 'pass', '熊飞', 1, '2021-06-23 08:53:39');
INSERT INTO `mingfeng_report` VALUES (56, 'Single 2021-06-23 16:53:34', '', '0', '商品', '组合商品分页条件查询', '0', 'http://172.24.14.70:80/goods/composeSku/page', '', '13534173939', '{\"code\":\"B00999\",\"msg\":\"未知异常\",\"data\":null}', '', 'pass', '熊飞', 1, '2021-06-23 08:53:39');
INSERT INTO `mingfeng_report` VALUES (57, 'Single 2021-06-23 16:53:34', '', '0', '商品', '删除分类', '0', 'http://172.24.14.70:80/goods/category/remove', '', '13534173939', '{\"code\":\"B00999\",\"msg\":\"未知异常\",\"data\":null}', '', 'pass', '熊飞', 1, '2021-06-23 08:53:39');
INSERT INTO `mingfeng_report` VALUES (58, 'Single 2021-06-23 16:53:34', '', '0', '商品', '组合商品禁用', '0', 'http://172.24.14.70:80/goods/composeSku/disable', '', '13534173939', '{\"code\":\"B00999\",\"msg\":\"未知异常\",\"data\":null}', '', 'pass', '熊飞', 1, '2021-06-23 08:53:39');
INSERT INTO `mingfeng_report` VALUES (59, 'Single 2021-06-23 16:53:34', '', '0', '商品', '添加分类', '0', 'http://172.24.14.70:80/goods/category/add', '', '13534173939', '{\"code\":\"B00999\",\"msg\":\"未知异常\",\"data\":null}', '', 'pass', '熊飞', 1, '2021-06-23 08:53:40');
INSERT INTO `mingfeng_report` VALUES (60, 'Single 2021-06-23 16:53:34', '', '0', '商品', '查询单个组合商品', '1', 'http://172.24.14.70:80/goods/composeSku/get', '', '13534173939', '{\"code\":\"A00006\",\"msg\":\"缺少必要的请求参数\",\"data\":null}', '', 'pass', '熊飞', 1, '2021-06-23 08:53:40');
INSERT INTO `mingfeng_report` VALUES (61, 'Single 2021-06-23 16:53:34', '', '0', '商品', '已认领-组合商品分页查询', '0', 'http://172.24.14.70:80/goods/skuClaim/composeSku/finished', '', '13534173939', '{\"code\":\"B00999\",\"msg\":\"未知异常\",\"data\":null}', '', 'pass', '熊飞', 1, '2021-06-23 08:53:40');
INSERT INTO `mingfeng_report` VALUES (62, 'Single 2021-06-23 16:55:37', '', '0', '商品', '物料sku审核分页查询', '0', 'http://172.24.14.70:80/goods/materials/sku/check/page', '{\"current\":1,\"size\":50,\"searchType\":0,\"brandName\":\"\",\"modelCode\":\"\",\"applyUserName\":\"\",\"applyStartTime\":\"\",\"brandIdList\":[],\"sku\":\"DLP-17SS-LW-100W\"}', '13534173939', '{\"code\":\"000000\",\"msg\":\"操作成功\",\"data\":{\"records\":[],\"total\":0,\"size\":50,\"current\":1,\"orders\":[],\"hitCount\":false,\"searchCount\":true,\"pages\":0}}', '', 'pass', '熊飞', 1, '2021-06-23 08:55:38');
INSERT INTO `mingfeng_report` VALUES (63, 'Single 2021-06-23 16:55:37', '', '0', '商品', 'BOM - 查询没生成过bom的物料清单', '0', 'http://172.24.14.70:80/goods/materials/sku/nonBomMaterial', '{\"companyIdList\":[\"87701602089046016\"],\"materialSku\":\"\",\"name\":\"\",\"skuSelectValue\":1,\"skuSelectList\":\"\",\"size\":20,\"currentPage\":1,\"current\":1,\"total\":0,\"sizes\":\"\",\"layout\":\"total, sizes, prev, pager, next, jumper\"}', '13534173939', '{\"code\":\"000000\",\"msg\":\"操作成功\",\"data\":{\"records\":[{\"id\":null,\"bom\":null,\"materialId\":\"90939134679097346\",\"spuId\":\"90939134570045440\",\"name\":\"三角支架-白\",\"specification\":\"白色\",\"unit\":\"1\",\"unitName\":\"个\",\"sku\":\"sjzj-003\",\"modelCode\":\"sjzj-001\",\"productionType\":1,\"productionTypeName\":\"生产物料\",\"companies\":[{\"id\":\"90939134750400514\",\"companyId\":\"87701602089046016\",\"companyName\":\"天地壹号大科技\",\"materialsSkuId\":\"90939134679097346\",\"inventoryType\":1,\"inventoryTypeName\":null,\"materialsType\":1,\"materialsTypeName\":\"自采\"}],\"type\":null,\"pictureId\":null,\"pictureUrl\":null},{\"id\":null,\"bom\":null,\"materialId\":\"93474165424627712\",\"spuId\":\"93474165323964416\",\"name\":\"组装电源\",\"specification\":\"白色,纸箱-小号,50w\",\"unit\":\"1\",\"unitName\":\"个\",\"sku\":\"CJDY-ZZ1\",\"modelCode\":\"cjdysdfsd\",\"productionType\":0,\"productionTypeName\":\"研发物料\",\"companies\":[{\"id\":\"93474165500125184\",\"companyId\":\"87701602089046016\",\"companyName\":\"天地壹号大科技\",\"materialsSkuId\":\"93474165424627712\",\"inventoryType\":1,\"inventoryTypeName\":null,\"materialsType\":3,\"materialsTypeName\":\"组装\"}],\"type\":null,\"pictureId\":null,\"pictureUrl\":null},{\"id\":null,\"bom\":null,\"materialId\":\"93474988305129472\",\"spuId\":\"93474988229632000\",\"name\":\"耳机电池自采\",\"specification\":\"金色,纸箱-小号,20w\",\"unit\":\"1\",\"unitName\":\"个\",\"sku\":\"cjej-zicai\",\"modelCode\":\"cjdcqaa\",\"productionType\":0,\"productionTypeName\":\"研发物料\",\"companies\":[{\"id\":\"93474988384821248\",\"companyId\":\"87701602089046016\",\"companyName\":\"天地壹号大科技\",\"materialsSkuId\":\"93474988305129472\",\"inventoryType\":3,\"inventoryTypeName\":null,\"materialsType\":1,\"materialsTypeName\":\"自采\"}],\"type\":null,\"pictureId\":null,\"pictureUrl\":null},{\"id\":null,\"bom\":null,\"materialId\":\"93474988305129474\",\"spuId\":\"93474988229632000\",\"name\":\"耳机电池供应商\",\"specification\":\"粉色,纸箱-小号,20w\",\"unit\":\"1\",\"unitName\":\"个\",\"sku\":\"cjej-gongyingshang\",\"modelCode\":\"cjdcqaa\",\"productionType\":0,\"productionTypeName\":\"研发物料\",\"companies\":[{\"id\":\"93474988384821250\",\"companyId\":\"87701602089046016\",\"companyName\":\"天地壹号大科技\",\"materialsSkuId\":\"93474988305129474\",\"inventoryType\":2,\"inventoryTypeName\":null,\"materialsType\":4,\"materialsTypeName\":\"供应商提供\"}],\"type\":null,\"pictureId\":null,\"pictureUrl\":null},{\"id\":null,\"bom\":null,\"materialId\":\"93475607900299266\",\"spuId\":\"93475607816413184\",\"name\":\"超级DPL投影仪供应商\",\"specification\":\"白色,纸箱-小号,50w\",\"unit\":\"2\",\"unitName\":\"件\",\"sku\":\"CJDPLgongyingshang\",\"modelCode\":\"CJDPL\",\"productionType\":1,\"productionTypeName\":\"生产物料\",\"companies\":[{\"id\":\"93475608013545474\",\"companyId\":\"87701602089046016\",\"companyName\":\"天地壹号大科技\",\"materialsSkuId\":\"93475607900299266\",\"inventoryType\":3,\"inventoryTypeName\":null,\"materialsType\":1,\"materialsTypeName\":\"自采\"}],\"type\":null,\"pictureId\":null,\"pictureUrl\":null},{\"id\":null,\"bom\":null,\"materialId\":\"93509462581551104\",\"spuId\":\"93509462489276416\",\"name\":\"LCD投影仪\",\"specification\":\"白色,纸箱-大号,100w\",\"unit\":\"1\",\"unitName\":\"个\",\"sku\":\"LCD-KA-US001\",\"modelCode\":\"LCD投影仪\",\"productionType\":0,\"productionTypeName\":\"研发物料\",\"companies\":[{\"id\":\"93509462627688448\",\"companyId\":\"87701602089046016\",\"companyName\":\"天地壹号大科技\",\"materialsSkuId\":\"93509462581551104\",\"inventoryType\":1,\"inventoryTypeName\":null,\"materialsType\":1,\"materialsTypeName\":\"自采\"}],\"type\":null,\"pictureId\":null,\"pictureUrl\":null},{\"id\":null,\"bom\":null,\"materialId\":\"93509462581551105\",\"spuId\":\"93509462489276416\",\"name\":\"LCD投影仪\",\"specification\":\"白色,纸箱-大号,50w\",\"unit\":\"1\",\"unitName\":\"个\",\"sku\":\"LCD-KA-US002\",\"modelCode\":\"LCD投影仪\",\"productionType\":0,\"productionTypeName\":\"研发物料\",\"companies\":[{\"id\":\"93509462627688449\",\"companyId\":\"87701602089046016\",\"companyName\":\"天地壹号大科技\",\"materialsSkuId\":\"93509462581551105\",\"inventoryType\":1,\"inventoryTypeName\":null,\"materialsType\":1,\"materialsTypeName\":\"自采\"}],\"type\":null,\"pictureId\":null,\"pictureUrl\":null},{\"id\":null,\"bom\":null,\"materialId\":\"107977659713916928\",\"spuId\":\"107977659558727680\",\"name\":\"TC 55 投影仪 浅蓝\",\"specification\":\"浅蓝色,20w\",\"unit\":\"3\",\"unitName\":\"瓶\",\"sku\":\"DAYL-TC-SKU-001\",\"modelCode\":\"55\",\"productionType\":1,\"productionTypeName\":\"生产物料\",\"companies\":[{\"id\":\"107977659810385920\",\"companyId\":\"107896707675140096\",\"companyName\":\"DAYLの森科技\",\"materialsSkuId\":\"107977659713916928\",\"inventoryType\":1,\"inventoryTypeName\":null,\"materialsType\":1,\"materialsTypeName\":\"自采\"},{\"id\":\"107977659810385921\",\"companyId\":\"93437581892440064\",\"companyName\":\"大疆科技创新\",\"materialsSkuId\":\"107977659713916928\",\"inventoryType\":1,\"inventoryTypeName\":null,\"materialsType\":1,\"materialsTypeName\":\"自采\"},{\"id\":\"110507802235834368\",\"companyId\":\"87701602089046016\",\"companyName\":\"天地壹号大科技\",\"materialsSkuId\":\"107977659713916928\",\"inventoryType\":1,\"inventoryTypeName\":null,\"materialsType\":1,\"materialsTypeName\":\"自采\"}],\"type\":null,\"pictureId\":null,\"pictureUrl\":null},{\"id\":null,\"bom\":null,\"materialId\":\"107977659713916929\",\"spuId\":\"107977659558727680\",\"name\":\"TC 55 投影仪 灰白\",\"specification\":\"灰白色,20w\",\"unit\":\"3\",\"unitName\":\"瓶\",\"sku\":\"DAYL-TC-SKU-002\",\"modelCode\":\"55\",\"productionType\":1,\"productionTypeName\":\"生产物料\",\"companies\":[{\"id\":\"107977659810385922\",\"companyId\":\"107896707675140096\",\"companyName\":\"DAYLの森科技\",\"materialsSkuId\":\"107977659713916929\",\"inventoryType\":1,\"inventoryTypeName\":null,\"materialsType\":1,\"materialsTypeName\":\"自采\"},{\"id\":\"107977659810385923\",\"companyId\":\"93437581892440064\",\"companyName\":\"大疆科技创新\",\"materialsSkuId\":\"107977659713916929\",\"inventoryType\":1,\"inventoryTypeName\":null,\"materialsType\":1,\"materialsTypeName\":\"自采\"},{\"id\":\"110507802235834369\",\"companyId\":\"87701602089046016\",\"companyName\":\"天地壹号大科技\",\"materialsSkuId\":\"107977659713916929\",\"inventoryType\":1,\"inventoryTypeName\":null,\"materialsType\":1,\"materialsTypeName\":\"自采\"}],\"type\":null,\"pictureId\":null,\"pictureUrl\":null},{\"id\":null,\"bom\":null,\"materialId\":\"114490261004685312\",\"spuId\":\"114490260778192896\",\"name\":\"DLP投影仪 大 浅蓝100\",\"specification\":\"浅蓝色,纸箱-大号,100w\",\"unit\":\"11\",\"unitName\":\"卷\",\"sku\":\"DLP-17SS-LB-100W\",\"modelCode\":\"7533\",\"productionType\":0,\"productionTypeName\":\"研发物料\",\"companies\":[{\"id\":\"114490261264732160\",\"companyId\":\"114413786602979328\",\"companyName\":\"镂冰科技\",\"materialsSkuId\":\"114490261004685312\",\"inventoryType\":1,\"inventoryTypeName\":null,\"materialsType\":1,\"materialsTypeName\":\"自采\"},{\"id\":\"114490261264732161\",\"companyId\":\"87701602089046016\",\"companyName\":\"天地壹号大科技\",\"materialsSkuId\":\"114490261004685312\",\"inventoryType\":1,\"inventoryTypeName\":null,\"materialsType\":1,\"materialsTypeName\":\"自采\"},{\"id\":\"114490261264732162\",\"companyId\":\"107896707675140096\",\"companyName\":\"DAYLの森科技\",\"materialsSkuId\":\"114490261004685312\",\"inventoryType\":1,\"inventoryTypeName\":null,\"materialsType\":1,\"materialsTypeName\":\"自采\"},{\"id\":\"125615259697586176\",\"companyId\":\"116345659733286912\",\"companyName\":\"79号渔船\",\"materialsSkuId\":\"114490261004685312\",\"inventoryType\":1,\"inventoryTypeName\":null,\"materialsType\":1,\"materialsTypeName\":\"自采\"}],\"type\":null,\"pictureId\":null,\"pictureUrl\":null},{\"id\":null,\"bom\":null,\"materialId\":\"114490261004685313\",\"spuId\":\"114490260778192896\",\"name\":\"DLP投影仪 大 浅蓝20\",\"specification\":\"浅蓝色,纸箱-大号,20w\",\"unit\":\"11\",\"unitName\":\"卷\",\"sku\":\"DLP-17SS-LB-20W\",\"modelCode\":\"7533\",\"productionType\":0,\"productionTypeName\":\"研发物料\",\"companies\":[{\"id\":\"114490261264732163\",\"companyId\":\"114413786602979328\",\"companyName\":\"镂冰科技\",\"materialsSkuId\":\"114490261004685313\",\"inventoryType\":1,\"inventoryTypeName\":null,\"materialsType\":1,\"materialsTypeName\":\"自采\"},{\"id\":\"114490261264732164\",\"companyId\":\"87701602089046016\",\"companyName\":\"天地壹号大科技\",\"materialsSkuId\":\"114490261004685313\",\"inventoryType\":1,\"inventoryTypeName\":null,\"materialsType\":1,\"materialsTypeName\":\"自采\"},{\"id\":\"114490261264732165\",\"companyId\":\"107896707675140096\",\"companyName\":\"DAYLの森科技\",\"materialsSkuId\":\"114490261004685313\",\"inventoryType\":1,\"inventoryTypeName\":null,\"materialsType\":1,\"materialsTypeName\":\"自采\"},{\"id\":\"125615259701780480\",\"companyId\":\"116345659733286912\",\"companyName\":\"79号渔船\",\"materialsSkuId\":\"114490261004685313\",\"inventoryType\":1,\"inventoryTypeName\":null,\"materialsType\":1,\"materialsTypeName\":\"自采\"}],\"type\":null,\"pictureId\":null,\"pictureUrl\":null},{\"id\":null,\"bom\":null,\"materialId\":\"114490261004685314\",\"spuId\":\"114490260778192896\",\"name\":\"DLP投影仪 大 浅蓝50\",\"specification\":\"浅蓝色,纸箱-大号,50w\",\"unit\":\"11\",\"unitName\":\"卷\",\"sku\":\"DLP-17SS-LB-50W\",\"modelCode\":\"7533\",\"productionType\":0,\"productionTypeName\":\"研发物料\",\"companies\":[{\"id\":\"114490261264732166\",\"companyId\":\"114413786602979328\",\"companyName\":\"镂冰科技\",\"materialsSkuId\":\"114490261004685314\",\"inventoryType\":1,\"inventoryTypeName\":null,\"materialsType\":1,\"materialsTypeName\":\"自采\"},{\"id\":\"114490261264732167\",\"companyId\":\"87701602089046016\",\"companyName\":\"天地壹号大科技\",\"materialsSkuId\":\"114490261004685314\",\"inventoryType\":1,\"inventoryTypeName\":null,\"materialsType\":1,\"materialsTypeName\":\"自采\"},{\"id\":\"114490261264732168\",\"companyId\":\"107896707675140096\",\"companyName\":\"DAYLの森科技\",\"materialsSkuId\":\"114490261004685314\",\"inventoryType\":1,\"inventoryTypeName\":null,\"materialsType\":1,\"materialsTypeName\":\"自采\"},{\"id\":\"125615259701780481\",\"companyId\":\"116345659733286912\",\"companyName\":\"79号渔船\",\"materialsSkuId\":\"114490261004685314\",\"inventoryType\":1,\"inventoryTypeName\":null,\"materialsType\":1,\"materialsTypeName\":\"自采\"}],\"type\":null,\"pictureId\":null,\"pictureUrl\":null},{\"id\":null,\"bom\":null,\"materialId\":\"114490261004685315\",\"spuId\":\"114490260778192896\",\"name\":\"DLP投影仪 小 浅蓝100\",\"specification\":\"浅蓝色,纸箱-小号,100w\",\"unit\":\"11\",\"unitName\":\"卷\",\"sku\":\"DLP-17SS-SB-100W\",\"modelCode\":\"7533\",\"productionType\":0,\"productionTypeName\":\"研发物料\",\"companies\":[{\"id\":\"114490261264732169\",\"companyId\":\"114413786602979328\",\"companyName\":\"镂冰科技\",\"materialsSkuId\":\"114490261004685315\",\"inventoryType\":1,\"inventoryTypeName\":null,\"materialsType\":1,\"materialsTypeName\":\"自采\"},{\"id\":\"114490261264732170\",\"companyId\":\"87701602089046016\",\"companyName\":\"天地壹号大科技\",\"materialsSkuId\":\"114490261004685315\",\"inventoryType\":1,\"inventoryTypeName\":null,\"materialsType\":1,\"materialsTypeName\":\"自采\"},{\"id\":\"114490261264732171\",\"companyId\":\"107896707675140096\",\"companyName\":\"DAYLの森科技\",\"materialsSkuId\":\"114490261004685315\",\"inventoryType\":1,\"inventoryTypeName\":null,\"materialsType\":1,\"materialsTypeName\":\"自采\"},{\"id\":\"125615259714363392\",\"companyId\":\"116345659733286912\",\"companyName\":\"79号渔船\",\"materialsSkuId\":\"114490261004685315\",\"inventoryType\":1,\"inventoryTypeName\":null,\"materialsType\":1,\"materialsTypeName\":\"自采\"}],\"type\":null,\"pictureId\":null,\"pictureUrl\":null},{\"id\":null,\"bom\":null,\"materialId\":\"114490261004685316\",\"spuId\":\"114490260778192896\",\"name\":\"DLP投影仪 小 浅蓝20\",\"specification\":\"浅蓝色,纸箱-小号,20w\",\"unit\":\"11\",\"unitName\":\"卷\",\"sku\":\"DLP-17SS-SB-20W\",\"modelCode\":\"7533\",\"productionType\":0,\"productionTypeName\":\"研发物料\",\"companies\":[{\"id\":\"114490261264732172\",\"companyId\":\"114413786602979328\",\"companyName\":\"镂冰科技\",\"materialsSkuId\":\"114490261004685316\",\"inventoryType\":1,\"inventoryTypeName\":null,\"materialsType\":1,\"materialsTypeName\":\"自采\"},{\"id\":\"114490261264732173\",\"companyId\":\"87701602089046016\",\"companyName\":\"天地壹号大科技\",\"materialsSkuId\":\"114490261004685316\",\"inventoryType\":1,\"inventoryTypeName\":null,\"materialsType\":1,\"materialsTypeName\":\"自采\"},{\"id\":\"114490261264732174\",\"companyId\":\"107896707675140096\",\"companyName\":\"DAYLの森科技\",\"materialsSkuId\":\"114490261004685316\",\"inventoryType\":1,\"inventoryTypeName\":null,\"materialsType\":1,\"materialsTypeName\":\"自采\"},{\"id\":\"125615259714363393\",\"companyId\":\"116345659733286912\",\"companyName\":\"79号渔船\",\"materialsSkuId\":\"114490261004685316\",\"inventoryType\":1,\"inventoryTypeName\":null,\"materialsType\":1,\"materialsTypeName\":\"自采\"}],\"type\":null,\"pictureId\":null,\"pictureUrl\":null},{\"id\":null,\"bom\":null,\"materialId\":\"114490261004685317\",\"spuId\":\"114490260778192896\",\"name\":\"DLP投影仪 小 浅蓝50\",\"specification\":\"浅蓝色,纸箱-小号,50w\",\"unit\":\"11\",\"unitName\":\"卷\",\"sku\":\"DLP-17SS-SB-50W\",\"modelCode\":\"7533\",\"productionType\":0,\"productionTypeName\":\"研发物料\",\"companies\":[{\"id\":\"114490261264732175\",\"companyId\":\"114413786602979328\",\"companyName\":\"镂冰科技\",\"materialsSkuId\":\"114490261004685317\",\"inventoryType\":1,\"inventoryTypeName\":null,\"materialsType\":1,\"materialsTypeName\":\"自采\"},{\"id\":\"114490261264732176\",\"companyId\":\"87701602089046016\",\"companyName\":\"天地壹号大科技\",\"materialsSkuId\":\"114490261004685317\",\"inventoryType\":1,\"inventoryTypeName\":null,\"materialsType\":1,\"materialsTypeName\":\"自采\"},{\"id\":\"114490261264732177\",\"companyId\":\"107896707675140096\",\"companyName\":\"DAYLの森科技\",\"materialsSkuId\":\"114490261004685317\",\"inventoryType\":1,\"inventoryTypeName\":null,\"materialsType\":1,\"materialsTypeName\":\"自采\"},{\"id\":\"125615259722752000\",\"companyId\":\"116345659733286912\",\"companyName\":\"79号渔船\",\"materialsSkuId\":\"114490261004685317\",\"inventoryType\":1,\"inventoryTypeName\":null,\"materialsType\":1,\"materialsTypeName\":\"自采\"}],\"type\":null,\"pictureId\":null,\"pictureUrl\":null},{\"id\":null,\"bom\":null,\"materialId\":\"114490261004685318\",\"spuId\":\"114490260778192896\",\"name\":\"DLP投影仪 大 灰白100\",\"specification\":\"灰白色,纸箱-大号,100w\",\"unit\":\"11\",\"unitName\":\"卷\",\"sku\":\"DLP-17SS-LW-100W\",\"modelCode\":\"7533\",\"productionType\":0,\"productionTypeName\":\"研发物料\",\"companies\":[{\"id\":\"114490261264732178\",\"companyId\":\"114413786602979328\",\"companyName\":\"镂冰科技\",\"materialsSkuId\":\"114490261004685318\",\"inventoryType\":1,\"inventoryTypeName\":null,\"materialsType\":1,\"materialsTypeName\":\"自采\"},{\"id\":\"114490261264732179\",\"companyId\":\"87701602089046016\",\"companyName\":\"天地壹号大科技\",\"materialsSkuId\":\"114490261004685318\",\"inventoryType\":1,\"inventoryTypeName\":null,\"materialsType\":1,\"materialsTypeName\":\"自采\"},{\"id\":\"114490261264732180\",\"companyId\":\"107896707675140096\",\"companyName\":\"DAYLの森科技\",\"materialsSkuId\":\"114490261004685318\",\"inventoryType\":1,\"inventoryTypeName\":null,\"materialsType\":1,\"materialsTypeName\":\"自采\"},{\"id\":\"125615259726946304\",\"companyId\":\"116345659733286912\",\"companyName\":\"79号渔船\",\"materialsSkuId\":\"114490261004685318\",\"inventoryType\":1,\"inventoryTypeName\":null,\"materialsType\":1,\"materialsTypeName\":\"自采\"}],\"type\":null,\"pictureId\":null,\"pictureUrl\":null},{\"id\":null,\"bom\":null,\"materialId\":\"114490261004685319\",\"spuId\":\"114490260778192896\",\"name\":\"DLP投影仪 大 灰白20\",\"specification\":\"灰白色,纸箱-大号,20w\",\"unit\":\"11\",\"unitName\":\"卷\",\"sku\":\"DLP-17SS-LW-20W\",\"modelCode\":\"7533\",\"productionType\":0,\"productionTypeName\":\"研发物料\",\"companies\":[{\"id\":\"114490261264732181\",\"companyId\":\"114413786602979328\",\"companyName\":\"镂冰科技\",\"materialsSkuId\":\"114490261004685319\",\"inventoryType\":1,\"inventoryTypeName\":null,\"materialsType\":1,\"materialsTypeName\":\"自采\"},{\"id\":\"114490261264732182\",\"companyId\":\"87701602089046016\",\"companyName\":\"天地壹号大科技\",\"materialsSkuId\":\"114490261004685319\",\"inventoryType\":1,\"inventoryTypeName\":null,\"materialsType\":1,\"materialsTypeName\":\"自采\"},{\"id\":\"114490261264732183\",\"companyId\":\"107896707675140096\",\"companyName\":\"DAYLの森科技\",\"materialsSkuId\":\"114490261004685319\",\"inventoryType\":1,\"inventoryTypeName\":null,\"materialsType\":1,\"materialsTypeName\":\"自采\"},{\"id\":\"125615259739529216\",\"companyId\":\"116345659733286912\",\"companyName\":\"79号渔船\",\"materialsSkuId\":\"114490261004685319\",\"inventoryType\":1,\"inventoryTypeName\":null,\"materialsType\":1,\"materialsTypeName\":\"自采\"}],\"type\":null,\"pictureId\":null,\"pictureUrl\":null},{\"id\":null,\"bom\":null,\"materialId\":\"114490261004685320\",\"spuId\":\"114490260778192896\",\"name\":\"DLP投影仪 大 灰白50\",\"specification\":\"灰白色,纸箱-大号,50w\",\"unit\":\"11\",\"unitName\":\"卷\",\"sku\":\"DLP-17SS-LW-50W\",\"modelCode\":\"7533\",\"productionType\":0,\"productionTypeName\":\"研发物料\",\"companies\":[{\"id\":\"114490261264732184\",\"companyId\":\"114413786602979328\",\"companyName\":\"镂冰科技\",\"materialsSkuId\":\"114490261004685320\",\"inventoryType\":1,\"inventoryTypeName\":null,\"materialsType\":1,\"materialsTypeName\":\"自采\"},{\"id\":\"114490261264732185\",\"companyId\":\"87701602089046016\",\"companyName\":\"天地壹号大科技\",\"materialsSkuId\":\"114490261004685320\",\"inventoryType\":1,\"inventoryTypeName\":null,\"materialsType\":1,\"materialsTypeName\":\"自采\"},{\"id\":\"114490261264732186\",\"companyId\":\"107896707675140096\",\"companyName\":\"DAYLの森科技\",\"materialsSkuId\":\"114490261004685320\",\"inventoryType\":1,\"inventoryTypeName\":null,\"materialsType\":1,\"materialsTypeName\":\"自采\"},{\"id\":\"125615259743723520\",\"companyId\":\"116345659733286912\",\"companyName\":\"79号渔船\",\"materialsSkuId\":\"114490261004685320\",\"inventoryType\":1,\"inventoryTypeName\":null,\"materialsType\":1,\"materialsTypeName\":\"自采\"}],\"type\":null,\"pictureId\":null,\"pictureUrl\":null},{\"id\":null,\"bom\":null,\"materialId\":\"114490261004685321\",\"spuId\":\"114490260778192896\",\"name\":\"DLP投影仪 小 灰白100\",\"specification\":\"灰白色,纸箱-小号,100w\",\"unit\":\"11\",\"unitName\":\"卷\",\"sku\":\"DLP-17SS-SW-100W\",\"modelCode\":\"7533\",\"productionType\":0,\"productionTypeName\":\"研发物料\",\"companies\":[{\"id\":\"114490261264732187\",\"companyId\":\"114413786602979328\",\"companyName\":\"镂冰科技\",\"materialsSkuId\":\"114490261004685321\",\"inventoryType\":1,\"inventoryTypeName\":null,\"materialsType\":1,\"materialsTypeName\":\"自采\"},{\"id\":\"114490261264732188\",\"companyId\":\"87701602089046016\",\"companyName\":\"天地壹号大科技\",\"materialsSkuId\":\"114490261004685321\",\"inventoryType\":1,\"inventoryTypeName\":null,\"materialsType\":1,\"materialsTypeName\":\"自采\"},{\"id\":\"114490261264732189\",\"companyId\":\"107896707675140096\",\"companyName\":\"DAYLの森科技\",\"materialsSkuId\":\"114490261004685321\",\"inventoryType\":1,\"inventoryTypeName\":null,\"materialsType\":1,\"materialsTypeName\":\"自采\"},{\"id\":\"125615259743723521\",\"companyId\":\"116345659733286912\",\"companyName\":\"79号渔船\",\"materialsSkuId\":\"114490261004685321\",\"inventoryType\":1,\"inventoryTypeName\":null,\"materialsType\":1,\"materialsTypeName\":\"自采\"}],\"type\":null,\"pictureId\":null,\"pictureUrl\":null},{\"id\":null,\"bom\":null,\"materialId\":\"114490261004685322\",\"spuId\":\"114490260778192896\",\"name\":\"DLP投影仪 小 灰白20\",\"specification\":\"灰白色,纸箱-小号,20w\",\"unit\":\"11\",\"unitName\":\"卷\",\"sku\":\"DLP-17SS-SW-20W\",\"modelCode\":\"7533\",\"productionType\":0,\"productionTypeName\":\"研发物料\",\"companies\":[{\"id\":\"114490261264732190\",\"companyId\":\"114413786602979328\",\"companyName\":\"镂冰科技\",\"materialsSkuId\":\"114490261004685322\",\"inventoryType\":1,\"inventoryTypeName\":null,\"materialsType\":1,\"materialsTypeName\":\"自采\"},{\"id\":\"114490261264732191\",\"companyId\":\"87701602089046016\",\"companyName\":\"天地壹号大科技\",\"materialsSkuId\":\"114490261004685322\",\"inventoryType\":1,\"inventoryTypeName\":null,\"materialsType\":1,\"materialsTypeName\":\"自采\"},{\"id\":\"114490261264732192\",\"companyId\":\"107896707675140096\",\"companyName\":\"DAYLの森科技\",\"materialsSkuId\":\"114490261004685322\",\"inventoryType\":1,\"inventoryTypeName\":null,\"materialsType\":1,\"materialsTypeName\":\"自采\"},{\"id\":\"125615259747917824\",\"companyId\":\"116345659733286912\",\"companyName\":\"79号渔船\",\"materialsSkuId\":\"114490261004685322\",\"inventoryType\":1,\"inventoryTypeName\":null,\"materialsType\":1,\"materialsTypeName\":\"自采\"}],\"type\":null,\"pictureId\":null,\"pictureUrl\":null}],\"total\":33,\"size\":20,\"current\":1,\"orders\":[],\"hitCount\":false,\"searchCount\":true,\"pages\":2}}', '', 'pass', '熊飞', 1, '2021-06-23 08:55:39');
INSERT INTO `mingfeng_report` VALUES (64, 'Single 2021-06-23 16:55:37', '', '0', '商品', '查询存货类型', '1', 'http://172.24.14.70:80/goods/materials/spu/inventory', '', '13534173939', '{\"code\":\"000000\",\"msg\":\"操作成功\",\"data\":[{\"id\":1,\"cnName\":\"成品\",\"enName\":\"finished product\"},{\"id\":2,\"cnName\":\"半成品\",\"enName\":\"semi-finished product\"},{\"id\":3,\"cnName\":\"原材料\",\"enName\":\"raw materials\"}]}', '', 'pass', '熊飞', 1, '2021-06-23 08:55:39');
INSERT INTO `mingfeng_report` VALUES (65, 'Single 2021-06-23 16:55:37', '', '0', '商品', '物料列表-反审生产', '0', 'http://172.24.14.70:80/goods/materials/spu/reversProduct', '{\"materialsSkuId\":[\"138800172299776000\"],\"reversProductRemark\":\"9999\"}', '13534173939', '{\"code\":\"B00009\",\"msg\":\"SKU状态已变更，请重新刷新页面后再试\",\"data\":null}', 'assertResponse断言失败:比较方式=equals,预期=000000,实际=B00009;\n', 'fail', '熊飞', 1, '2021-06-23 08:55:39');
INSERT INTO `mingfeng_report` VALUES (66, 'Single 2021-06-23 16:55:37', '', '0', '商品', '获取物料SKU审核详情', '1', 'http://172.24.14.70:80/goods/materials/sku/check/detail', '?skuId=138800172299776000&spuId=138800171934871552', '13534173939', '{\"code\":\"B00014\",\"msg\":\"数据不存在\",\"data\":null}', 'assertResponse断言失败:比较方式=equals,预期=000000,实际=B00014;\n', 'fail', '熊飞', 1, '2021-06-23 08:55:39');
INSERT INTO `mingfeng_report` VALUES (67, 'Single 2021-06-23 16:55:37', '', '0', '商品', '根据分类id, 品牌id, 型号批量查询是否存在物料SPU', '0', 'http://172.24.14.70:80/goods/materials/spu/validate/batch', '[{\"categoryId\":\"138681881284636697\",\"cnName\":\"湿哒哒\",\"brandId\":\"126072848315097088\",\"modelCode\":\"asdasd\"}]', '13534173939', '{\"code\":\"B06106\",\"msg\":\"该分类、中文名称、品牌、型号已创建物料，请勿重复添加\",\"data\":null}', 'assertResponse断言失败:比较方式=equals,预期=000000,实际=B06106;\n', 'fail', '熊飞', 1, '2021-06-23 08:55:39');
INSERT INTO `mingfeng_report` VALUES (68, 'Single 2021-06-23 16:55:37', '', '0', '商品', '根据分类id, 品牌id, 型号查询是否存在物料SPU', '1', 'http://172.24.14.70:80/goods/materials/spu/categoryId/brandId/modelCode', '?brandId=126072848315097088&categoryId=138681881284636697&cnName=\"湿哒哒\"&modelCode=HHHHHH', '13534173939', '', '\nIllegal character in query at index 136: http://172.24.14.70:80/goods/materials/spu/categoryId/brandId/modelCode?brandId=126072848315097088&categoryId=138681881284636697&cnName=\"湿哒哒\"&modelCode=HHHHHH', 'fail', '熊飞', 1, '2021-06-23 08:55:39');
INSERT INTO `mingfeng_report` VALUES (69, 'Single 2021-06-23 16:55:37', '', '0', '商品', '物料列表-转为生产', '0', 'http://172.24.14.70:80/goods/materials/spu/toProduct', '[{\"spuId\":\"138800171934871552\",\"skuIdList\":[\"138800172299776000\"],\"transportList\":[{\"id\":\"138800172631126016\",\"materialSkuId\":\"138800172299776000\",\"customsClearanceType\":\"2\",\"chineseMaterial\":\"2\",\"englishMaterial\":\"2\",\"chineseUsage\":\"2\",\"englishUsage\":\"2\",\"magnetic\":1,\"charged\":1,\"customsCode\":null,\"customsName\":null,\"customsOffice\":null}],\"skuSizeList\":[{\"materialSkuId\":\"138800172299776000\",\"length\":\"2\",\"width\":\"2\",\"height\":\"2\",\"packageLength\":\"2\",\"packageWidth\":\"2\",\"packageHeight\":\"2\",\"netWeight\":\"2\",\"grossWeight\":\"2\"}],\"boxGaugeList\":[{\"id\":\"138800172530462720\",\"materialsSkuId\":\"138800172299776000\",\"skuId\":\"138808221919932416\",\"boxGaugeId\":\"138800172530462721\",\"defaultStatus\":1,\"boxLength\":\"2\",\"boxWidth\":\"2\",\"boxHigh\":\"2\",\"boxGrossWeight\":\"2\",\"singleBoxNum\":\"2\",\"remark\":\"2\"}],\"propertyKeyList\":[{\"skuId\":null,\"tenantId\":null,\"keyOptionId\":null,\"propertyKeyId\":\"1\",\"cnName\":\"品牌\",\"enName\":\"brand\",\"status\":0,\"type\":1,\"categoryPropertyType\":1,\"stage\":0,\"hide\":null,\"propertyModeVO\":{\"id\":\"1\",\"propertyId\":\"1\",\"mode\":4,\"valueLength\":0,\"decimalPoint\":0,\"datePattern\":0,\"modeName\":\"单选列表\",\"datePatternName\":null},\"standardName\":null,\"propertyKeyValues\":\"huawei\",\"remark\":\"初始化数据\",\"propertyOptionList\":[{\"propertyOptionId\":\"98579368626814976\"}],\"cnValue\":\"98579368626814976\"},{\"skuId\":null,\"tenantId\":null,\"keyOptionId\":null,\"propertyKeyId\":\"2\",\"cnName\":\"型号\",\"enName\":\"model\",\"status\":0,\"type\":1,\"categoryPropertyType\":1,\"stage\":0,\"hide\":null,\"propertyModeVO\":{\"id\":\"2\",\"propertyId\":\"2\",\"mode\":1,\"valueLength\":30,\"decimalPoint\":0,\"datePattern\":0,\"modeName\":\"文本\",\"datePatternName\":null},\"standardName\":null,\"propertyKeyValues\":\"3242S\",\"remark\":\"初始化数据\",\"propertyOptionList\":[{\"cnName\":\"3242S\"}],\"cnValue\":\"3242S\"}]}]', '13534173939', '{\"code\":\"B00009\",\"msg\":\"参数校验失败\",\"data\":null}', 'assertResponse断言失败:比较方式=equals,预期=000000,实际=B00009;\n', 'fail', '熊飞', 1, '2021-06-23 08:55:39');
INSERT INTO `mingfeng_report` VALUES (70, 'Single 2021-06-23 16:55:37', '', '0', '商品', '物料Sku审核不通过', '0', 'http://172.24.14.70:80/goods/materials/sku/check/nopass', '{\"checkSkuList\":[{\"sku\":\"JEhZeFPg\",\"skuId\":\"138800172299776000\",\"spuId\":\"138800171934871552\"}],\"checkType\":0,\"remark\":\"777\"}', '13534173939', '{\"code\":\"B00999\",\"msg\":\"未知异常\",\"data\":null}', 'assertResponse断言失败:比较方式=equals,预期=000000,实际=B00999;\n', 'fail', '熊飞', 1, '2021-06-23 08:55:40');
INSERT INTO `mingfeng_report` VALUES (71, 'Single 2021-06-23 16:55:37', '', '0', '商品', '物料Sku审核通过', '0', 'http://172.24.14.70:80/goods/materials/sku/check/pass', '{\"checkSkuList\":[{\"sku\":\"JEhZeFPg\",\"skuId\":\"138800172299776000\",\"spuId\":\"138800171934871552\"}],\"checkType\":0}', '13534173939', '{\"code\":\"B00014\",\"msg\":\"数据不存在\",\"data\":null}', 'assertResponse断言失败:比较方式=equals,预期=000000,实际=B00014;\n', 'fail', '熊飞', 1, '2021-06-23 08:55:40');
INSERT INTO `mingfeng_report` VALUES (72, 'Single 2021-06-23 16:55:37', '', '0', '商品', '获取撤回详情', '0', 'http://172.24.14.70:80/goods/materials/sku/check/retract/detail', '[\"138800171934871552\"]', '13534173939', '{\"code\":\"000000\",\"msg\":\"操作成功\",\"data\":[]}', '', 'pass', '熊飞', 1, '2021-06-23 08:55:40');
INSERT INTO `mingfeng_report` VALUES (73, 'Single 2021-06-23 16:55:37', '', '0', '商品', '物料SPU的保存', '0', 'http://172.24.14.70:80/goods/materials/spu', '{\"inventoryType\":1,\"pictureUrl\":\"\",\"propertyKeyList\":[{\"categoryPropertyType\":1,\"propertyModeVO\":{\"mode\":4,\"modeName\":\"单选列表\",\"decimalPoint\":0,\"datePattern\":0,\"valueLength\":0,\"id\":\"1\",\"propertyId\":\"1\"},\"remark\":\"初始化数据\",\"type\":1,\"cnName\":\"品牌\",\"stage\":0,\"propertyType\":1,\"tenantId\":\"0\",\"enName\":\"brand\",\"propertyKeyId\":\"1\",\"id\":\"1\",\"propertyOptionList\":[],\"enValue\":\",,,,,,,,,,,,,,,,,,,\",\"status\":0},{\"categoryPropertyType\":1,\"cnValue\":\"3242S\",\"propertyModeVO\":{\"mode\":1,\"modeName\":\"文本\",\"decimalPoint\":0,\"datePattern\":0,\"valueLength\":30,\"id\":\"2\",\"propertyId\":\"2\"},\"remark\":\"初始化数据\",\"type\":1,\"cnName\":\"型号\",\"stage\":0,\"propertyType\":1,\"tenantId\":\"0\",\"enName\":\"model\",\"propertyKeyId\":\"2\",\"id\":\"2\",\"propertyOptionList\":[{\"cnName\":\"3242S\"}],\"status\":0},{\"categoryPropertyType\":1,\"propertyModeVO\":{\"mode\":4,\"modeName\":\"单选列表\",\"decimalPoint\":0,\"datePattern\":0,\"valueLength\":0,\"id\":\"29728661072154624\",\"propertyId\":\"29728660900188160\"},\"remark\":\"\",\"type\":2,\"hide\":0,\"cnName\":\"显示器类型\",\"stage\":0,\"propertyType\":1,\"tenantId\":\"0\",\"enName\":\"Display type\",\"propertyKeyId\":\"29728660900188160\",\"id\":\"29728660900188160\",\"propertyOptionList\":[],\"enValue\":\"AMOLED,CRT,LED full-array,LED-backlit,LED-sidelit,OLED,Organic EL,Passive matrix\",\"status\":0},{\"categoryPropertyType\":2,\"propertyModeVO\":{\"mode\":4,\"modeName\":\"单选列表\",\"decimalPoint\":0,\"datePattern\":0,\"valueLength\":0,\"id\":\"29728665883021312\",\"propertyId\":\"29728665715249152\"},\"remark\":\"\",\"type\":2,\"hide\":0,\"cnName\":\"色卡\",\"stage\":0,\"propertyType\":1,\"tenantId\":\"0\",\"enName\":\"Colour atla\",\"propertyKeyId\":\"29728665715249152\",\"id\":\"29728665715249152\",\"propertyOptionList\":[],\"enValue\":\"Brown,Gold,Blue,Multi,Orange,Red\",\"status\":0}],\"unit\":5,\"cnName\":\"大参林3242型投影仪\",\"modelCode\":\"4hl9Nmxd\",\"enName\":\"\",\"categoryId\":\"81079683040194563\",\"platformIdList\":[\"16173756170874220\",\"16175893728993280\"],\"materialsSkuSaveList\":[{\"productionType\":0,\"packageWidth\":\"2\",\"remark\":\"3\",\"checkStatus\":0,\"pictureImg\":[],\"companyList\":[{\"companyId\":\"120656384108978176\",\"inventoryType\":1,\"materialsType\":1}],\"fileIds\":\"\",\"modelCode\":\"\",\"enName\":\"\",\"packageLength\":\"2\",\"sku\":\"3ERGjOTd\",\"fileList\":[],\"height\":\"2\",\"pictureUrl\":\"\",\"length\":\"2\",\"transport\":{\"chineseUsage\":\"2\",\"chineseMaterial\":\"2\",\"englishUsage\":\"2\",\"customsClearanceType\":\"2\",\"magnetic\":1,\"englishMaterial\":\"2\",\"charged\":1},\"specPropertyKeyList\":[{\"PropertyKeyValue\":\"颜色\",\"keyOptionId\":\"105751801547653120\",\"propertyModeVO\":{\"mode\":5,\"modeName\":\"多选列表\",\"decimalPoint\":0,\"datePattern\":0,\"valueLength\":0,\"id\":\"29728651395895296\",\"propertyId\":\"29728651219734528\"},\"29728651219734528\":\"灰白色\",\"stage\":0,\"optionKeyId\":\"105751801547653120\",\"propertyKeyId\":\"29728651219734528\",\"PropertyKeyId\":\"29728651219734528\",\"tablePropKey\":\"灰白色\",\"propertyOptionList\":[{\"propertyOptionId\":\"105751801547653120\"}]}],\"grossWeight\":\"2\",\"netWeight\":\"2\",\"packageHeight\":\"2\",\"condition\":[\"105751801547653120\"],\"cnName\":\"NmZHbiubCUPb\",\"boxGaugeList\":[{\"defaultStatus\":1,\"boxLength\":\"2\",\"boxHigh\":\"2\",\"boxGrossWeight\":\"2\",\"singleBoxNum\":\"2\",\"remark\":\"2\",\"boxWidth\":\"2\"}],\"width\":\"2\",\"105751801547653120\":\"105751801547653120\",\"rowIndex\":0,\"status\":1}]}', '13534173939', '{\"code\":\"000000\",\"msg\":\"操作成功\",\"data\":159064532631986176}', '', 'pass', '熊飞', 1, '2021-06-23 08:55:40');
INSERT INTO `mingfeng_report` VALUES (74, 'Single 2021-06-23 16:55:37', '', '0', '商品', '物料SPU的修改', '2', 'http://172.24.14.70:80/goods/materials/spu', '{\"brandId\":\"87924618065944576\",\"categoryId\":\"138761890225573888\",\"buyerId\":null,\"developerId\":null,\"inventoryType\":1,\"platformIdList\":[\"16173756170874220\",\"16173759546824236\"],\"cnName\":\"SKU-66-25\",\"enName\":null,\"modelCode\":\"A\",\"unit\":2,\"status\":1,\"pictureUrl\":\"\",\"id\":\"138787749355360256\",\"propertyKeyList\":[{\"skuId\":null,\"tenantId\":null,\"keyOptionId\":null,\"propertyKeyId\":\"1\",\"cnName\":\"品牌\",\"enName\":\"brand\",\"status\":0,\"type\":1,\"categoryPropertyType\":1,\"stage\":0,\"hide\":null,\"propertyModeVO\":{\"id\":\"1\",\"propertyId\":\"1\",\"mode\":4,\"valueLength\":0,\"decimalPoint\":0,\"datePattern\":0,\"modeName\":\"单选列表\",\"datePatternName\":null},\"standardName\":null,\"propertyKeyValues\":\"天地壹号\",\"remark\":\"初始化数据\",\"propertyOptionList\":[{\"propertyOptionId\":\"87924618065944576\"}],\"id\":\"1\",\"cnValue\":\"87924618065944576\"},{\"skuId\":null,\"tenantId\":null,\"keyOptionId\":null,\"propertyKeyId\":\"2\",\"cnName\":\"型号\",\"enName\":\"model\",\"status\":0,\"type\":1,\"categoryPropertyType\":1,\"stage\":0,\"hide\":null,\"propertyModeVO\":{\"id\":\"2\",\"propertyId\":\"2\",\"mode\":1,\"valueLength\":30,\"decimalPoint\":0,\"datePattern\":0,\"modeName\":\"文本\",\"datePatternName\":null},\"standardName\":null,\"propertyKeyValues\":\"A\",\"remark\":\"初始化数据\",\"propertyOptionList\":[{\"cnName\":\"A\"}],\"id\":\"2\",\"cnValue\":\"A\"},{\"skuId\":null,\"tenantId\":null,\"keyOptionId\":null,\"propertyKeyId\":\"90937191822958592\",\"cnName\":\"包装材料\",\"enName\":\"BZCL\",\"status\":0,\"type\":2,\"categoryPropertyType\":1,\"stage\":2,\"hide\":0,\"propertyModeVO\":{\"id\":\"90937191835541504\",\"propertyId\":\"90937191822958592\",\"mode\":5,\"valueLength\":0,\"decimalPoint\":0,\"datePattern\":0,\"modeName\":\"多选列表\",\"datePatternName\":null},\"standardName\":null,\"propertyKeyValues\":\"纸箱-大号\",\"remark\":\"\",\"propertyOptionList\":[{\"propertyOptionId\":\"90937191864901632\"}],\"id\":\"90937191822958592\",\"cnValue\":[\"90937191864901632\"]}],\"materialsSkuUpdateList\":[{\"sku\":\"SKU-66-25-01\",\"cnName\":\"SKU-66-25-01\",\"enName\":null,\"remark\":null,\"grossWeight\":\"1\",\"height\":\"1\",\"length\":\"1\",\"modelCode\":null,\"netWeight\":\"1\",\"packageHeight\":\"1\",\"packageLength\":\"1\",\"packageWidth\":\"1\",\"pictureImg\":[],\"fileList\":[],\"checkStatus\":0,\"productionType\":0,\"companyList\":[{\"id\":\"138787750773035008\",\"companyId\":\"116345659733286912\",\"companyName\":\"79号渔船\",\"materialsSkuId\":\"138787750546542592\",\"inventoryType\":1,\"inventoryTypeName\":\"成品\",\"materialsType\":1,\"materialsTypeName\":\"自采\"}],\"boxGaugeList\":[{\"id\":\"138787752119406592\",\"materialsSkuId\":\"138787750546542592\",\"skuId\":null,\"boxGaugeId\":\"138787752119406593\",\"defaultStatus\":1,\"boxLength\":\"1\",\"boxWidth\":\"1\",\"boxHigh\":\"1\",\"boxGrossWeight\":\"1\",\"singleBoxNum\":\"1\",\"remark\":\"1\"}],\"transport\":{\"id\":\"138787752358481920\",\"materialSkuId\":\"138787750546542592\",\"customsClearanceType\":\"1\",\"chineseMaterial\":\"1\",\"englishMaterial\":\"1\",\"chineseUsage\":\"1\",\"englishUsage\":\"1\",\"magnetic\":1,\"charged\":1,\"customsCode\":null,\"customsName\":null,\"customsOffice\":null},\"width\":\"1\",\"status\":1,\"specPropertyKeyList\":[{\"PropertyKeyId\":\"29728615010308096\",\"PropertyKeyValue\":\"国家\",\"optionKeyId\":\"29728615362629632\",\"propertyKeyId\":\"29728615010308096\",\"keyOptionId\":\"29728615362629632\",\"propertyModeVO\":{\"id\":\"29728615182274560\",\"propertyId\":\"29728615010308096\",\"mode\":5,\"valueLength\":0,\"decimalPoint\":0,\"datePattern\":0,\"modeName\":\"多选列表\",\"datePatternName\":null},\"tablePropKey\":\"美国\",\"stage\":0,\"propertyOptionList\":[{\"propertyOptionId\":\"29728615362629632\"}],\"29728615010308096\":\"美国\"}],\"condition\":[\"29728615362629632\"],\"29728615362629632\":\"29728615362629632\",\"id\":\"138787750546542592\",\"spuId\":\"138787749355360256\",\"index\":0,\"rowIndex\":0,\"_XID\":\"row_141\",\"pictureUrl\":\"\",\"fileIds\":\"\"}]}', '13534173939', '{\"code\":\"B00014\",\"msg\":\"数据不存在\",\"data\":null}', 'assertResponse断言失败:比较方式=equals,预期=000000,实际=B00014;\n', 'fail', '熊飞', 1, '2021-06-23 08:55:41');
INSERT INTO `mingfeng_report` VALUES (75, 'Single 2021-06-23 16:55:37', '', '0', '商品', '撤回转生产审核请求', '0', 'http://172.24.14.70:80/goods/materials/sku/check/retract', '[\"138800172299776000\"]', '13534173939', '{\"code\":\"000000\",\"msg\":\"操作成功\",\"data\":[]}', '', 'pass', '熊飞', 1, '2021-06-23 08:55:41');
INSERT INTO `mingfeng_report` VALUES (76, 'Single 2021-06-23 16:55:37', '', '0', '商品', '采购计划-物料sku分页查询', '0', 'http://172.24.14.70:80/goods/materials/sku/pageInPurchasePlan', '{\"companyId\":\"\",\"size\":20,\"current\":1,\"brandIdList\":[]}', '13534173939', '{\"code\":\"000000\",\"msg\":\"操作成功\",\"data\":{\"records\":[{\"materialId\":\"159064532879450112\",\"spuId\":\"159064532631986176\",\"sku\":\"3ERGjOTd\",\"skuName\":\"NmZHbiubCUPb\",\"skuEnName\":null,\"companyId\":null,\"modelCode\":\"4hl9Nmxd\",\"brandId\":null,\"brandName\":null,\"unit\":\"台\",\"pictureId\":null,\"pictureUrl\":null,\"materialsType\":1,\"materialsTypeName\":\"自采\",\"specification\":\"灰白色\",\"attritionRate\":null,\"cardinalNum\":null,\"dosageForm\":null,\"buyerId\":null,\"rootMaterialId\":null},{\"materialId\":\"159031547528605714\",\"spuId\":\"159031547528605707\",\"sku\":\"WWW91-AAA-001\",\"skuName\":\"WWW-AAA-001中文名\",\"skuEnName\":\"WWW-AAA-001中文名\",\"companyId\":null,\"modelCode\":\"AAA\",\"brandId\":\"126072848315097088\",\"brandName\":\"AAAS\",\"unit\":\"个\",\"pictureId\":null,\"pictureUrl\":null,\"materialsType\":1,\"materialsTypeName\":\"自采\",\"specification\":\"\",\"attritionRate\":null,\"cardinalNum\":null,\"dosageForm\":null,\"buyerId\":null,\"rootMaterialId\":null},{\"materialId\":\"159031547528605722\",\"spuId\":\"159031547528605707\",\"sku\":\"WWW91-AAA-002\",\"skuName\":\"WWW-AAA-002中文名\",\"skuEnName\":\"WWW-AAA-002中文名\",\"companyId\":null,\"modelCode\":\"AAA\",\"brandId\":\"126072848315097088\",\"brandName\":\"AAAS\",\"unit\":\"个\",\"pictureId\":null,\"pictureUrl\":null,\"materialsType\":1,\"materialsTypeName\":\"自采\",\"specification\":\"\",\"attritionRate\":null,\"cardinalNum\":null,\"dosageForm\":null,\"buyerId\":null,\"rootMaterialId\":null},{\"materialId\":\"159031547524411399\",\"spuId\":\"159031547524411392\",\"sku\":\"WWW92-BBB-001\",\"skuName\":\"WWW-BBB-001中文名\",\"skuEnName\":\"WWW-BBB-001中文名\",\"companyId\":null,\"modelCode\":\"AAA\",\"brandId\":\"126072848315097088\",\"brandName\":\"AAAS\",\"unit\":\"个\",\"pictureId\":null,\"pictureUrl\":null,\"materialsType\":1,\"materialsTypeName\":\"自采\",\"specification\":\"\",\"attritionRate\":null,\"cardinalNum\":null,\"dosageForm\":null,\"buyerId\":null,\"rootMaterialId\":null},{\"materialId\":\"159031547528605699\",\"spuId\":\"159031547524411392\",\"sku\":\"WWW92-BBB-002\",\"skuName\":\"WWW-BBB-002中文名\",\"skuEnName\":\"WWW-BBB-002中文名\",\"companyId\":null,\"modelCode\":\"AAA\",\"brandId\":\"126072848315097088\",\"brandName\":\"AAAS\",\"unit\":\"个\",\"pictureId\":null,\"pictureUrl\":null,\"materialsType\":1,\"materialsTypeName\":\"自采\",\"specification\":\"\",\"attritionRate\":null,\"cardinalNum\":null,\"dosageForm\":null,\"buyerId\":null,\"rootMaterialId\":null},{\"materialId\":\"159031213427126278\",\"spuId\":\"159031213422931968\",\"sku\":\"WWW9-AAA-001\",\"skuName\":\"WWW-AAA-001中文名\",\"skuEnName\":\"WWW-AAA-001中文名\",\"companyId\":null,\"modelCode\":\"AAA\",\"brandId\":\"126072848315097088\",\"brandName\":\"AAAS\",\"unit\":\"个\",\"pictureId\":null,\"pictureUrl\":null,\"materialsType\":1,\"materialsTypeName\":\"自采\",\"specification\":\"\",\"attritionRate\":null,\"cardinalNum\":null,\"dosageForm\":null,\"buyerId\":null,\"rootMaterialId\":null},{\"materialId\":\"159031213427126286\",\"spuId\":\"159031213422931968\",\"sku\":\"WWW9-AAA-002\",\"skuName\":\"WWW-AAA-002中文名\",\"skuEnName\":\"WWW-AAA-002中文名\",\"companyId\":null,\"modelCode\":\"AAA\",\"brandId\":\"126072848315097088\",\"brandName\":\"AAAS\",\"unit\":\"个\",\"pictureId\":null,\"pictureUrl\":null,\"materialsType\":1,\"materialsTypeName\":\"自采\",\"specification\":\"\",\"attritionRate\":null,\"cardinalNum\":null,\"dosageForm\":null,\"buyerId\":null,\"rootMaterialId\":null},{\"materialId\":\"159031213427126294\",\"spuId\":\"159031213422931968\",\"sku\":\"WWW9-BBB-001\",\"skuName\":\"WWW-BBB-001中文名\",\"skuEnName\":\"WWW-BBB-001中文名\",\"companyId\":null,\"modelCode\":\"AAA\",\"brandId\":\"126072848315097088\",\"brandName\":\"AAAS\",\"unit\":\"个\",\"pictureId\":null,\"pictureUrl\":null,\"materialsType\":1,\"materialsTypeName\":\"自采\",\"specification\":\"\",\"attritionRate\":null,\"cardinalNum\":null,\"dosageForm\":null,\"buyerId\":null,\"rootMaterialId\":null},{\"materialId\":\"159031213427126302\",\"spuId\":\"159031213422931968\",\"sku\":\"WWW9-BBB-002\",\"skuName\":\"WWW-BBB-002中文名\",\"skuEnName\":\"WWW-BBB-002中文名\",\"companyId\":null,\"modelCode\":\"AAA\",\"brandId\":\"126072848315097088\",\"brandName\":\"AAAS\",\"unit\":\"个\",\"pictureId\":null,\"pictureUrl\":null,\"materialsType\":1,\"materialsTypeName\":\"自采\",\"specification\":\"\",\"attritionRate\":null,\"cardinalNum\":null,\"dosageForm\":null,\"buyerId\":null,\"rootMaterialId\":null},{\"materialId\":\"158995019407769606\",\"spuId\":\"158995019403575296\",\"sku\":\"WWW3-AAA-001\",\"skuName\":\"WWW-AAA-001中文名\",\"skuEnName\":\"WWW-AAA-001中文名\",\"companyId\":null,\"modelCode\":\"AAA\",\"brandId\":\"126072848315097088\",\"brandName\":\"AAAS\",\"unit\":\"个\",\"pictureId\":null,\"pictureUrl\":null,\"materialsType\":1,\"materialsTypeName\":\"自采\",\"specification\":\"\",\"attritionRate\":null,\"cardinalNum\":null,\"dosageForm\":null,\"buyerId\":null,\"rootMaterialId\":null},{\"materialId\":\"158995019416158211\",\"spuId\":\"158995019403575296\",\"sku\":\"WWW3-BBB-001\",\"skuName\":\"WWW-BBB-001中文名\",\"skuEnName\":\"WWW-BBB-001中文名\",\"companyId\":null,\"modelCode\":\"AAA\",\"brandId\":\"126072848315097088\",\"brandName\":\"AAAS\",\"unit\":\"个\",\"pictureId\":null,\"pictureUrl\":null,\"materialsType\":1,\"materialsTypeName\":\"自采\",\"specification\":\"\",\"attritionRate\":null,\"cardinalNum\":null,\"dosageForm\":null,\"buyerId\":null,\"rootMaterialId\":null},{\"materialId\":\"158989745382162439\",\"spuId\":\"158989745382162432\",\"sku\":\"WWW2-AAA-001\",\"skuName\":\"WWW-AAA-001中文名\",\"skuEnName\":\"WWW-AAA-001中文名\",\"companyId\":null,\"modelCode\":\"AAA\",\"brandId\":\"126072848315097088\",\"brandName\":\"AAAS\",\"unit\":\"个\",\"pictureId\":null,\"pictureUrl\":null,\"materialsType\":1,\"materialsTypeName\":\"自采\",\"specification\":\"\",\"attritionRate\":null,\"cardinalNum\":null,\"dosageForm\":null,\"buyerId\":null,\"rootMaterialId\":null},{\"materialId\":\"158989745382162447\",\"spuId\":\"158989745382162432\",\"sku\":\"WWW2-BBB-001\",\"skuName\":\"WWW-BBB-001中文名\",\"skuEnName\":\"WWW-BBB-001中文名\",\"companyId\":null,\"modelCode\":\"AAA\",\"brandId\":\"126072848315097088\",\"brandName\":\"AAAS\",\"unit\":\"个\",\"pictureId\":null,\"pictureUrl\":null,\"materialsType\":1,\"materialsTypeName\":\"自采\",\"specification\":\"\",\"attritionRate\":null,\"cardinalNum\":null,\"dosageForm\":null,\"buyerId\":null,\"rootMaterialId\":null},{\"materialId\":\"158988011624661000\",\"spuId\":\"158988011624660992\",\"sku\":\"WWW-AAA-001\",\"skuName\":\"WWW-AAA-001中文名\",\"skuEnName\":\"WWW-AAA-001中文名\",\"companyId\":null,\"modelCode\":\"AAA\",\"brandId\":\"126072848315097088\",\"brandName\":\"AAAS\",\"unit\":\"个\",\"pictureId\":null,\"pictureUrl\":null,\"materialsType\":1,\"materialsTypeName\":\"自采\",\"specification\":\"\",\"attritionRate\":null,\"cardinalNum\":null,\"dosageForm\":null,\"buyerId\":null,\"rootMaterialId\":null},{\"materialId\":\"158988011628855300\",\"spuId\":\"158988011624660992\",\"sku\":\"WWW-AAA-002\",\"skuName\":\"WWW-AAA-002中文名\",\"skuEnName\":\"WWW-AAA-002中文名\",\"companyId\":null,\"modelCode\":\"AAA\",\"brandId\":\"126072848315097088\",\"brandName\":\"AAAS\",\"unit\":\"个\",\"pictureId\":null,\"pictureUrl\":null,\"materialsType\":1,\"materialsTypeName\":\"自采\",\"specification\":\"\",\"attritionRate\":null,\"cardinalNum\":null,\"dosageForm\":null,\"buyerId\":null,\"rootMaterialId\":null},{\"materialId\":\"158988011628855308\",\"spuId\":\"158988011624660992\",\"sku\":\"WWW-BBB-001\",\"skuName\":\"WWW-BBB-001中文名\",\"skuEnName\":\"WWW-BBB-001中文名\",\"companyId\":null,\"modelCode\":\"AAA\",\"brandId\":\"126072848315097088\",\"brandName\":\"AAAS\",\"unit\":\"个\",\"pictureId\":null,\"pictureUrl\":null,\"materialsType\":1,\"materialsTypeName\":\"自采\",\"specification\":\"\",\"attritionRate\":null,\"cardinalNum\":null,\"dosageForm\":null,\"buyerId\":null,\"rootMaterialId\":null},{\"materialId\":\"158988011628855316\",\"spuId\":\"158988011624660992\",\"sku\":\"WWW-BBB-002\",\"skuName\":\"WWW-BBB-002中文名\",\"skuEnName\":\"WWW-BBB-002中文名\",\"companyId\":null,\"modelCode\":\"AAA\",\"brandId\":\"126072848315097088\",\"brandName\":\"AAAS\",\"unit\":\"个\",\"pictureId\":null,\"pictureUrl\":null,\"materialsType\":1,\"materialsTypeName\":\"自采\",\"specification\":\"\",\"attritionRate\":null,\"cardinalNum\":null,\"dosageForm\":null,\"buyerId\":null,\"rootMaterialId\":null},{\"materialId\":\"158251797650722816\",\"spuId\":\"158251797172572160\",\"sku\":\"SKU-fyfj-ju-lanse-qianzhonshe-\",\"skuName\":\"方圆飞机-菊-蓝色-浅蓝色-001\",\"skuEnName\":\"001\",\"companyId\":null,\"modelCode\":\"fyfj001\",\"brandId\":\"158247371846307840\",\"brandName\":\"方圆品牌\",\"unit\":\"台\",\"pictureId\":\"158251682871029760\",\"pictureUrl\":\"http://vantop-nextop-test.oss-cn-shenzhen.aliyuncs.com/upload/1607336384730/20210621/158251682871029760.png\",\"materialsType\":1,\"materialsTypeName\":\"自采\",\"specification\":\"浅蓝色\",\"attritionRate\":null,\"cardinalNum\":null,\"dosageForm\":null,\"buyerId\":\"156167882694299648\",\"rootMaterialId\":null},{\"materialId\":\"158249442146373632\",\"spuId\":\"158249441278152704\",\"sku\":\"SKU-FYJP-l-zs-qls-001\",\"skuName\":\"方圆键盘-兰-棕色-浅蓝色-001\",\"skuEnName\":\"001\",\"companyId\":null,\"modelCode\":\"fyjp0001\",\"brandId\":\"158247371846307840\",\"brandName\":\"方圆品牌\",\"unit\":\"个\",\"pictureId\":\"158249433310605312\",\"pictureUrl\":\"http://vantop-nextop-test.oss-cn-shenzhen.aliyuncs.com/upload/1607336384730/20210621/158249433310605312.png\",\"materialsType\":1,\"materialsTypeName\":\"自采\",\"specification\":\"浅蓝色\",\"attritionRate\":null,\"cardinalNum\":null,\"dosageForm\":null,\"buyerId\":\"156167882694299648\",\"rootMaterialId\":null},{\"materialId\":\"148887900047855616\",\"spuId\":\"148887899733282816\",\"sku\":\"SKU-S526-001\",\"skuName\":\"SKU-S526-001中文名\",\"skuEnName\":null,\"companyId\":null,\"modelCode\":\"SSSD\",\"brandId\":\"87924618065944576\",\"brandName\":\"天地壹号\",\"unit\":\"瓶\",\"pictureId\":\"\",\"pictureUrl\":null,\"materialsType\":1,\"materialsTypeName\":\"自采\",\"specification\":\"浅蓝色,纸箱-小号,20w\",\"attritionRate\":null,\"cardinalNum\":null,\"dosageForm\":null,\"buyerId\":null,\"rootMaterialId\":null}],\"total\":3384,\"size\":20,\"current\":1,\"orders\":[],\"hitCount\":false,\"searchCount\":true,\"pages\":170}}', '', 'pass', '熊飞', 1, '2021-06-23 08:55:41');
INSERT INTO `mingfeng_report` VALUES (77, 'Single 2021-06-23 16:55:37', '', '0', '商品', '查询物料类型', '1', 'http://172.24.14.70:80/goods/materials/spu/type', '', '13534173939', '{\"code\":\"000000\",\"msg\":\"操作成功\",\"data\":[{\"id\":1,\"cnName\":\"自采\",\"enName\":\"self purchase\"},{\"id\":3,\"cnName\":\"组装\",\"enName\":\"assemble\"},{\"id\":4,\"cnName\":\"供应商提供\",\"enName\":\"supplier provided\"}]}', '', 'pass', '熊飞', 1, '2021-06-23 08:55:41');
INSERT INTO `mingfeng_report` VALUES (78, 'Single 2021-06-23 16:55:37', '', '0', '商品', '查看物料SPU详情', '1', 'http://172.24.14.70:80/goods/materials/spu/detail', '?id=138800171934871552', '13534173939', '{\"code\":\"B00014\",\"msg\":\"数据不存在\",\"data\":null}', 'assertResponse断言失败:比较方式=equals,预期=000000,实际=B00014;\n', 'fail', '熊飞', 1, '2021-06-23 08:55:41');
INSERT INTO `mingfeng_report` VALUES (79, 'Single 2021-06-23 16:55:37', '', '0', '商品', '通过主键id获取物料spu信息', '1', 'http://172.24.14.70:80/goods/materials/spu', '/138800171934871552', '13534173939', '{\"code\":\"B00014\",\"msg\":\"数据不存在\",\"data\":null}', 'assertResponse断言失败:比较方式=equals,预期=000000,实际=B00014;\n', 'fail', '熊飞', 1, '2021-06-23 08:55:41');
INSERT INTO `mingfeng_report` VALUES (80, 'Single 2021-06-23 16:55:37', '', '0', '商品', '根据物料skuId查询对应的箱规信息', '1', 'http://172.24.14.70:80/goods/materials/sku/listBoxGuageBySkuId', '?materialsSkuId=138787750546542592', '13534173939', '{\"code\":\"000000\",\"msg\":\"操作成功\",\"data\":[]}', '', 'pass', '熊飞', 1, '2021-06-23 08:55:41');
INSERT INTO `mingfeng_report` VALUES (81, 'Single 2021-06-23 16:55:37', '', '0', '商品', '物料列表-反审生产、转为生产、生成商品查询', '0', 'http://172.24.14.70:80/goods/materials/spu/check', '{\"spuIdList\":[\"138800171934871552\"],\"action\":1}', '13534173939', '{\"code\":\"B00999\",\"msg\":\"未知异常\",\"data\":null}', 'assertResponse断言失败:比较方式=equals,预期=000000,实际=B00999;\n', 'fail', '熊飞', 1, '2021-06-23 08:55:42');
INSERT INTO `mingfeng_report` VALUES (82, 'Single 2021-06-23 16:55:37', '', '0', '商品', 'BOM - 查询主bom单下的子物料清单', '0', 'http://172.24.14.70:80/goods/materials/sku/childBomMaterial', '{\"companyIdList\":[\"87701602089046016\"],\"topMaterialId\":\"90936061231538177\",\"specification\":\"\",\"materialSku\":\"\",\"name\":\"\",\"skuSelectValue\":1,\"skuSelectList\":\"\",\"size\":20,\"currentPage\":1,\"current\":1,\"total\":0,\"sizes\":\"\",\"layout\":\"total, sizes, prev, pager, next, jumper\"}', '13534173939', '{\"code\":\"000000\",\"msg\":\"操作成功\",\"data\":{\"records\":[{\"id\":null,\"bom\":null,\"materialId\":\"90939134679097346\",\"spuId\":\"90939134570045440\",\"name\":\"三角支架-白\",\"specification\":\"白色\",\"unit\":\"1\",\"unitName\":\"个\",\"sku\":\"sjzj-003\",\"modelCode\":\"sjzj-001\",\"productionType\":1,\"productionTypeName\":\"生产物料\",\"companies\":[{\"id\":\"90939134750400514\",\"companyId\":\"87701602089046016\",\"companyName\":\"天地壹号大科技\",\"materialsSkuId\":\"90939134679097346\",\"inventoryType\":1,\"inventoryTypeName\":null,\"materialsType\":1,\"materialsTypeName\":\"自采\"}],\"type\":null,\"pictureId\":null,\"pictureUrl\":null},{\"id\":null,\"bom\":null,\"materialId\":\"93474165424627712\",\"spuId\":\"93474165323964416\",\"name\":\"组装电源\",\"specification\":\"白色,纸箱-小号,50w\",\"unit\":\"1\",\"unitName\":\"个\",\"sku\":\"CJDY-ZZ1\",\"modelCode\":\"cjdysdfsd\",\"productionType\":0,\"productionTypeName\":\"研发物料\",\"companies\":[{\"id\":\"93474165500125184\",\"companyId\":\"87701602089046016\",\"companyName\":\"天地壹号大科技\",\"materialsSkuId\":\"93474165424627712\",\"inventoryType\":1,\"inventoryTypeName\":null,\"materialsType\":3,\"materialsTypeName\":\"组装\"}],\"type\":null,\"pictureId\":null,\"pictureUrl\":null},{\"id\":null,\"bom\":null,\"materialId\":\"93474165424627713\",\"spuId\":\"93474165323964416\",\"name\":\"供应商电源\",\"specification\":\"红色,纸箱-小号,50w\",\"unit\":\"1\",\"unitName\":\"个\",\"sku\":\"CJDY-GYS1\",\"modelCode\":\"cjdysdfsd\",\"productionType\":0,\"productionTypeName\":\"研发物料\",\"companies\":[{\"id\":\"93474165500125185\",\"companyId\":\"87701602089046016\",\"companyName\":\"天地壹号大科技\",\"materialsSkuId\":\"93474165424627713\",\"inventoryType\":1,\"inventoryTypeName\":null,\"materialsType\":3,\"materialsTypeName\":\"组装\"}],\"type\":null,\"pictureId\":null,\"pictureUrl\":null},{\"id\":null,\"bom\":null,\"materialId\":\"93474165424627714\",\"spuId\":\"93474165323964416\",\"name\":\"自采电源\",\"specification\":\"黄色,纸箱-小号,50w\",\"unit\":\"1\",\"unitName\":\"个\",\"sku\":\"CJDY-ZC1\",\"modelCode\":\"cjdysdfsd\",\"productionType\":0,\"productionTypeName\":\"研发物料\",\"companies\":[{\"id\":\"93474165500125186\",\"companyId\":\"87701602089046016\",\"companyName\":\"天地壹号大科技\",\"materialsSkuId\":\"93474165424627714\",\"inventoryType\":2,\"inventoryTypeName\":null,\"materialsType\":1,\"materialsTypeName\":\"自采\"}],\"type\":null,\"pictureId\":null,\"pictureUrl\":null},{\"id\":null,\"bom\":null,\"materialId\":\"93474988305129472\",\"spuId\":\"93474988229632000\",\"name\":\"耳机电池自采\",\"specification\":\"金色,纸箱-小号,20w\",\"unit\":\"1\",\"unitName\":\"个\",\"sku\":\"cjej-zicai\",\"modelCode\":\"cjdcqaa\",\"productionType\":0,\"productionTypeName\":\"研发物料\",\"companies\":[{\"id\":\"93474988384821248\",\"companyId\":\"87701602089046016\",\"companyName\":\"天地壹号大科技\",\"materialsSkuId\":\"93474988305129472\",\"inventoryType\":3,\"inventoryTypeName\":null,\"materialsType\":1,\"materialsTypeName\":\"自采\"}],\"type\":null,\"pictureId\":null,\"pictureUrl\":null},{\"id\":null,\"bom\":null,\"materialId\":\"93474988305129473\",\"spuId\":\"93474988229632000\",\"name\":\"耳机电池组装\",\"specification\":\"蓝色,纸箱-小号,20w\",\"unit\":\"1\",\"unitName\":\"个\",\"sku\":\"cjej-zuzhuang\",\"modelCode\":\"cjdcqaa\",\"productionType\":0,\"productionTypeName\":\"研发物料\",\"companies\":[{\"id\":\"93474988384821249\",\"companyId\":\"87701602089046016\",\"companyName\":\"天地壹号大科技\",\"materialsSkuId\":\"93474988305129473\",\"inventoryType\":1,\"inventoryTypeName\":null,\"materialsType\":3,\"materialsTypeName\":\"组装\"}],\"type\":null,\"pictureId\":null,\"pictureUrl\":null},{\"id\":null,\"bom\":null,\"materialId\":\"93474988305129474\",\"spuId\":\"93474988229632000\",\"name\":\"耳机电池供应商\",\"specification\":\"粉色,纸箱-小号,20w\",\"unit\":\"1\",\"unitName\":\"个\",\"sku\":\"cjej-gongyingshang\",\"modelCode\":\"cjdcqaa\",\"productionType\":0,\"productionTypeName\":\"研发物料\",\"companies\":[{\"id\":\"93474988384821250\",\"companyId\":\"87701602089046016\",\"companyName\":\"天地壹号大科技\",\"materialsSkuId\":\"93474988305129474\",\"inventoryType\":2,\"inventoryTypeName\":null,\"materialsType\":4,\"materialsTypeName\":\"供应商提供\"}],\"type\":null,\"pictureId\":null,\"pictureUrl\":null},{\"id\":null,\"bom\":null,\"materialId\":\"93475607900299264\",\"spuId\":\"93475607816413184\",\"name\":\"超级DPL投影仪自采\",\"specification\":\"白色,纸箱-小号,100w\",\"unit\":\"2\",\"unitName\":\"件\",\"sku\":\"CJDPLzicai\",\"modelCode\":\"CJDPL\",\"productionType\":1,\"productionTypeName\":\"生产物料\",\"companies\":[{\"id\":\"93475608013545472\",\"companyId\":\"87701602089046016\",\"companyName\":\"天地壹号大科技\",\"materialsSkuId\":\"93475607900299264\",\"inventoryType\":3,\"inventoryTypeName\":null,\"materialsType\":1,\"materialsTypeName\":\"自采\"}],\"type\":null,\"pictureId\":null,\"pictureUrl\":null},{\"id\":null,\"bom\":null,\"materialId\":\"93475607900299265\",\"spuId\":\"93475607816413184\",\"name\":\"超级DPL投影仪组装\",\"specification\":\"白色,纸箱-小号,20w\",\"unit\":\"2\",\"unitName\":\"件\",\"sku\":\"CJDPLzuzhuang\",\"modelCode\":\"CJDPL\",\"productionType\":1,\"productionTypeName\":\"生产物料\",\"companies\":[{\"id\":\"93475608013545473\",\"companyId\":\"87701602089046016\",\"companyName\":\"天地壹号大科技\",\"materialsSkuId\":\"93475607900299265\",\"inventoryType\":1,\"inventoryTypeName\":null,\"materialsType\":3,\"materialsTypeName\":\"组装\"}],\"type\":null,\"pictureId\":null,\"pictureUrl\":null},{\"id\":null,\"bom\":null,\"materialId\":\"93475607900299266\",\"spuId\":\"93475607816413184\",\"name\":\"超级DPL投影仪供应商\",\"specification\":\"白色,纸箱-小号,50w\",\"unit\":\"2\",\"unitName\":\"件\",\"sku\":\"CJDPLgongyingshang\",\"modelCode\":\"CJDPL\",\"productionType\":1,\"productionTypeName\":\"生产物料\",\"companies\":[{\"id\":\"93475608013545474\",\"companyId\":\"87701602089046016\",\"companyName\":\"天地壹号大科技\",\"materialsSkuId\":\"93475607900299266\",\"inventoryType\":3,\"inventoryTypeName\":null,\"materialsType\":1,\"materialsTypeName\":\"自采\"}],\"type\":null,\"pictureId\":null,\"pictureUrl\":null},{\"id\":null,\"bom\":null,\"materialId\":\"93509462581551104\",\"spuId\":\"93509462489276416\",\"name\":\"LCD投影仪\",\"specification\":\"白色,纸箱-大号,100w\",\"unit\":\"1\",\"unitName\":\"个\",\"sku\":\"LCD-KA-US001\",\"modelCode\":\"LCD投影仪\",\"productionType\":0,\"productionTypeName\":\"研发物料\",\"companies\":[{\"id\":\"93509462627688448\",\"companyId\":\"87701602089046016\",\"companyName\":\"天地壹号大科技\",\"materialsSkuId\":\"93509462581551104\",\"inventoryType\":1,\"inventoryTypeName\":null,\"materialsType\":1,\"materialsTypeName\":\"自采\"}],\"type\":null,\"pictureId\":null,\"pictureUrl\":null},{\"id\":null,\"bom\":null,\"materialId\":\"93509462581551105\",\"spuId\":\"93509462489276416\",\"name\":\"LCD投影仪\",\"specification\":\"白色,纸箱-大号,50w\",\"unit\":\"1\",\"unitName\":\"个\",\"sku\":\"LCD-KA-US002\",\"modelCode\":\"LCD投影仪\",\"productionType\":0,\"productionTypeName\":\"研发物料\",\"companies\":[{\"id\":\"93509462627688449\",\"companyId\":\"87701602089046016\",\"companyName\":\"天地壹号大科技\",\"materialsSkuId\":\"93509462581551105\",\"inventoryType\":1,\"inventoryTypeName\":null,\"materialsType\":1,\"materialsTypeName\":\"自采\"}],\"type\":null,\"pictureId\":null,\"pictureUrl\":null},{\"id\":null,\"bom\":null,\"materialId\":\"107977659713916928\",\"spuId\":\"107977659558727680\",\"name\":\"TC 55 投影仪 浅蓝\",\"specification\":\"浅蓝色,20w\",\"unit\":\"3\",\"unitName\":\"瓶\",\"sku\":\"DAYL-TC-SKU-001\",\"modelCode\":\"55\",\"productionType\":1,\"productionTypeName\":\"生产物料\",\"companies\":[{\"id\":\"107977659810385920\",\"companyId\":\"107896707675140096\",\"companyName\":\"DAYLの森科技\",\"materialsSkuId\":\"107977659713916928\",\"inventoryType\":1,\"inventoryTypeName\":null,\"materialsType\":1,\"materialsTypeName\":\"自采\"},{\"id\":\"107977659810385921\",\"companyId\":\"93437581892440064\",\"companyName\":\"大疆科技创新\",\"materialsSkuId\":\"107977659713916928\",\"inventoryType\":1,\"inventoryTypeName\":null,\"materialsType\":1,\"materialsTypeName\":\"自采\"},{\"id\":\"110507802235834368\",\"companyId\":\"87701602089046016\",\"companyName\":\"天地壹号大科技\",\"materialsSkuId\":\"107977659713916928\",\"inventoryType\":1,\"inventoryTypeName\":null,\"materialsType\":1,\"materialsTypeName\":\"自采\"}],\"type\":null,\"pictureId\":null,\"pictureUrl\":null},{\"id\":null,\"bom\":null,\"materialId\":\"107977659713916929\",\"spuId\":\"107977659558727680\",\"name\":\"TC 55 投影仪 灰白\",\"specification\":\"灰白色,20w\",\"unit\":\"3\",\"unitName\":\"瓶\",\"sku\":\"DAYL-TC-SKU-002\",\"modelCode\":\"55\",\"productionType\":1,\"productionTypeName\":\"生产物料\",\"companies\":[{\"id\":\"107977659810385922\",\"companyId\":\"107896707675140096\",\"companyName\":\"DAYLの森科技\",\"materialsSkuId\":\"107977659713916929\",\"inventoryType\":1,\"inventoryTypeName\":null,\"materialsType\":1,\"materialsTypeName\":\"自采\"},{\"id\":\"107977659810385923\",\"companyId\":\"93437581892440064\",\"companyName\":\"大疆科技创新\",\"materialsSkuId\":\"107977659713916929\",\"inventoryType\":1,\"inventoryTypeName\":null,\"materialsType\":1,\"materialsTypeName\":\"自采\"},{\"id\":\"110507802235834369\",\"companyId\":\"87701602089046016\",\"companyName\":\"天地壹号大科技\",\"materialsSkuId\":\"107977659713916929\",\"inventoryType\":1,\"inventoryTypeName\":null,\"materialsType\":1,\"materialsTypeName\":\"自采\"}],\"type\":null,\"pictureId\":null,\"pictureUrl\":null},{\"id\":null,\"bom\":null,\"materialId\":\"114490261004685312\",\"spuId\":\"114490260778192896\",\"name\":\"DLP投影仪 大 浅蓝100\",\"specification\":\"浅蓝色,纸箱-大号,100w\",\"unit\":\"11\",\"unitName\":\"卷\",\"sku\":\"DLP-17SS-LB-100W\",\"modelCode\":\"7533\",\"productionType\":0,\"productionTypeName\":\"研发物料\",\"companies\":[{\"id\":\"114490261264732160\",\"companyId\":\"114413786602979328\",\"companyName\":\"镂冰科技\",\"materialsSkuId\":\"114490261004685312\",\"inventoryType\":1,\"inventoryTypeName\":null,\"materialsType\":1,\"materialsTypeName\":\"自采\"},{\"id\":\"114490261264732161\",\"companyId\":\"87701602089046016\",\"companyName\":\"天地壹号大科技\",\"materialsSkuId\":\"114490261004685312\",\"inventoryType\":1,\"inventoryTypeName\":null,\"materialsType\":1,\"materialsTypeName\":\"自采\"},{\"id\":\"114490261264732162\",\"companyId\":\"107896707675140096\",\"companyName\":\"DAYLの森科技\",\"materialsSkuId\":\"114490261004685312\",\"inventoryType\":1,\"inventoryTypeName\":null,\"materialsType\":1,\"materialsTypeName\":\"自采\"},{\"id\":\"125615259697586176\",\"companyId\":\"116345659733286912\",\"companyName\":\"79号渔船\",\"materialsSkuId\":\"114490261004685312\",\"inventoryType\":1,\"inventoryTypeName\":null,\"materialsType\":1,\"materialsTypeName\":\"自采\"}],\"type\":null,\"pictureId\":null,\"pictureUrl\":null},{\"id\":null,\"bom\":null,\"materialId\":\"114490261004685313\",\"spuId\":\"114490260778192896\",\"name\":\"DLP投影仪 大 浅蓝20\",\"specification\":\"浅蓝色,纸箱-大号,20w\",\"unit\":\"11\",\"unitName\":\"卷\",\"sku\":\"DLP-17SS-LB-20W\",\"modelCode\":\"7533\",\"productionType\":0,\"productionTypeName\":\"研发物料\",\"companies\":[{\"id\":\"114490261264732163\",\"companyId\":\"114413786602979328\",\"companyName\":\"镂冰科技\",\"materialsSkuId\":\"114490261004685313\",\"inventoryType\":1,\"inventoryTypeName\":null,\"materialsType\":1,\"materialsTypeName\":\"自采\"},{\"id\":\"114490261264732164\",\"companyId\":\"87701602089046016\",\"companyName\":\"天地壹号大科技\",\"materialsSkuId\":\"114490261004685313\",\"inventoryType\":1,\"inventoryTypeName\":null,\"materialsType\":1,\"materialsTypeName\":\"自采\"},{\"id\":\"114490261264732165\",\"companyId\":\"107896707675140096\",\"companyName\":\"DAYLの森科技\",\"materialsSkuId\":\"114490261004685313\",\"inventoryType\":1,\"inventoryTypeName\":null,\"materialsType\":1,\"materialsTypeName\":\"自采\"},{\"id\":\"125615259701780480\",\"companyId\":\"116345659733286912\",\"companyName\":\"79号渔船\",\"materialsSkuId\":\"114490261004685313\",\"inventoryType\":1,\"inventoryTypeName\":null,\"materialsType\":1,\"materialsTypeName\":\"自采\"}],\"type\":null,\"pictureId\":null,\"pictureUrl\":null},{\"id\":null,\"bom\":null,\"materialId\":\"114490261004685314\",\"spuId\":\"114490260778192896\",\"name\":\"DLP投影仪 大 浅蓝50\",\"specification\":\"浅蓝色,纸箱-大号,50w\",\"unit\":\"11\",\"unitName\":\"卷\",\"sku\":\"DLP-17SS-LB-50W\",\"modelCode\":\"7533\",\"productionType\":0,\"productionTypeName\":\"研发物料\",\"companies\":[{\"id\":\"114490261264732166\",\"companyId\":\"114413786602979328\",\"companyName\":\"镂冰科技\",\"materialsSkuId\":\"114490261004685314\",\"inventoryType\":1,\"inventoryTypeName\":null,\"materialsType\":1,\"materialsTypeName\":\"自采\"},{\"id\":\"114490261264732167\",\"companyId\":\"87701602089046016\",\"companyName\":\"天地壹号大科技\",\"materialsSkuId\":\"114490261004685314\",\"inventoryType\":1,\"inventoryTypeName\":null,\"materialsType\":1,\"materialsTypeName\":\"自采\"},{\"id\":\"114490261264732168\",\"companyId\":\"107896707675140096\",\"companyName\":\"DAYLの森科技\",\"materialsSkuId\":\"114490261004685314\",\"inventoryType\":1,\"inventoryTypeName\":null,\"materialsType\":1,\"materialsTypeName\":\"自采\"},{\"id\":\"125615259701780481\",\"companyId\":\"116345659733286912\",\"companyName\":\"79号渔船\",\"materialsSkuId\":\"114490261004685314\",\"inventoryType\":1,\"inventoryTypeName\":null,\"materialsType\":1,\"materialsTypeName\":\"自采\"}],\"type\":null,\"pictureId\":null,\"pictureUrl\":null},{\"id\":null,\"bom\":null,\"materialId\":\"114490261004685315\",\"spuId\":\"114490260778192896\",\"name\":\"DLP投影仪 小 浅蓝100\",\"specification\":\"浅蓝色,纸箱-小号,100w\",\"unit\":\"11\",\"unitName\":\"卷\",\"sku\":\"DLP-17SS-SB-100W\",\"modelCode\":\"7533\",\"productionType\":0,\"productionTypeName\":\"研发物料\",\"companies\":[{\"id\":\"114490261264732169\",\"companyId\":\"114413786602979328\",\"companyName\":\"镂冰科技\",\"materialsSkuId\":\"114490261004685315\",\"inventoryType\":1,\"inventoryTypeName\":null,\"materialsType\":1,\"materialsTypeName\":\"自采\"},{\"id\":\"114490261264732170\",\"companyId\":\"87701602089046016\",\"companyName\":\"天地壹号大科技\",\"materialsSkuId\":\"114490261004685315\",\"inventoryType\":1,\"inventoryTypeName\":null,\"materialsType\":1,\"materialsTypeName\":\"自采\"},{\"id\":\"114490261264732171\",\"companyId\":\"107896707675140096\",\"companyName\":\"DAYLの森科技\",\"materialsSkuId\":\"114490261004685315\",\"inventoryType\":1,\"inventoryTypeName\":null,\"materialsType\":1,\"materialsTypeName\":\"自采\"},{\"id\":\"125615259714363392\",\"companyId\":\"116345659733286912\",\"companyName\":\"79号渔船\",\"materialsSkuId\":\"114490261004685315\",\"inventoryType\":1,\"inventoryTypeName\":null,\"materialsType\":1,\"materialsTypeName\":\"自采\"}],\"type\":null,\"pictureId\":null,\"pictureUrl\":null},{\"id\":null,\"bom\":null,\"materialId\":\"114490261004685316\",\"spuId\":\"114490260778192896\",\"name\":\"DLP投影仪 小 浅蓝20\",\"specification\":\"浅蓝色,纸箱-小号,20w\",\"unit\":\"11\",\"unitName\":\"卷\",\"sku\":\"DLP-17SS-SB-20W\",\"modelCode\":\"7533\",\"productionType\":0,\"productionTypeName\":\"研发物料\",\"companies\":[{\"id\":\"114490261264732172\",\"companyId\":\"114413786602979328\",\"companyName\":\"镂冰科技\",\"materialsSkuId\":\"114490261004685316\",\"inventoryType\":1,\"inventoryTypeName\":null,\"materialsType\":1,\"materialsTypeName\":\"自采\"},{\"id\":\"114490261264732173\",\"companyId\":\"87701602089046016\",\"companyName\":\"天地壹号大科技\",\"materialsSkuId\":\"114490261004685316\",\"inventoryType\":1,\"inventoryTypeName\":null,\"materialsType\":1,\"materialsTypeName\":\"自采\"},{\"id\":\"114490261264732174\",\"companyId\":\"107896707675140096\",\"companyName\":\"DAYLの森科技\",\"materialsSkuId\":\"114490261004685316\",\"inventoryType\":1,\"inventoryTypeName\":null,\"materialsType\":1,\"materialsTypeName\":\"自采\"},{\"id\":\"125615259714363393\",\"companyId\":\"116345659733286912\",\"companyName\":\"79号渔船\",\"materialsSkuId\":\"114490261004685316\",\"inventoryType\":1,\"inventoryTypeName\":null,\"materialsType\":1,\"materialsTypeName\":\"自采\"}],\"type\":null,\"pictureId\":null,\"pictureUrl\":null},{\"id\":null,\"bom\":null,\"materialId\":\"114490261004685317\",\"spuId\":\"114490260778192896\",\"name\":\"DLP投影仪 小 浅蓝50\",\"specification\":\"浅蓝色,纸箱-小号,50w\",\"unit\":\"11\",\"unitName\":\"卷\",\"sku\":\"DLP-17SS-SB-50W\",\"modelCode\":\"7533\",\"productionType\":0,\"productionTypeName\":\"研发物料\",\"companies\":[{\"id\":\"114490261264732175\",\"companyId\":\"114413786602979328\",\"companyName\":\"镂冰科技\",\"materialsSkuId\":\"114490261004685317\",\"inventoryType\":1,\"inventoryTypeName\":null,\"materialsType\":1,\"materialsTypeName\":\"自采\"},{\"id\":\"114490261264732176\",\"companyId\":\"87701602089046016\",\"companyName\":\"天地壹号大科技\",\"materialsSkuId\":\"114490261004685317\",\"inventoryType\":1,\"inventoryTypeName\":null,\"materialsType\":1,\"materialsTypeName\":\"自采\"},{\"id\":\"114490261264732177\",\"companyId\":\"107896707675140096\",\"companyName\":\"DAYLの森科技\",\"materialsSkuId\":\"114490261004685317\",\"inventoryType\":1,\"inventoryTypeName\":null,\"materialsType\":1,\"materialsTypeName\":\"自采\"},{\"id\":\"125615259722752000\",\"companyId\":\"116345659733286912\",\"companyName\":\"79号渔船\",\"materialsSkuId\":\"114490261004685317\",\"inventoryType\":1,\"inventoryTypeName\":null,\"materialsType\":1,\"materialsTypeName\":\"自采\"}],\"type\":null,\"pictureId\":null,\"pictureUrl\":null}],\"total\":38,\"size\":20,\"current\":1,\"orders\":[],\"hitCount\":false,\"searchCount\":true,\"pages\":2}}', '', 'pass', '熊飞', 1, '2021-06-23 08:55:42');
INSERT INTO `mingfeng_report` VALUES (83, 'Single 2021-06-23 17:09:56', '', '0', '商品', '生成渠道sku', '0', 'http://172.24.14.70:80/goods/channelSku/generate', '[{\"shopId\":\"92292293956587520\",\"skuCode\":\"Ts9g7q83\",\"channelSkuCode\":\"0I#Ts9p@g7b@q83#5t\",\"isEdit\":false,\"_XID\":\"row_99\"}]', '13534173939', '{\"code\":\"000000\",\"msg\":\"操作成功\",\"data\":[{\"shopId\":\"92292293956587520\",\"skuCode\":\"Ts9g7q83\",\"channelSkuCode\":\"xO#Ts92@g72@q83#7Y\"}]}', '', 'pass', '熊飞', 1, '2021-06-23 09:09:57');
INSERT INTO `mingfeng_report` VALUES (84, 'Single 2021-06-23 17:09:56', '', '0', '商品', '匹配公司SKU', '0', 'http://172.24.14.70:80/goods/listing/match', '[{\"country\":\"美国\",\"listingId\":\"93835126215147917\",\"msku\":\"24#HUA7@WEK@I-US001#Lx\",\"shopId\":\"107880902890196992\",\"sku\":\"HUAWEI-US002\",\"skuId\":\"132245089951608837\"}]', '13534173939', '{\"code\":\"B06122\",\"msg\":\"渠道SKU已存在\",\"data\":null}', 'assertResponse断言失败:比较方式=equals,预期=000000,实际=B06122;\n', 'fail', '熊飞', 1, '2021-06-23 09:09:57');
INSERT INTO `mingfeng_report` VALUES (85, 'Single 2021-06-23 17:09:56', '', '0', '商品', '添加渠道sku信息', '0', 'http://172.24.14.70:80/goods/channelSku/add', '[{\"isEdit\":false,\"_XID\":\"row_99\",\"channelSkuCode\":\"PacS2LnjJuAVHstKNSEQ3shBhglBnw\",\"shopId\":\"92292293956587520\",\"skuCode\":\"Ts9g7q83\"}]', '13534173939', '{\"code\":\"B00009\",\"msg\":\"未找到对应店铺或者店铺未授权\",\"data\":null}', 'assertResponse断言失败:比较方式=equals,预期=000000,实际=B00009;\n', 'fail', '熊飞', 1, '2021-06-23 09:09:57');
INSERT INTO `mingfeng_report` VALUES (86, 'Single 2021-06-23 17:09:56', '', '0', '商品', 'Listing列表分页查询', '0', 'http://172.24.14.70:80/goods/listing/page', '{\"current\":1,\"size\":20,\"country\":\"\",\"asin\":\"\",\"fnsku\":\"\",\"msku\":\"\",\"sku\":\"\",\"title\":\"\",\"shopIds\":[\"95320293555253248\"],\"matchType\":0,\"sendType\":0,\"status\":0}', '13534173939', '{\"code\":\"000000\",\"msg\":\"操作成功\",\"data\":{\"records\":[],\"total\":0,\"size\":10,\"current\":1,\"orders\":[],\"hitCount\":false,\"searchCount\":true,\"pages\":0}}', '', 'pass', '熊飞', 1, '2021-06-23 09:09:57');
INSERT INTO `mingfeng_report` VALUES (87, 'Single 2021-06-23 17:09:56', '', '0', '商品', '分页查询渠道sku列表', '0', 'http://172.24.14.70:80/goods/channelSku/pageChannel', '{\"size\":20,\"current\":1,\"createName\":\"\",\"name\":\"\",\"ids\":[],\"operatorId\":\"\",\"shopIds\":[],\"skuCode\":[],\"code\":[],\"createDate\":null,\"endDate\":null,\"hasUse\":null,\"salePlatUniqueCode\":null,\"claimName\":null,\"deteData\":null,\"changeKey\":\"skuCode\",\"changeValue\":\"\"}', '13534173939', '{\"code\":\"000000\",\"msg\":\"操作成功\",\"data\":{\"records\":[{\"id\":\"158990154121281536\",\"tenantId\":\"1607336384730\",\"skuCode\":\"SKU-SIZE-002\",\"code\":\"de86f69715224b39ad768e192ac09cbb\",\"shopName\":\"乐天1号店铺\",\"hasUse\":1,\"salePlatformUniqueCode\":\"2021-0606-4\",\"claimName\":\"郑园\",\"createName\":\"郑园\",\"createTime\":\"2021-06-23 12:00:06\",\"updateTime\":\"2021-06-23 12:00:06\",\"hasUseShow\":\"是\",\"country\":\"JP\",\"countryName\":\"日本\",\"platformType\":\"RAKUTEN\",\"platformTypeName\":\"乐天\",\"shopUrl\":\"\",\"assigner\":\"熊飞\"},{\"id\":\"158618001483575296\",\"tenantId\":\"1607336384730\",\"skuCode\":\"SKU-S526-003\",\"code\":\"VDJP-E10HAX-JPGY3A-A1S2\",\"shopName\":\"DAYL SHOP5-FR\",\"hasUse\":0,\"salePlatformUniqueCode\":null,\"claimName\":\"杜远东\",\"createName\":\"杜远东\",\"createTime\":\"2021-06-22 11:21:18\",\"updateTime\":\"2021-06-22 11:21:18\",\"hasUseShow\":\"否\",\"country\":\"FR\",\"countryName\":\"法国\",\"platformType\":\"AMAZON\",\"platformTypeName\":\"亚马逊\",\"shopUrl\":\"\",\"assigner\":null},{\"id\":\"158345858179334144\",\"tenantId\":\"1607336384730\",\"skuCode\":\"SKU-S526-003\",\"code\":\"123123123123\",\"shopName\":\"Topone DirectFR\",\"hasUse\":0,\"salePlatformUniqueCode\":null,\"claimName\":\"杜远东\",\"createName\":\"杜远东\",\"createTime\":\"2021-06-21 17:19:54\",\"updateTime\":\"2021-06-21 17:19:54\",\"hasUseShow\":\"否\",\"country\":\"FR\",\"countryName\":\"法国\",\"platformType\":\"AMAZON\",\"platformTypeName\":\"亚马逊\",\"shopUrl\":\"\",\"assigner\":\"熊飞\"},{\"id\":\"158252199764471808\",\"tenantId\":\"1607336384730\",\"skuCode\":\"ZHHHH-DD001\",\"code\":\"8X#ZHHo@HH8@-DD001#x1\",\"shopName\":\"DAYL SHOP1-UK\",\"hasUse\":0,\"salePlatformUniqueCode\":null,\"claimName\":\"熊飞\",\"createName\":\"熊飞\",\"createTime\":\"2021-06-21 11:07:44\",\"updateTime\":\"2021-06-21 11:07:44\",\"hasUseShow\":\"否\",\"country\":\"UK\",\"countryName\":\"英国\",\"platformType\":\"AMAZON\",\"platformTypeName\":\"亚马逊\",\"shopUrl\":\"\",\"assigner\":\"熊飞\"},{\"id\":\"158249800975331328\",\"tenantId\":\"1607336384730\",\"skuCode\":\"SKU-S526-002\",\"code\":\"RTV-HD7XXX-CADG0A-A1S4\",\"shopName\":\"DAYL SHOP1-DE\",\"hasUse\":0,\"salePlatformUniqueCode\":null,\"claimName\":\"杜远东\",\"createName\":\"杜远东\",\"createTime\":\"2021-06-21 10:58:12\",\"updateTime\":\"2021-06-21 10:58:12\",\"hasUseShow\":\"否\",\"country\":\"DE\",\"countryName\":\"德国\",\"platformType\":\"AMAZON\",\"platformTypeName\":\"亚马逊\",\"shopUrl\":\"\",\"assigner\":null},{\"id\":\"158249731505074176\",\"tenantId\":\"1607336384730\",\"skuCode\":\"SKU-S526-001\",\"code\":\"RTV-HD7XXX-CADG0A-A1S4\",\"shopName\":\"DAYL SHOP1-UK\",\"hasUse\":0,\"salePlatformUniqueCode\":null,\"claimName\":\"杜远东\",\"createName\":\"杜远东\",\"createTime\":\"2021-06-21 10:57:56\",\"updateTime\":\"2021-06-21 10:57:56\",\"hasUseShow\":\"否\",\"country\":\"UK\",\"countryName\":\"英国\",\"platformType\":\"AMAZON\",\"platformTypeName\":\"亚马逊\",\"shopUrl\":\"\",\"assigner\":null},{\"id\":\"158249531658645504\",\"tenantId\":\"1607336384730\",\"skuCode\":\"SKU-S526-003\",\"code\":\"vantop-test9goods-0003\",\"shopName\":\"乐天1号店铺\",\"hasUse\":1,\"salePlatformUniqueCode\":\"2021-0603-7\",\"claimName\":\"熊飞\",\"createName\":\"熊飞\",\"createTime\":\"2021-06-21 10:57:08\",\"updateTime\":\"2021-06-21 14:07:06\",\"hasUseShow\":\"是\",\"country\":\"JP\",\"countryName\":\"日本\",\"platformType\":\"RAKUTEN\",\"platformTypeName\":\"乐天\",\"shopUrl\":\"\",\"assigner\":\"熊飞\"},{\"id\":\"157277596387233792\",\"tenantId\":\"1607336384730\",\"skuCode\":\"SKU-SIZE-002\",\"code\":\"JR-VT-C01K-L470MX-JPWH2B\",\"shopName\":\"乐天1号店铺\",\"hasUse\":0,\"salePlatformUniqueCode\":null,\"claimName\":\"熊飞\",\"createName\":\"郑园\",\"createTime\":\"2021-06-18 18:35:01\",\"updateTime\":\"2021-06-18 18:35:01\",\"hasUseShow\":\"否\",\"country\":\"JP\",\"countryName\":\"日本\",\"platformType\":\"AMAZON\",\"platformTypeName\":\"亚马逊\",\"shopUrl\":\"\",\"assigner\":\"熊飞\"},{\"id\":\"157276615071092736\",\"tenantId\":\"1607336384730\",\"skuCode\":\"SKU-SIZE-002\",\"code\":\"JR-VT-CTAK-S20H-JPGY4A\",\"shopName\":\"乐天1号店铺\",\"hasUse\":0,\"salePlatformUniqueCode\":null,\"claimName\":\"熊飞\",\"createName\":\"郑园\",\"createTime\":\"2021-06-18 18:31:07\",\"updateTime\":\"2021-06-18 18:31:07\",\"hasUseShow\":\"否\",\"country\":\"JP\",\"countryName\":\"日本\",\"platformType\":\"AMAZON\",\"platformTypeName\":\"亚马逊\",\"shopUrl\":\"\",\"assigner\":\"熊飞\"},{\"id\":\"157273176242991104\",\"tenantId\":\"1607336384730\",\"skuCode\":\"SKU-S526-001\",\"code\":\"NKL-KYHD7X-USDG0A-A1S1\",\"shopName\":\"DAYL SHOP3-DE\",\"hasUse\":0,\"salePlatformUniqueCode\":null,\"claimName\":\"杜远东\",\"createName\":\"杜远东\",\"createTime\":\"2021-06-18 18:17:27\",\"updateTime\":\"2021-06-18 18:17:27\",\"hasUseShow\":\"否\",\"country\":\"DE\",\"countryName\":\"德国\",\"platformType\":\"AMAZON\",\"platformTypeName\":\"亚马逊\",\"shopUrl\":\"\",\"assigner\":\"熊飞\"},{\"id\":\"157262376797327360\",\"tenantId\":\"1607336384730\",\"skuCode\":\"SKU-SIZE-002\",\"code\":\"JR-VT-C02P-A15FXX-JPSV3A\",\"shopName\":\"乐天1号店铺\",\"hasUse\":0,\"salePlatformUniqueCode\":null,\"claimName\":\"熊飞\",\"createName\":\"郑园\",\"createTime\":\"2021-06-18 17:34:32\",\"updateTime\":\"2021-06-18 17:34:32\",\"hasUseShow\":\"否\",\"country\":\"JP\",\"countryName\":\"日本\",\"platformType\":\"AMAZON\",\"platformTypeName\":\"亚马逊\",\"shopUrl\":\"\",\"assigner\":\"熊飞\"},{\"id\":\"157260721292701696\",\"tenantId\":\"1607336384730\",\"skuCode\":\"SDKFJHSKDF-sdf-CVXV\",\"code\":\"234234234\",\"shopName\":\"乐天1号店铺\",\"hasUse\":0,\"salePlatformUniqueCode\":null,\"claimName\":\"熊飞\",\"createName\":\"熊飞\",\"createTime\":\"2021-06-18 17:27:57\",\"updateTime\":\"2021-06-18 17:27:57\",\"hasUseShow\":\"否\",\"country\":\"JP\",\"countryName\":\"日本\",\"platformType\":\"RAKUTEN\",\"platformTypeName\":\"乐天\",\"shopUrl\":\"\",\"assigner\":\"熊飞\"},{\"id\":\"157260721292701697\",\"tenantId\":\"1607336384730\",\"skuCode\":\"SDKFJHSKDF-sdf-CVXV\",\"code\":\"234234\",\"shopName\":\"DAYL SHOP4-CA\",\"hasUse\":0,\"salePlatformUniqueCode\":null,\"claimName\":\"熊飞\",\"createName\":\"熊飞\",\"createTime\":\"2021-06-18 17:27:57\",\"updateTime\":\"2021-06-18 17:27:57\",\"hasUseShow\":\"否\",\"country\":\"CA\",\"countryName\":\"加拿大\",\"platformType\":\"AMAZON\",\"platformTypeName\":\"亚马逊\",\"shopUrl\":\"\",\"assigner\":\"熊飞\"},{\"id\":\"157256171123232768\",\"tenantId\":\"1607336384730\",\"skuCode\":\"SKU-SIZE-002\",\"code\":\"JR-VT-C05K-S10FAX-JPBK3A\",\"shopName\":\"乐天1号店铺\",\"hasUse\":0,\"salePlatformUniqueCode\":null,\"claimName\":\"熊飞\",\"createName\":\"郑园\",\"createTime\":\"2021-06-18 17:09:52\",\"updateTime\":\"2021-06-18 17:09:52\",\"hasUseShow\":\"否\",\"country\":\"JP\",\"countryName\":\"日本\",\"platformType\":\"AMAZON\",\"platformTypeName\":\"亚马逊\",\"shopUrl\":\"\",\"assigner\":\"熊飞\"},{\"id\":\"157241712245854208\",\"tenantId\":\"1607336384730\",\"skuCode\":\"SKU-SIZE-002\",\"code\":\"JR-VT-C26Y-E31XXX-JPWH0A\",\"shopName\":\"乐天1号店铺\",\"hasUse\":0,\"salePlatformUniqueCode\":null,\"claimName\":\"熊飞\",\"createName\":\"郑园\",\"createTime\":\"2021-06-18 16:12:25\",\"updateTime\":\"2021-06-18 16:12:25\",\"hasUseShow\":\"否\",\"country\":\"JP\",\"countryName\":\"日本\",\"platformType\":\"AMAZON\",\"platformTypeName\":\"亚马逊\",\"shopUrl\":\"\",\"assigner\":\"熊飞\"},{\"id\":\"157239857228587008\",\"tenantId\":\"1607336384730\",\"skuCode\":\"ZXzxzxZxa1\",\"code\":\"123hkbasckj\",\"shopName\":\"DAYL SHOP1-FR\",\"hasUse\":0,\"salePlatformUniqueCode\":null,\"claimName\":\"熊飞\",\"createName\":\"熊飞\",\"createTime\":\"2021-06-18 16:05:03\",\"updateTime\":\"2021-06-18 16:05:03\",\"hasUseShow\":\"否\",\"country\":\"FR\",\"countryName\":\"法国\",\"platformType\":\"AMAZON\",\"platformTypeName\":\"亚马逊\",\"shopUrl\":\"\",\"assigner\":\"杜远东\"},{\"id\":\"157239596405792768\",\"tenantId\":\"1607336384730\",\"skuCode\":\"SDKFJHSKDF-sdf-CVXV\",\"code\":\"312312312312123\",\"shopName\":\"DAYL SHOP1-FR\",\"hasUse\":0,\"salePlatformUniqueCode\":null,\"claimName\":\"熊飞\",\"createName\":\"熊飞\",\"createTime\":\"2021-06-18 16:04:01\",\"updateTime\":\"2021-06-18 17:14:49\",\"hasUseShow\":\"否\",\"country\":\"FR\",\"countryName\":\"法国\",\"platformType\":\"AMAZON\",\"platformTypeName\":\"亚马逊\",\"shopUrl\":\"\",\"assigner\":\"杜远东\"},{\"id\":\"157236118300172288\",\"tenantId\":\"1607336384730\",\"skuCode\":\"SKU-GOODS04291-221\",\"code\":\"312312312312\",\"shopName\":\"DAYL SHOP1-FR\",\"hasUse\":0,\"salePlatformUniqueCode\":null,\"claimName\":\"熊飞\",\"createName\":\"熊飞\",\"createTime\":\"2021-06-18 15:50:11\",\"updateTime\":\"2021-06-18 15:50:11\",\"hasUseShow\":\"否\",\"country\":\"FR\",\"countryName\":\"法国\",\"platformType\":\"AMAZON\",\"platformTypeName\":\"亚马逊\",\"shopUrl\":\"\",\"assigner\":\"熊飞\"},{\"id\":\"157232240593063936\",\"tenantId\":\"1607336384730\",\"skuCode\":\"SKU-SIZE-002\",\"code\":\"JR-VT-CGTK-CM70-JPRD0A\",\"shopName\":\"乐天1号店铺\",\"hasUse\":0,\"salePlatformUniqueCode\":null,\"claimName\":\"熊飞\",\"createName\":\"郑园\",\"createTime\":\"2021-06-18 15:34:47\",\"updateTime\":\"2021-06-18 15:58:07\",\"hasUseShow\":\"否\",\"country\":\"JP\",\"countryName\":\"日本\",\"platformType\":\"AMAZON\",\"platformTypeName\":\"亚马逊\",\"shopUrl\":\"\",\"assigner\":\"熊飞\"},{\"id\":\"157231281221521408\",\"tenantId\":\"1607336384730\",\"skuCode\":\"SDKFJHSF-SDFSDF\",\"code\":\"JR-VT-CPJK-G300-JPBK0A\",\"shopName\":\"乐天1号店铺\",\"hasUse\":0,\"salePlatformUniqueCode\":null,\"claimName\":\"熊飞\",\"createName\":\"郑园\",\"createTime\":\"2021-06-18 15:30:58\",\"updateTime\":\"2021-06-18 15:30:58\",\"hasUseShow\":\"否\",\"country\":\"JP\",\"countryName\":\"日本\",\"platformType\":\"AMAZON\",\"platformTypeName\":\"亚马逊\",\"shopUrl\":\"\",\"assigner\":\"熊飞\"}],\"total\":130,\"size\":20,\"current\":1,\"orders\":[],\"hitCount\":false,\"searchCount\":true,\"pages\":7}}', '', 'pass', '熊飞', 1, '2021-06-23 09:09:58');
INSERT INTO `mingfeng_report` VALUES (88, 'Single 2021-06-23 17:09:56', '', '0', '商品', '获取链接访问地址', '1', 'http://172.24.14.70:80/goods/listing/getAccessUrl', '?asin=SAAAA&country=US&type=11', '13534173939', '{\"code\":\"000000\",\"msg\":\"操作成功\",\"data\":\"\"}', '', 'pass', '熊飞', 1, '2021-06-23 09:09:58');
INSERT INTO `mingfeng_report` VALUES (89, 'Single 2021-06-23 17:09:56', '', '0', '商品', 'sku保存', '0', 'http://172.24.14.70:80/goods/sku', '{\"skuPropertyKeyList\":[\"PropertyKeyBean对象\"],\"skuList\":[\"sku保存时接收参数对象\"],\"spuSaveForm\":\"spu保存的对象\",\"spuId\":\"nextop_spu的主键id\"}', '13534173939', '{\"code\":\"B00999\",\"msg\":\"未知异常\",\"data\":null}', 'assertResponse断言失败:比较方式=equals,预期=000000,实际=B00999;\n', 'fail', '熊飞', 1, '2021-06-23 09:09:58');
INSERT INTO `mingfeng_report` VALUES (90, 'Single 2021-06-23 17:09:56', '', '0', '商品', '通过分类id,品牌,型号查询sku', '1', 'http://172.24.14.70:80/goods/sku', '?brandId={品牌}&categoryId={分类id：}&modelCode={型号}', '13534173939', '', '\nIllegal character in query at index 41: http://172.24.14.70:80/goods/sku?brandId={品牌}&categoryId={分类id：}&modelCode={型号}', 'fail', '熊飞', 1, '2021-06-23 09:09:58');
INSERT INTO `mingfeng_report` VALUES (91, 'Single 2021-06-23 17:09:56', '', '0', '商品', 'sku修改', '2', 'http://172.24.14.70:80/goods/sku', '{\"skuPropertyKeyList\":[\"PropertyKeyBean对象\"],\"pictureUrl\":\"sku图片\",\"length\":\"长\",\"packageWidth\":\"包装尺寸 宽\",\"remark\":\"备注\",\"grossWeight\":\"毛重\",\"netWeight\":\"净重\",\"packageHeight\":\"包装尺寸 高\",\"cnName\":\"sku中文名称\",\"modelCode\":\"认证型号\",\"spuSaveForm\":\"spu保存的对象\",\"enName\":\"sku英文名称\",\"tenantId\":\"租户id\",\"width\":\"宽\",\"packageLength\":\"包装尺寸 长\",\"spuId\":\"nextop_spu的主键id\",\"id\":\"sku表主键\",\"sku\":\"sku号\",\"height\":\"高\",\"platformIdList\":[\"销售平台ID列表\"],\"status\":\"状态(1启用,2禁用)\"}', '13534173939', '{\"code\":\"B00999\",\"msg\":\"未知异常\",\"data\":null}', 'assertResponse断言失败:比较方式=equals,预期=000000,实际=B00999;\n', 'fail', '熊飞', 1, '2021-06-23 09:09:58');
INSERT INTO `mingfeng_report` VALUES (92, 'Single 2021-06-23 17:09:56', '', '0', '商品', '编辑销售平台唯一码', '0', 'http://172.24.14.70:80/goods/channelSku/editSalePlatformCode', '{\"id\":\"142390718740754432\",\"salePlatUniqueCode\":\"FFFFXC\"}', '13534173939', '{\"code\":\"B00014\",\"msg\":\"数据不存在\",\"data\":null}', 'assertResponse断言失败:比较方式=equals,预期=000000,实际=B00014;\n', 'fail', '熊飞', 1, '2021-06-23 09:09:58');
INSERT INTO `mingfeng_report` VALUES (93, 'Single 2021-06-23 17:09:56', '', '0', '商品', '编辑渠道sku', '0', 'http://172.24.14.70:80/goods/channelSku/edit', '{\"channelSkuCode\":\"sCZKagMGgav1hE0cpKuGaQeDj9jrqe\",\"shopId\":\"92292293956587520\",\"skuCode\":\"Ts9g7q83\"}', '13534173939', '{\"code\":\"000000\",\"msg\":\"操作成功\",\"data\":true}', '', 'pass', '熊飞', 1, '2021-06-23 09:09:59');
INSERT INTO `mingfeng_report` VALUES (94, 'Single 2021-06-23 17:09:56', '', '0', '商品', '解除Listing与公司SKU的匹配关系', '0', 'http://172.24.14.70:80/goods/listing/removeMatch', '{\"country\":\"站点\",\"msku\":\"msku\",\"listingId\":\"listing记录id\",\"shopId\":\"店铺id\",\"sku\":\"公司SKU\",\"skuId\":\"公司SKU主键id\"}', '13534173939', '{\"code\":\"B00999\",\"msg\":\"未知异常\",\"data\":null}', 'assertResponse断言失败:比较方式=equals,预期=000000,实际=B00999;\n', 'fail', '熊飞', 1, '2021-06-23 09:09:59');
INSERT INTO `mingfeng_report` VALUES (95, 'Single 2021-06-23 17:09:56', '', '0', '商品', '查询渠道sku', '1', 'http://172.24.14.70:80/goods/channelSku/channelSku', '?id=142392577975054336', '13534173939', '{\"code\":\"B00014\",\"msg\":\"数据不存在\",\"data\":null}', 'assertResponse断言失败:比较方式=equals,预期=000000,实际=B00014;\n', 'fail', '熊飞', 1, '2021-06-23 09:09:59');
INSERT INTO `mingfeng_report` VALUES (96, 'Single 2021-06-23 17:09:56', '', '0', '商品', '删除渠道sku', '3', 'http://172.24.14.70:80/goods/channelSku/channelSku', '?id=142392577975054336', '13534173939', '{\"code\":\"B00014\",\"msg\":\"数据不存在\",\"data\":null}', 'assertResponse断言失败:比较方式=equals,预期=000000,实际=B00014;\n', 'fail', '熊飞', 1, '2021-06-23 09:09:59');
INSERT INTO `mingfeng_report` VALUES (97, 'Single 2021-06-23 17:09:56', '', '0', '商品', '修改渠道sku', '2', 'http://172.24.14.70:80/goods/channelSku/channelSku', '{\"id\":\"142390718740754432\",\"skuId\":\"126826718047449088\"}', '13534173939', '{\"code\":\"B00014\",\"msg\":\"数据不存在\",\"data\":null}', 'assertResponse断言失败:比较方式=equals,预期=000000,实际=B00014;\n', 'fail', '熊飞', 1, '2021-06-23 09:09:59');
INSERT INTO `mingfeng_report` VALUES (98, 'Single 2021-06-23 17:09:56', '', '0', '商品', '批量设置运营', '2', 'http://172.24.14.70:80/goods/channelSku/operator', '{\"updateId\":\"修改人ID\",\"ids\":[\"待修改的记录id集合\"],\"operatorId\":\"新的运营人员id\"}', '13534173939', '{\"code\":\"B00999\",\"msg\":\"未知异常\",\"data\":null}', 'assertResponse断言失败:比较方式=equals,预期=000000,实际=B00999;\n', 'fail', '熊飞', 1, '2021-06-23 09:09:59');
INSERT INTO `mingfeng_report` VALUES (99, 'Single 2021-06-23 17:09:56', '', '0', '商品', '获取SPU的操作日志详情', '0', 'http://172.24.14.70:80/goods/operatelog/list', '?skuId={skuId}&spuId={spuId}', '13534173939', '{\"code\":\"B00999\",\"msg\":\"未知异常\",\"data\":null}', 'assertResponse断言失败:比较方式=equals,预期=000000,实际=B00999;\n', 'fail', '熊飞', 1, '2021-06-23 09:09:59');
INSERT INTO `mingfeng_report` VALUES (100, 'Single 2021-06-23 17:09:56', '', '0', '商品', '根据id查询品牌详情', '1', 'http://172.24.14.70:80/goods/brand/{id}', '?id={主键}', '13534173939', '', '\nIllegal character in path at index 35: http://172.24.14.70:80/goods/brand/{id}?id={主键}', 'fail', '熊飞', 1, '2021-06-23 09:09:59');
INSERT INTO `mingfeng_report` VALUES (101, 'Single 2021-06-23 17:09:56', '', '0', '商品', '通过主键id获取sku信息', '1', 'http://172.24.14.70:80/goods/sku/{id}', '?id={id}', '13534173939', '', '\nIllegal character in path at index 33: http://172.24.14.70:80/goods/sku/{id}?id={id}', 'fail', '熊飞', 1, '2021-06-23 09:09:59');
INSERT INTO `mingfeng_report` VALUES (102, 'Single 2021-06-23 17:09:56', '', '0', '商品', '物料Sku启用', '2', 'http://172.24.14.70:80/goods/materials/sku/enable', '', '13534173939', '{\"code\":\"B06101\",\"msg\":\"物料sku数据不存在,保存失败\",\"data\":null}', 'assertResponse断言失败:比较方式=equals,预期=000000,实际=B06101;\n', 'fail', '熊飞', 1, '2021-06-23 09:09:59');
INSERT INTO `mingfeng_report` VALUES (103, 'Single 2021-06-23 17:09:56', '', '0', '商品', '通过主键id获取spu信息（废弃）', '1', 'http://172.24.14.70:80/goods/spu/{id}', '?id={id}', '13534173939', '', '\nIllegal character in path at index 33: http://172.24.14.70:80/goods/spu/{id}?id={id}', 'fail', '熊飞', 1, '2021-06-23 09:09:59');
INSERT INTO `mingfeng_report` VALUES (104, 'Single 2021-06-23 17:09:56', '', '0', '商品', '通过SKU编码精确匹配sku信息', '1', 'http://172.24.14.70:80/goods/sku/bycode/{skuCode}', '?skuCode={skuCode}', '13534173939', '', '\nIllegal character in path at index 40: http://172.24.14.70:80/goods/sku/bycode/{skuCode}?skuCode={skuCode}', 'fail', '熊飞', 1, '2021-06-23 09:09:59');
INSERT INTO `mingfeng_report` VALUES (105, 'Single 2021-06-23 17:09:56', '', '0', '商品', '通过主键id获取spu信息', '1', 'http://172.24.14.70:80/goods/spu/edit/detail', '?skuId={skuId}&spuId={spuId}', '13534173939', '', '\nIllegal character in query at index 51: http://172.24.14.70:80/goods/spu/edit/detail?skuId={skuId}&spuId={spuId}', 'fail', '熊飞', 1, '2021-06-23 09:09:59');
INSERT INTO `mingfeng_report` VALUES (106, 'Single 2021-06-23 17:09:56', '', '0', '商品', '物料列表-生产商品审核', '0', 'http://172.24.14.70:80/goods/materials/spu/toGoods', '{\"spuId\":\"spuIds\",\"platformIds\":[\"适合销售平台Id列表\"],\"skuId\":\"skuId\"}', '13534173939', '{\"code\":\"B00999\",\"msg\":\"未知异常\",\"data\":null}', 'assertResponse断言失败:比较方式=equals,预期=000000,实际=B00999;\n', 'fail', '熊飞', 1, '2021-06-23 09:10:00');
INSERT INTO `mingfeng_report` VALUES (107, 'Single 2021-06-23 17:09:56', '', '0', '商品', '模糊查询租户下的sku', '1', 'http://172.24.14.70:80/goods/sku/skuCode/{skuCode}', '?skuCode={skuCode}', '13534173939', '', '\nIllegal character in path at index 41: http://172.24.14.70:80/goods/sku/skuCode/{skuCode}?skuCode={skuCode}', 'fail', '熊飞', 1, '2021-06-23 09:10:00');
INSERT INTO `mingfeng_report` VALUES (108, 'Single 2021-06-23 17:09:56', '', '0', '商品', '通过主键id获取物料spu信息', '1', 'http://172.24.14.70:80/goods/materials/spu/{id}', '?id={id}', '13534173939', '', '\nIllegal character in path at index 43: http://172.24.14.70:80/goods/materials/spu/{id}?id={id}', 'fail', '熊飞', 1, '2021-06-23 09:10:00');
INSERT INTO `mingfeng_report` VALUES (109, 'Single 2021-06-23 17:09:56', '', '0', '商品', '物料Sku禁用', '2', 'http://172.24.14.70:80/goods/materials/sku/disable', '', '13534173939', '{\"code\":\"B06101\",\"msg\":\"物料sku数据不存在,保存失败\",\"data\":null}', 'assertResponse断言失败:比较方式=equals,预期=000000,实际=B06101;\n', 'fail', '熊飞', 1, '2021-06-23 09:10:00');
INSERT INTO `mingfeng_report` VALUES (110, 'Single 2021-06-23 17:09:56', '', '0', '商品', '获取SPU的操作日志详情', '1', 'http://172.24.14.70:80/goods/operatelog/list', '?skuId={skuId}&spuId={spuId}', '13534173939', '', '\nIllegal character in query at index 51: http://172.24.14.70:80/goods/operatelog/list?skuId={skuId}&spuId={spuId}', 'fail', '熊飞', 1, '2021-06-23 09:10:00');
INSERT INTO `mingfeng_report` VALUES (111, 'Single 2021-06-23 17:09:56', '', '0', '商品', '添加组合商品', '0', 'http://172.24.14.70:80/goods/composeSku/add', '', '13534173939', '{\"code\":\"B00999\",\"msg\":\"未知异常\",\"data\":null}', '', 'pass', '熊飞', 1, '2021-06-23 09:10:00');
INSERT INTO `mingfeng_report` VALUES (112, 'Single 2021-06-23 17:09:56', '', '0', '商品', '移动分类', '0', 'http://172.24.14.70:80/goods/category/move', '', '13534173939', '{\"code\":\"B00999\",\"msg\":\"未知异常\",\"data\":null}', '', 'pass', '熊飞', 1, '2021-06-23 09:10:00');
INSERT INTO `mingfeng_report` VALUES (113, 'Single 2021-06-23 17:09:56', '', '0', '商品', '按照时间范围批量获取sku与属性信息--仅限社区独立站使用，后续改造成OpenApi形式', '0', 'http://172.24.14.70:80/goods/sku/scopeQuerySkuInfo', '', '13534173939', '{\"code\":\"B00999\",\"msg\":\"未知异常\",\"data\":null}', '', 'pass', '熊飞', 1, '2021-06-23 09:10:00');
INSERT INTO `mingfeng_report` VALUES (114, 'Single 2021-06-23 17:09:56', '', '0', '商品', '更新组合商品', '0', 'http://172.24.14.70:80/goods/composeSku/update', '', '13534173939', '{\"code\":\"B00999\",\"msg\":\"未知异常\",\"data\":null}', '', 'pass', '熊飞', 1, '2021-06-23 09:10:00');
INSERT INTO `mingfeng_report` VALUES (115, 'Single 2021-06-23 17:09:56', '', '0', '商品', '下载批量导入商品数据模板', '1', 'http://172.24.14.70:80/goods/sku/template/download', '', '13534173939', '{\"code\":\"A00006\",\"msg\":\"缺少必要的请求参数\",\"data\":null}', '', 'pass', '熊飞', 1, '2021-06-23 09:10:00');
INSERT INTO `mingfeng_report` VALUES (116, 'Single 2021-06-23 17:09:56', '', '0', '商品', '未认领-组合商品分页查询', '0', 'http://172.24.14.70:80/goods/skuClaim/composeSku/claimed', '', '13534173939', '{\"code\":\"B00999\",\"msg\":\"未知异常\",\"data\":null}', '', 'pass', '熊飞', 1, '2021-06-23 09:10:00');
INSERT INTO `mingfeng_report` VALUES (117, 'Single 2021-06-23 17:09:56', '', '0', '商品', '获取组合商品清单的商品SKU选择列表', '0', 'http://172.24.14.70:80/goods/sku/compose/select/page', '', '13534173939', '{\"code\":\"B00999\",\"msg\":\"未知异常\",\"data\":null}', '', 'pass', '熊飞', 1, '2021-06-23 09:10:00');
INSERT INTO `mingfeng_report` VALUES (118, 'Single 2021-06-23 17:09:56', '', '0', '商品', '导入商品数据', '0', 'http://172.24.14.70:80/goods/sku/importSku', '', '13534173939', '{\"code\":\"B00999\",\"msg\":\"未知异常\",\"data\":null}', '', 'pass', '熊飞', 1, '2021-06-23 09:10:01');
INSERT INTO `mingfeng_report` VALUES (119, 'Single 2021-06-23 17:09:56', '', '0', '商品', '组合商品启用', '0', 'http://172.24.14.70:80/goods/composeSku/enable', '', '13534173939', '{\"code\":\"B00999\",\"msg\":\"未知异常\",\"data\":null}', '', 'pass', '熊飞', 1, '2021-06-23 09:10:01');
INSERT INTO `mingfeng_report` VALUES (120, 'Single 2021-06-23 17:09:56', '', '0', '商品', '组合商品分页条件查询', '0', 'http://172.24.14.70:80/goods/composeSku/page', '', '13534173939', '{\"code\":\"B00999\",\"msg\":\"未知异常\",\"data\":null}', '', 'pass', '熊飞', 1, '2021-06-23 09:10:01');
INSERT INTO `mingfeng_report` VALUES (121, 'Single 2021-06-23 17:09:56', '', '0', '商品', '删除分类', '0', 'http://172.24.14.70:80/goods/category/remove', '', '13534173939', '{\"code\":\"B00999\",\"msg\":\"未知异常\",\"data\":null}', '', 'pass', '熊飞', 1, '2021-06-23 09:10:01');
INSERT INTO `mingfeng_report` VALUES (122, 'Single 2021-06-23 17:09:56', '', '0', '商品', '组合商品禁用', '0', 'http://172.24.14.70:80/goods/composeSku/disable', '', '13534173939', '{\"code\":\"B00999\",\"msg\":\"未知异常\",\"data\":null}', '', 'pass', '熊飞', 1, '2021-06-23 09:10:01');
INSERT INTO `mingfeng_report` VALUES (123, 'Single 2021-06-23 17:09:56', '', '0', '商品', '添加分类', '0', 'http://172.24.14.70:80/goods/category/add', '', '13534173939', '{\"code\":\"B00999\",\"msg\":\"未知异常\",\"data\":null}', '', 'pass', '熊飞', 1, '2021-06-23 09:10:01');
INSERT INTO `mingfeng_report` VALUES (124, 'Single 2021-06-23 17:09:56', '', '0', '商品', '查询单个组合商品', '1', 'http://172.24.14.70:80/goods/composeSku/get', '', '13534173939', '{\"code\":\"A00006\",\"msg\":\"缺少必要的请求参数\",\"data\":null}', '', 'pass', '熊飞', 1, '2021-06-23 09:10:01');
INSERT INTO `mingfeng_report` VALUES (125, 'Single 2021-06-23 17:09:56', '', '0', '商品', '已认领-组合商品分页查询', '0', 'http://172.24.14.70:80/goods/skuClaim/composeSku/finished', '', '13534173939', '{\"code\":\"B00999\",\"msg\":\"未知异常\",\"data\":null}', '', 'pass', '熊飞', 1, '2021-06-23 09:10:01');
INSERT INTO `mingfeng_report` VALUES (126, 'Single 2021-06-23 17:15:45', '', '0', '商品', 'sku分页查询(简单实体)', '0', 'http://172.24.14.70:80/goods/sku/page/list', '{\"current\":1,\"status\":null,\"categoryId\":null,\"size\":20,\"brandIdList\":[]}', '13534173939', '{\"code\":\"000000\",\"msg\":\"操作成功\",\"data\":{\"records\":[{\"updateTime\":null,\"createTime\":null,\"createId\":null,\"updateId\":null,\"id\":\"90941016717828096\",\"sku\":\"TYY-DPL-001-W\",\"tenantId\":1607336384730,\"spuId\":90941016445198336,\"cnName\":\"DPL投影仪-白\",\"enName\":\"TYY-W\",\"pictureUrl\":null,\"status\":1,\"modelCode\":null,\"length\":\"200\",\"width\":\"200\",\"height\":\"200\",\"packageLength\":null,\"packageWidth\":null,\"packageHeight\":null,\"netWeight\":\"1000\",\"grossWeight\":\"1000\",\"remark\":\"投影仪\",\"source\":null,\"skuType\":null,\"unit\":null},{\"updateTime\":null,\"createTime\":null,\"createId\":null,\"updateId\":null,\"id\":\"90941016722022401\",\"sku\":\"TYY-DPL-001-Y\",\"tenantId\":1607336384730,\"spuId\":90941016445198336,\"cnName\":\"DPL投影仪-金\",\"enName\":\"TYY-Y\",\"pictureUrl\":null,\"status\":1,\"modelCode\":null,\"length\":\"200\",\"width\":\"200\",\"height\":\"200\",\"packageLength\":null,\"packageWidth\":null,\"packageHeight\":null,\"netWeight\":\"1000\",\"grossWeight\":\"1000\",\"remark\":\"投影仪\",\"source\":null,\"skuType\":null,\"unit\":null},{\"updateTime\":null,\"createTime\":null,\"createId\":null,\"updateId\":null,\"id\":\"90941016722022403\",\"sku\":\"sjzj-001\",\"tenantId\":1607336384730,\"spuId\":90941016445198341,\"cnName\":\"三角支架-蓝\",\"enName\":\"sjzj-001\",\"pictureUrl\":null,\"status\":1,\"modelCode\":null,\"length\":\"1000\",\"width\":\"20\",\"height\":\"20\",\"packageLength\":null,\"packageWidth\":null,\"packageHeight\":null,\"netWeight\":\"1500\",\"grossWeight\":\"1500\",\"remark\":null,\"source\":null,\"skuType\":null,\"unit\":null},{\"updateTime\":null,\"createTime\":null,\"createId\":null,\"updateId\":null,\"id\":\"90941795637829632\",\"sku\":\"BIG-DY-002\",\"tenantId\":1607336384730,\"spuId\":90941795537166336,\"cnName\":\"BIG-DY-002\",\"enName\":\"BIG-DY-002\",\"pictureUrl\":null,\"status\":1,\"modelCode\":null,\"length\":\"1000\",\"width\":\"100\",\"height\":\"100\",\"packageLength\":null,\"packageWidth\":null,\"packageHeight\":null,\"netWeight\":\"1000\",\"grossWeight\":\"1000\",\"remark\":\"BIG-DY-002\",\"source\":null,\"skuType\":null,\"unit\":null},{\"updateTime\":null,\"createTime\":null,\"createId\":null,\"updateId\":null,\"id\":\"93447634837020672\",\"sku\":\"ejdc-03\",\"tenantId\":1607336384730,\"spuId\":93447634560196608,\"cnName\":\"耳机电池\",\"enName\":\"ejdc\",\"pictureUrl\":null,\"status\":1,\"modelCode\":null,\"length\":\"10\",\"width\":\"10\",\"height\":\"10\",\"packageLength\":null,\"packageWidth\":null,\"packageHeight\":null,\"netWeight\":\"10\",\"grossWeight\":\"10\",\"remark\":\"cxzczxc\",\"source\":null,\"skuType\":null,\"unit\":null},{\"updateTime\":null,\"createTime\":null,\"createId\":null,\"updateId\":null,\"id\":\"93509663547432960\",\"sku\":\"LCD-KA-US001\",\"tenantId\":1607336384730,\"spuId\":93509663421603840,\"cnName\":\"LCD投影仪\",\"enName\":\"LCD投影仪\",\"pictureUrl\":null,\"status\":1,\"modelCode\":null,\"length\":\"100\",\"width\":\"100\",\"height\":\"100\",\"packageLength\":null,\"packageWidth\":null,\"packageHeight\":null,\"netWeight\":\"100\",\"grossWeight\":\"100\",\"remark\":null,\"source\":null,\"skuType\":null,\"unit\":null},{\"updateTime\":null,\"createTime\":null,\"createId\":null,\"updateId\":null,\"id\":\"93509663547432964\",\"sku\":\"LCD-KA-US002\",\"tenantId\":1607336384730,\"spuId\":93509663421603840,\"cnName\":\"LCD投影仪\",\"enName\":\"LCD投影仪\",\"pictureUrl\":null,\"status\":1,\"modelCode\":null,\"length\":\"100\",\"width\":\"100\",\"height\":\"100\",\"packageLength\":null,\"packageWidth\":null,\"packageHeight\":null,\"netWeight\":\"100\",\"grossWeight\":\"100\",\"remark\":null,\"source\":null,\"skuType\":null,\"unit\":null},{\"updateTime\":null,\"createTime\":null,\"createId\":null,\"updateId\":null,\"id\":\"107978047842226176\",\"sku\":\"DAYL-TC-SKU-001\",\"tenantId\":1607336384730,\"spuId\":107978047087251456,\"cnName\":\"TC 55 投影仪 浅蓝\",\"enName\":null,\"pictureUrl\":null,\"status\":1,\"modelCode\":null,\"length\":\"12\",\"width\":\"12\",\"height\":\"12\",\"packageLength\":null,\"packageWidth\":null,\"packageHeight\":null,\"netWeight\":\"14\",\"grossWeight\":\"14\",\"remark\":null,\"source\":null,\"skuType\":null,\"unit\":null},{\"updateTime\":null,\"createTime\":null,\"createId\":null,\"updateId\":null,\"id\":\"107978047846420483\",\"sku\":\"DAYL-TC-SKU-002\",\"tenantId\":1607336384730,\"spuId\":107978047087251456,\"cnName\":\"TC 55 投影仪 灰白\",\"enName\":null,\"pictureUrl\":null,\"status\":1,\"modelCode\":null,\"length\":\"12\",\"width\":\"12\",\"height\":\"12\",\"packageLength\":null,\"packageWidth\":null,\"packageHeight\":null,\"netWeight\":\"14\",\"grossWeight\":\"14\",\"remark\":null,\"source\":null,\"skuType\":null,\"unit\":null},{\"updateTime\":null,\"createTime\":null,\"createId\":null,\"updateId\":null,\"id\":\"114492276199985152\",\"sku\":\"DLP-17SS-LB-100W\",\"tenantId\":1607336384730,\"spuId\":114492275252072448,\"cnName\":\"DLP投影仪 大 浅蓝100\",\"enName\":null,\"pictureUrl\":null,\"status\":1,\"modelCode\":null,\"length\":\"2\",\"width\":\"2\",\"height\":\"2\",\"packageLength\":null,\"packageWidth\":null,\"packageHeight\":null,\"netWeight\":\"2\",\"grossWeight\":\"2\",\"remark\":null,\"source\":null,\"skuType\":null,\"unit\":null},{\"updateTime\":null,\"createTime\":null,\"createId\":null,\"updateId\":null,\"id\":\"114492276212568068\",\"sku\":\"DLP-17SS-LB-20W\",\"tenantId\":1607336384730,\"spuId\":114492275252072448,\"cnName\":\"DLP投影仪 大 浅蓝20\",\"enName\":null,\"pictureUrl\":null,\"status\":1,\"modelCode\":null,\"length\":\"5\",\"width\":\"5\",\"height\":\"5\",\"packageLength\":null,\"packageWidth\":null,\"packageHeight\":null,\"netWeight\":\"5\",\"grossWeight\":\"5\",\"remark\":null,\"source\":null,\"skuType\":null,\"unit\":null},{\"updateTime\":null,\"createTime\":null,\"createId\":null,\"updateId\":null,\"id\":\"114492276212568073\",\"sku\":\"DLP-17SS-LB-50W\",\"tenantId\":1607336384730,\"spuId\":114492275252072448,\"cnName\":\"DLP投影仪 大 浅蓝50\",\"enName\":null,\"pictureUrl\":null,\"status\":1,\"modelCode\":null,\"length\":\"5\",\"width\":\"5\",\"height\":\"5\",\"packageLength\":null,\"packageWidth\":null,\"packageHeight\":null,\"netWeight\":\"5\",\"grossWeight\":\"5\",\"remark\":null,\"source\":null,\"skuType\":null,\"unit\":null},{\"updateTime\":null,\"createTime\":null,\"createId\":null,\"updateId\":null,\"id\":\"114492276212568078\",\"sku\":\"DLP-17SS-SB-100W\",\"tenantId\":1607336384730,\"spuId\":114492275252072448,\"cnName\":\"DLP投影仪 小 浅蓝100\",\"enName\":null,\"pictureUrl\":null,\"status\":1,\"modelCode\":null,\"length\":\"5\",\"width\":\"5\",\"height\":\"5\",\"packageLength\":null,\"packageWidth\":null,\"packageHeight\":null,\"netWeight\":\"5\",\"grossWeight\":\"5\",\"remark\":null,\"source\":null,\"skuType\":null,\"unit\":null},{\"updateTime\":null,\"createTime\":null,\"createId\":null,\"updateId\":null,\"id\":\"114492276212568083\",\"sku\":\"DLP-17SS-SB-20W\",\"tenantId\":1607336384730,\"spuId\":114492275252072448,\"cnName\":\"DLP投影仪 小 浅蓝20\",\"enName\":null,\"pictureUrl\":null,\"status\":1,\"modelCode\":null,\"length\":\"5\",\"width\":\"5\",\"height\":\"5\",\"packageLength\":null,\"packageWidth\":null,\"packageHeight\":null,\"netWeight\":\"5\",\"grossWeight\":\"5\",\"remark\":null,\"source\":null,\"skuType\":null,\"unit\":null},{\"updateTime\":null,\"createTime\":null,\"createId\":null,\"updateId\":null,\"id\":\"114492276212568088\",\"sku\":\"DLP-17SS-SB-50W\",\"tenantId\":1607336384730,\"spuId\":114492275252072448,\"cnName\":\"DLP投影仪 小 浅蓝50\",\"enName\":null,\"pictureUrl\":null,\"status\":1,\"modelCode\":null,\"length\":\"5\",\"width\":\"5\",\"height\":\"5\",\"packageLength\":null,\"packageWidth\":null,\"packageHeight\":null,\"netWeight\":\"5\",\"grossWeight\":\"5\",\"remark\":null,\"source\":null,\"skuType\":null,\"unit\":null},{\"updateTime\":null,\"createTime\":null,\"createId\":null,\"updateId\":null,\"id\":\"114492276212568093\",\"sku\":\"DLP-17SS-LW-100W\",\"tenantId\":1607336384730,\"spuId\":114492275252072448,\"cnName\":\"DLP投影仪 大 灰白100\",\"enName\":null,\"pictureUrl\":null,\"status\":1,\"modelCode\":null,\"length\":\"5\",\"width\":\"5\",\"height\":\"5\",\"packageLength\":null,\"packageWidth\":null,\"packageHeight\":null,\"netWeight\":\"5\",\"grossWeight\":\"5\",\"remark\":null,\"source\":null,\"skuType\":null,\"unit\":null},{\"updateTime\":null,\"createTime\":null,\"createId\":null,\"updateId\":null,\"id\":\"114492276212568098\",\"sku\":\"DLP-17SS-LW-20W\",\"tenantId\":1607336384730,\"spuId\":114492275252072448,\"cnName\":\"DLP投影仪 大 灰白20\",\"enName\":null,\"pictureUrl\":null,\"status\":1,\"modelCode\":null,\"length\":\"5\",\"width\":\"5\",\"height\":\"5\",\"packageLength\":null,\"packageWidth\":null,\"packageHeight\":null,\"netWeight\":\"5\",\"grossWeight\":\"5\",\"remark\":null,\"source\":null,\"skuType\":null,\"unit\":null},{\"updateTime\":null,\"createTime\":null,\"createId\":null,\"updateId\":null,\"id\":\"114492276212568103\",\"sku\":\"DLP-17SS-LW-50W\",\"tenantId\":1607336384730,\"spuId\":114492275252072448,\"cnName\":\"DLP投影仪 大 灰白50\",\"enName\":null,\"pictureUrl\":null,\"status\":1,\"modelCode\":null,\"length\":\"5\",\"width\":\"5\",\"height\":\"5\",\"packageLength\":null,\"packageWidth\":null,\"packageHeight\":null,\"netWeight\":\"5\",\"grossWeight\":\"5\",\"remark\":null,\"source\":null,\"skuType\":null,\"unit\":null},{\"updateTime\":null,\"createTime\":null,\"createId\":null,\"updateId\":null,\"id\":\"114492276212568108\",\"sku\":\"DLP-17SS-SW-100W\",\"tenantId\":1607336384730,\"spuId\":114492275252072448,\"cnName\":\"DLP投影仪 小 灰白100\",\"enName\":null,\"pictureUrl\":null,\"status\":1,\"modelCode\":null,\"length\":\"5\",\"width\":\"5\",\"height\":\"5\",\"packageLength\":null,\"packageWidth\":null,\"packageHeight\":null,\"netWeight\":\"5\",\"grossWeight\":\"5\",\"remark\":null,\"source\":null,\"skuType\":null,\"unit\":null},{\"updateTime\":null,\"createTime\":null,\"createId\":null,\"updateId\":null,\"id\":\"114492276212568113\",\"sku\":\"DLP-17SS-SW-20W\",\"tenantId\":1607336384730,\"spuId\":114492275252072448,\"cnName\":\"DLP投影仪 小 灰白20\",\"enName\":null,\"pictureUrl\":null,\"status\":1,\"modelCode\":null,\"length\":\"5\",\"width\":\"5\",\"height\":\"5\",\"packageLength\":null,\"packageWidth\":null,\"packageHeight\":null,\"netWeight\":\"5\",\"grossWeight\":\"5\",\"remark\":null,\"source\":null,\"skuType\":null,\"unit\":null}],\"total\":214,\"size\":20,\"current\":1,\"orders\":[],\"hitCount\":false,\"searchCount\":true,\"pages\":11}}', '', 'pass', '熊飞', 1, '2021-06-23 09:15:46');
INSERT INTO `mingfeng_report` VALUES (127, 'Single 2021-06-23 17:15:45', '', '0', '商品', 'sku分页查询', '0', 'http://172.24.14.70:80/goods/sku/page', '{\"sku\":\"KKK-SKU-315-04\",\"current\":1,\"status\":1,\"categoryId\":\"19837996247109632\",\"size\":20,\"brandIdList\":[\"118090943969570816\"]}', '13534173939', '{\"code\":\"000000\",\"msg\":\"操作成功\",\"data\":{\"records\":[],\"total\":0,\"size\":20,\"current\":1,\"orders\":[],\"hitCount\":false,\"searchCount\":true,\"pages\":0}}', '', 'pass', '熊飞', 1, '2021-06-23 09:15:46');
INSERT INTO `mingfeng_report` VALUES (128, 'Single 2021-06-23 17:15:45', '', '0', '商品', '通过主键id获取sku信息', '1', 'http://172.24.14.70:80/goods/sku', '/138808221919932416', '13534173939', '{\"code\":\"B00999\",\"msg\":\"未知异常\",\"data\":null}', 'assertResponse断言失败:比较方式=equals,预期=000000,实际=B00999;\n', 'fail', '熊飞', 1, '2021-06-23 09:15:46');
INSERT INTO `mingfeng_report` VALUES (129, 'Single 2021-06-23 17:15:45', '', '0', '商品', '新建SPU', '0', 'http://172.24.14.70:80/goods/spu', '{\"brandName\":\"品牌中文名\",\"unit\":\"单位标识(个,件,瓶)\",\"cnName\":\"中文名称\",\"modelCode\":\"型号\",\"brandId\":\"品牌id\",\"pictureUrl\":\"图片,多个图片逗号隔开\",\"enName\":\"英文名称\",\"brandEnName\":\"品牌英文名\",\"propertyKeyList\":[\"PropertyKeyBean对象\"],\"categoryId\":\"分类id\"}', '13534173939', '{\"code\":\"B00999\",\"msg\":\"未知异常\",\"data\":null}', 'assertResponse断言失败:比较方式=equals,预期=000000,实际=B00999;\n', 'fail', '熊飞', 1, '2021-06-23 09:15:47');
INSERT INTO `mingfeng_report` VALUES (130, 'Single 2021-06-23 17:15:45', '', '0', '商品', '复制SPU - 根据分类id, 品牌id, 型号查询SPU', '1', 'http://172.24.14.70:80/goods/spu', '?brandId={品牌id}&categoryId={分类叶子节点id：}&modelCode={型号：}', '13534173939', '', '\nIllegal character in query at index 41: http://172.24.14.70:80/goods/spu?brandId={品牌id}&categoryId={分类叶子节点id：}&modelCode={型号：}', 'fail', '熊飞', 1, '2021-06-23 09:15:47');
INSERT INTO `mingfeng_report` VALUES (131, 'Single 2021-06-23 17:15:45', '', '0', '商品', 'SPU编辑', '2', 'http://172.24.14.70:80/goods/spu', '{\"brandName\":\"品牌名称\",\"unit\":\"单位标识\",\"cnName\":\"中文名称\",\"modelCode\":\"型号\",\"brandId\":\"品牌id\",\"pictureUrl\":\"图片,多个图片逗号分隔\",\"enName\":\"英文名称\",\"id\":\"spu表主键\",\"propertyKeyList\":[\"PropertyKeyBean对象\"],\"categoryName\":\"分类名称\",\"categoryId\":\"分类id\"}', '13534173939', '{\"code\":\"B00999\",\"msg\":\"未知异常\",\"data\":null}', 'assertResponse断言失败:比较方式=equals,预期=000000,实际=B00999;\n', 'fail', '熊飞', 1, '2021-06-23 09:15:47');
INSERT INTO `mingfeng_report` VALUES (132, 'Single 2021-06-23 17:15:45', '', '0', '商品', '单位查询', '1', 'http://172.24.14.70:80/goods/spu/unit', '', '13534173939', '{\"code\":\"000000\",\"msg\":\"操作成功\",\"data\":[{\"unitId\":1,\"cnName\":\"个\",\"enName\":\"pcs\"},{\"unitId\":2,\"cnName\":\"件\",\"enName\":\"pc\"},{\"unitId\":3,\"cnName\":\"瓶\",\"enName\":\"bot\"},{\"unitId\":4,\"cnName\":\"片\",\"enName\":\"shp\"},{\"unitId\":5,\"cnName\":\"台\",\"enName\":\"set\"},{\"unitId\":6,\"cnName\":\"套\",\"enName\":\"sut\"},{\"unitId\":7,\"cnName\":\"条\",\"enName\":\"dr\"},{\"unitId\":8,\"cnName\":\"只\",\"enName\":\"ea\"},{\"unitId\":9,\"cnName\":\"对\",\"enName\":\"pab\"},{\"unitId\":10,\"cnName\":\"副\",\"enName\":\"pair\"},{\"unitId\":11,\"cnName\":\"卷\",\"enName\":\"vol\"}]}', '', 'pass', '熊飞', 1, '2021-06-23 09:15:47');
INSERT INTO `mingfeng_report` VALUES (133, 'Single 2021-06-23 17:15:45', '', '0', '商品', '通过主键id获取spu信息', '1', 'http://172.24.14.70:80/goods/spu/', '/138808221395644416', '13534173939', '{\"code\":\"B00014\",\"msg\":\"数据不存在\",\"data\":null}', 'assertResponse断言失败:比较方式=equals,预期=000000,实际=B00014;\n', 'fail', '熊飞', 1, '2021-06-23 09:15:47');
INSERT INTO `mingfeng_report` VALUES (134, 'Single 2021-06-23 17:15:45', '', '0', '商品', '查看商品SPU详情', '1', 'http://172.24.14.70:80/goods/spu/detail', '?spuId=138808221395644416', '13534173939', '{\"code\":\"B00014\",\"msg\":\"数据不存在\",\"data\":null}', 'assertResponse断言失败:比较方式=equals,预期=000000,实际=B00014;\n', 'fail', '熊飞', 1, '2021-06-23 09:15:47');
INSERT INTO `mingfeng_report` VALUES (135, 'Single 2021-06-23 17:15:45', '', '0', '商品', 'sku基础数据分页查询', '1', 'http://172.24.14.70:80/goods/sku/page/simple', '?brandIdList={品牌id集合}&categoryId={分类id(匹配当前节点下的所有叶子节点)}&channelSku={渠道Sku}&cnName={sku中文名称}&current={当前页}&enName={sku英文名称}&modelCode={型号}&pictureUrl={sku图片}&propertyOption={属性值}&size={页大小}&sku={sku编码,精确查询,多个逗号分隔}&status={状态(1启用,2禁用)}&tenantId={租户id}', '13534173939', '', '\nIllegal character in query at index 57: http://172.24.14.70:80/goods/sku/page/simple?brandIdList={品牌id集合}&categoryId={分类id(匹配当前节点下的所有叶子节点)}&channelSku={渠道Sku}&cnName={sku中文名称}&current={当前页}&enName={sku英文名称}&modelCode={型号}&pictureUrl={sku图片}&propertyOption={属性值}&size={页大小}&sku={sku编码,精确查询,多个逗号分隔}&status={状态(1启用,2禁用)}&tenantId={租户id}', 'fail', '熊飞', 1, '2021-06-23 09:15:47');
INSERT INTO `mingfeng_report` VALUES (136, 'Single 2021-06-23 17:15:45', '', '0', '商品', 'sku启用', '2', 'http://172.24.14.70:80/goods/sku/enable', '?id=138808221919932416', '13534173939', '{\"code\":\"B06031\",\"msg\":\"sku不存在\",\"data\":null}', 'assertResponse断言失败:比较方式=equals,预期=000000,实际=B06031;\n', 'fail', '熊飞', 1, '2021-06-23 09:15:47');
INSERT INTO `mingfeng_report` VALUES (137, 'Single 2021-06-23 17:15:45', '', '0', '商品', '通过SKU编码精确匹配sku信息', '1', 'http://172.24.14.70:80/goods/sku/bycode/', '', '13534173939', '{\"code\":\"B00012\",\"msg\":\"方法入参类型不匹配\",\"data\":null}', 'assertResponse断言失败:比较方式=equals,预期=000000,实际=B00012;\n', 'fail', '熊飞', 1, '2021-06-23 09:15:47');
INSERT INTO `mingfeng_report` VALUES (138, 'Single 2021-06-23 17:15:45', '', '0', '商品', '通过分类id和sku编码获取sku信息', '1', 'http://172.24.14.70:80/goods/sku/code', '?categoryId={分类id：}&sku={sku}', '13534173939', '', '\nIllegal character in query at index 49: http://172.24.14.70:80/goods/sku/code?categoryId={分类id：}&sku={sku}', 'fail', '熊飞', 1, '2021-06-23 09:15:47');
INSERT INTO `mingfeng_report` VALUES (139, 'Single 2021-06-23 17:15:45', '', '0', '商品', '根据分类id, 获取品牌', '1', 'http://172.24.14.70:80/goods/spu/category/brands', '?categoryId=', '13534173939', '{\"code\":\"000000\",\"msg\":\"操作成功\",\"data\":[]}', '', 'pass', '熊飞', 1, '2021-06-23 09:15:47');
INSERT INTO `mingfeng_report` VALUES (140, 'Single 2021-06-23 17:15:45', '', '0', '商品', '商品 - 导入:临时接口', '0', 'http://172.24.14.70:80/goods/spu/upload', '{\"parentFile\":\"File\",\"canonicalFile\":\"File\",\"absoluteFile\":\"File\"}', '13534173939', '{\"code\":\"B00999\",\"msg\":\"未知异常\",\"data\":null}', 'assertResponse断言失败:比较方式=equals,预期=000000,实际=B00999;\n', 'fail', '熊飞', 1, '2021-06-23 09:15:47');
INSERT INTO `mingfeng_report` VALUES (141, 'Single 2021-06-23 17:15:45', '', '0', '商品', '模糊查询租户下的sku', '1', 'http://172.24.14.70:80/goods/sku/skuCode/', 'SSS', '13534173939', '{\"code\":\"000000\",\"msg\":\"操作成功\",\"data\":[\"12121sss112\",\"SSSDKSP-001\"]}', '', 'pass', '熊飞', 1, '2021-06-23 09:15:48');
INSERT INTO `mingfeng_report` VALUES (142, 'Single 2021-06-23 17:15:45', '', '0', '商品', '根据分类id, 品牌, 获取型号', '1', 'http://172.24.14.70:80/goods/spu/category/brand/modelCodes', '?brandId=126072847610454016&categoryId=', '13534173939', '{\"code\":\"000000\",\"msg\":\"操作成功\",\"data\":[]}', '', 'pass', '熊飞', 1, '2021-06-23 09:15:48');
INSERT INTO `mingfeng_report` VALUES (143, 'Single 2021-06-23 17:15:45', '', '0', '商品', '查询SPU下的SKU列表', '1', 'http://172.24.14.70:80/goods/spu/skus', '?id=', '13534173939', '{\"code\":\"000000\",\"msg\":\"操作成功\",\"data\":null}', '', 'pass', '熊飞', 1, '2021-06-23 09:15:48');
INSERT INTO `mingfeng_report` VALUES (144, 'Single 2021-06-23 17:15:45', '', '0', '商品', '分页条件查询sku混合数据-物料与商品', '0', 'http://172.24.14.70:80/goods/sku/mix/page', '{\"current\":\"当前页\",\"code\":\"sku编码--前端传参，多个英文逗号隔开\",\"cnName\":\"sku中文名称--前端传参，多个英文逗号隔开\",\"size\":\"每页显示条数\"}', '13534173939', '{\"code\":\"B00999\",\"msg\":\"未知异常\",\"data\":null}', 'assertResponse断言失败:比较方式=equals,预期=000000,实际=B00999;\n', 'fail', '熊飞', 1, '2021-06-23 09:15:48');
INSERT INTO `mingfeng_report` VALUES (145, 'Single 2021-06-23 17:15:45', '', '0', '商品', '查询已认领的SKU', '0', 'http://172.24.14.70:80/goods/sku/claim/list', '{\"pictureUrl\":\"sku图片\",\"channelSku\":\"渠道Sku\",\"shopIdList\":[\"店铺id\"],\"current\":\"当前页\",\"cnName\":\"sku中文名称\",\"size\":\"页大小\",\"brandIdList\":[\"品牌id集合\"],\"modelCode\":\"型号\",\"skuOrCnName\":\"sku编码或者sku中文名称\",\"enName\":\"sku英文名称\",\"propertyOption\":\"属性值\",\"tenantId\":\"租户id\",\"shopIdListSize\":\"店铺id集合大小\",\"sku\":\"sku编码,精确查询,多个逗号分隔\",\"categoryId\":\"分类id(匹配当前节点下的所有叶子节点)\",\"status\":\"状态(1启用,2禁用)\"}', '13534173939', '{\"code\":\"B00999\",\"msg\":\"未知异常\",\"data\":null}', 'assertResponse断言失败:比较方式=equals,预期=000000,实际=B00999;\n', 'fail', '熊飞', 1, '2021-06-23 09:15:48');
INSERT INTO `mingfeng_report` VALUES (146, 'Single 2021-06-23 17:15:45', '', '0', '商品', 'sku禁用', '2', 'http://172.24.14.70:80/goods/sku/disable', '', '13534173939', '{\"code\":\"B06031\",\"msg\":\"sku不存在\",\"data\":null}', 'assertResponse断言失败:比较方式=equals,预期=000000,实际=B06031;\n', 'fail', '熊飞', 1, '2021-06-23 09:15:48');
INSERT INTO `mingfeng_report` VALUES (147, 'Single 2021-06-23 17:15:45', '', '0', '商品', '通过主键id获取spu信息', '0', 'http://172.24.14.70:80/goods/spu/edit/detail', '?skuId={skuId}&spuId={spuId}', '13534173939', '{\"code\":\"B00999\",\"msg\":\"未知异常\",\"data\":null}', 'assertResponse断言失败:比较方式=equals,预期=000000,实际=B00999;\n', 'fail', '熊飞', 1, '2021-06-23 09:15:48');
INSERT INTO `mingfeng_report` VALUES (148, 'Single 2021-06-23 17:16:06', '', '0', '商品', '生成渠道sku', '0', 'http://172.24.14.70:80/goods/channelSku/generate', '[{\"shopId\":\"92292293956587520\",\"skuCode\":\"Ts9g7q83\",\"channelSkuCode\":\"0I#Ts9p@g7b@q83#5t\",\"isEdit\":false,\"_XID\":\"row_99\"}]', '13534173939', '{\"code\":\"000000\",\"msg\":\"操作成功\",\"data\":[{\"shopId\":\"92292293956587520\",\"skuCode\":\"Ts9g7q83\",\"channelSkuCode\":\"5E#Ts92@g78@q83#g0\"}]}', '', 'pass', '熊飞', 1, '2021-06-23 09:16:07');
INSERT INTO `mingfeng_report` VALUES (149, 'Single 2021-06-23 17:16:06', '', '0', '商品', '匹配公司SKU', '0', 'http://172.24.14.70:80/goods/listing/match', '[{\"country\":\"美国\",\"listingId\":\"93835126215147917\",\"msku\":\"24#HUA7@WEK@I-US001#Lx\",\"shopId\":\"107880902890196992\",\"sku\":\"HUAWEI-US002\",\"skuId\":\"132245089951608837\"}]', '13534173939', '{\"code\":\"B06122\",\"msg\":\"渠道SKU已存在\",\"data\":null}', 'assertResponse断言失败:比较方式=equals,预期=000000,实际=B06122;\n', 'fail', '熊飞', 1, '2021-06-23 09:16:07');
INSERT INTO `mingfeng_report` VALUES (150, 'Single 2021-06-23 17:16:06', '', '0', '商品', '添加渠道sku信息', '0', 'http://172.24.14.70:80/goods/channelSku/add', '[{\"isEdit\":false,\"_XID\":\"row_99\",\"channelSkuCode\":\"oj7yb8tJDVVia9eumochfFIwoUo91e\",\"shopId\":\"92292293956587520\",\"skuCode\":\"Ts9g7q83\"}]', '13534173939', '{\"code\":\"B00009\",\"msg\":\"未找到对应店铺或者店铺未授权\",\"data\":null}', 'assertResponse断言失败:比较方式=equals,预期=000000,实际=B00009;\n', 'fail', '熊飞', 1, '2021-06-23 09:16:07');
INSERT INTO `mingfeng_report` VALUES (151, 'Single 2021-06-23 17:16:06', '', '0', '商品', 'Listing列表分页查询', '0', 'http://172.24.14.70:80/goods/listing/page', '{\"current\":1,\"size\":20,\"country\":\"\",\"asin\":\"\",\"fnsku\":\"\",\"msku\":\"\",\"sku\":\"\",\"title\":\"\",\"shopIds\":[\"95320293555253248\"],\"matchType\":0,\"sendType\":0,\"status\":0}', '13534173939', '{\"code\":\"000000\",\"msg\":\"操作成功\",\"data\":{\"records\":[],\"total\":0,\"size\":10,\"current\":1,\"orders\":[],\"hitCount\":false,\"searchCount\":true,\"pages\":0}}', '', 'pass', '熊飞', 1, '2021-06-23 09:16:07');
INSERT INTO `mingfeng_report` VALUES (152, 'Single 2021-06-23 17:16:06', '', '0', '商品', '分页查询渠道sku列表', '0', 'http://172.24.14.70:80/goods/channelSku/pageChannel', '{\"size\":20,\"current\":1,\"createName\":\"\",\"name\":\"\",\"ids\":[],\"operatorId\":\"\",\"shopIds\":[],\"skuCode\":[],\"code\":[],\"createDate\":null,\"endDate\":null,\"hasUse\":null,\"salePlatUniqueCode\":null,\"claimName\":null,\"deteData\":null,\"changeKey\":\"skuCode\",\"changeValue\":\"\"}', '13534173939', '{\"code\":\"000000\",\"msg\":\"操作成功\",\"data\":{\"records\":[{\"id\":\"158990154121281536\",\"tenantId\":\"1607336384730\",\"skuCode\":\"SKU-SIZE-002\",\"code\":\"de86f69715224b39ad768e192ac09cbb\",\"shopName\":\"乐天1号店铺\",\"hasUse\":1,\"salePlatformUniqueCode\":\"2021-0606-4\",\"claimName\":\"郑园\",\"createName\":\"郑园\",\"createTime\":\"2021-06-23 12:00:06\",\"updateTime\":\"2021-06-23 12:00:06\",\"hasUseShow\":\"是\",\"country\":\"JP\",\"countryName\":\"日本\",\"platformType\":\"RAKUTEN\",\"platformTypeName\":\"乐天\",\"shopUrl\":\"\",\"assigner\":\"熊飞\"},{\"id\":\"158618001483575296\",\"tenantId\":\"1607336384730\",\"skuCode\":\"SKU-S526-003\",\"code\":\"VDJP-E10HAX-JPGY3A-A1S2\",\"shopName\":\"DAYL SHOP5-FR\",\"hasUse\":0,\"salePlatformUniqueCode\":null,\"claimName\":\"杜远东\",\"createName\":\"杜远东\",\"createTime\":\"2021-06-22 11:21:18\",\"updateTime\":\"2021-06-22 11:21:18\",\"hasUseShow\":\"否\",\"country\":\"FR\",\"countryName\":\"法国\",\"platformType\":\"AMAZON\",\"platformTypeName\":\"亚马逊\",\"shopUrl\":\"\",\"assigner\":null},{\"id\":\"158345858179334144\",\"tenantId\":\"1607336384730\",\"skuCode\":\"SKU-S526-003\",\"code\":\"123123123123\",\"shopName\":\"Topone DirectFR\",\"hasUse\":0,\"salePlatformUniqueCode\":null,\"claimName\":\"杜远东\",\"createName\":\"杜远东\",\"createTime\":\"2021-06-21 17:19:54\",\"updateTime\":\"2021-06-21 17:19:54\",\"hasUseShow\":\"否\",\"country\":\"FR\",\"countryName\":\"法国\",\"platformType\":\"AMAZON\",\"platformTypeName\":\"亚马逊\",\"shopUrl\":\"\",\"assigner\":\"熊飞\"},{\"id\":\"158252199764471808\",\"tenantId\":\"1607336384730\",\"skuCode\":\"ZHHHH-DD001\",\"code\":\"8X#ZHHo@HH8@-DD001#x1\",\"shopName\":\"DAYL SHOP1-UK\",\"hasUse\":0,\"salePlatformUniqueCode\":null,\"claimName\":\"熊飞\",\"createName\":\"熊飞\",\"createTime\":\"2021-06-21 11:07:44\",\"updateTime\":\"2021-06-21 11:07:44\",\"hasUseShow\":\"否\",\"country\":\"UK\",\"countryName\":\"英国\",\"platformType\":\"AMAZON\",\"platformTypeName\":\"亚马逊\",\"shopUrl\":\"\",\"assigner\":\"熊飞\"},{\"id\":\"158249800975331328\",\"tenantId\":\"1607336384730\",\"skuCode\":\"SKU-S526-002\",\"code\":\"RTV-HD7XXX-CADG0A-A1S4\",\"shopName\":\"DAYL SHOP1-DE\",\"hasUse\":0,\"salePlatformUniqueCode\":null,\"claimName\":\"杜远东\",\"createName\":\"杜远东\",\"createTime\":\"2021-06-21 10:58:12\",\"updateTime\":\"2021-06-21 10:58:12\",\"hasUseShow\":\"否\",\"country\":\"DE\",\"countryName\":\"德国\",\"platformType\":\"AMAZON\",\"platformTypeName\":\"亚马逊\",\"shopUrl\":\"\",\"assigner\":null},{\"id\":\"158249731505074176\",\"tenantId\":\"1607336384730\",\"skuCode\":\"SKU-S526-001\",\"code\":\"RTV-HD7XXX-CADG0A-A1S4\",\"shopName\":\"DAYL SHOP1-UK\",\"hasUse\":0,\"salePlatformUniqueCode\":null,\"claimName\":\"杜远东\",\"createName\":\"杜远东\",\"createTime\":\"2021-06-21 10:57:56\",\"updateTime\":\"2021-06-21 10:57:56\",\"hasUseShow\":\"否\",\"country\":\"UK\",\"countryName\":\"英国\",\"platformType\":\"AMAZON\",\"platformTypeName\":\"亚马逊\",\"shopUrl\":\"\",\"assigner\":null},{\"id\":\"158249531658645504\",\"tenantId\":\"1607336384730\",\"skuCode\":\"SKU-S526-003\",\"code\":\"vantop-test9goods-0003\",\"shopName\":\"乐天1号店铺\",\"hasUse\":1,\"salePlatformUniqueCode\":\"2021-0603-7\",\"claimName\":\"熊飞\",\"createName\":\"熊飞\",\"createTime\":\"2021-06-21 10:57:08\",\"updateTime\":\"2021-06-21 14:07:06\",\"hasUseShow\":\"是\",\"country\":\"JP\",\"countryName\":\"日本\",\"platformType\":\"RAKUTEN\",\"platformTypeName\":\"乐天\",\"shopUrl\":\"\",\"assigner\":\"熊飞\"},{\"id\":\"157277596387233792\",\"tenantId\":\"1607336384730\",\"skuCode\":\"SKU-SIZE-002\",\"code\":\"JR-VT-C01K-L470MX-JPWH2B\",\"shopName\":\"乐天1号店铺\",\"hasUse\":0,\"salePlatformUniqueCode\":null,\"claimName\":\"熊飞\",\"createName\":\"郑园\",\"createTime\":\"2021-06-18 18:35:01\",\"updateTime\":\"2021-06-18 18:35:01\",\"hasUseShow\":\"否\",\"country\":\"JP\",\"countryName\":\"日本\",\"platformType\":\"AMAZON\",\"platformTypeName\":\"亚马逊\",\"shopUrl\":\"\",\"assigner\":\"熊飞\"},{\"id\":\"157276615071092736\",\"tenantId\":\"1607336384730\",\"skuCode\":\"SKU-SIZE-002\",\"code\":\"JR-VT-CTAK-S20H-JPGY4A\",\"shopName\":\"乐天1号店铺\",\"hasUse\":0,\"salePlatformUniqueCode\":null,\"claimName\":\"熊飞\",\"createName\":\"郑园\",\"createTime\":\"2021-06-18 18:31:07\",\"updateTime\":\"2021-06-18 18:31:07\",\"hasUseShow\":\"否\",\"country\":\"JP\",\"countryName\":\"日本\",\"platformType\":\"AMAZON\",\"platformTypeName\":\"亚马逊\",\"shopUrl\":\"\",\"assigner\":\"熊飞\"},{\"id\":\"157273176242991104\",\"tenantId\":\"1607336384730\",\"skuCode\":\"SKU-S526-001\",\"code\":\"NKL-KYHD7X-USDG0A-A1S1\",\"shopName\":\"DAYL SHOP3-DE\",\"hasUse\":0,\"salePlatformUniqueCode\":null,\"claimName\":\"杜远东\",\"createName\":\"杜远东\",\"createTime\":\"2021-06-18 18:17:27\",\"updateTime\":\"2021-06-18 18:17:27\",\"hasUseShow\":\"否\",\"country\":\"DE\",\"countryName\":\"德国\",\"platformType\":\"AMAZON\",\"platformTypeName\":\"亚马逊\",\"shopUrl\":\"\",\"assigner\":\"熊飞\"},{\"id\":\"157262376797327360\",\"tenantId\":\"1607336384730\",\"skuCode\":\"SKU-SIZE-002\",\"code\":\"JR-VT-C02P-A15FXX-JPSV3A\",\"shopName\":\"乐天1号店铺\",\"hasUse\":0,\"salePlatformUniqueCode\":null,\"claimName\":\"熊飞\",\"createName\":\"郑园\",\"createTime\":\"2021-06-18 17:34:32\",\"updateTime\":\"2021-06-18 17:34:32\",\"hasUseShow\":\"否\",\"country\":\"JP\",\"countryName\":\"日本\",\"platformType\":\"AMAZON\",\"platformTypeName\":\"亚马逊\",\"shopUrl\":\"\",\"assigner\":\"熊飞\"},{\"id\":\"157260721292701696\",\"tenantId\":\"1607336384730\",\"skuCode\":\"SDKFJHSKDF-sdf-CVXV\",\"code\":\"234234234\",\"shopName\":\"乐天1号店铺\",\"hasUse\":0,\"salePlatformUniqueCode\":null,\"claimName\":\"熊飞\",\"createName\":\"熊飞\",\"createTime\":\"2021-06-18 17:27:57\",\"updateTime\":\"2021-06-18 17:27:57\",\"hasUseShow\":\"否\",\"country\":\"JP\",\"countryName\":\"日本\",\"platformType\":\"RAKUTEN\",\"platformTypeName\":\"乐天\",\"shopUrl\":\"\",\"assigner\":\"熊飞\"},{\"id\":\"157260721292701697\",\"tenantId\":\"1607336384730\",\"skuCode\":\"SDKFJHSKDF-sdf-CVXV\",\"code\":\"234234\",\"shopName\":\"DAYL SHOP4-CA\",\"hasUse\":0,\"salePlatformUniqueCode\":null,\"claimName\":\"熊飞\",\"createName\":\"熊飞\",\"createTime\":\"2021-06-18 17:27:57\",\"updateTime\":\"2021-06-18 17:27:57\",\"hasUseShow\":\"否\",\"country\":\"CA\",\"countryName\":\"加拿大\",\"platformType\":\"AMAZON\",\"platformTypeName\":\"亚马逊\",\"shopUrl\":\"\",\"assigner\":\"熊飞\"},{\"id\":\"157256171123232768\",\"tenantId\":\"1607336384730\",\"skuCode\":\"SKU-SIZE-002\",\"code\":\"JR-VT-C05K-S10FAX-JPBK3A\",\"shopName\":\"乐天1号店铺\",\"hasUse\":0,\"salePlatformUniqueCode\":null,\"claimName\":\"熊飞\",\"createName\":\"郑园\",\"createTime\":\"2021-06-18 17:09:52\",\"updateTime\":\"2021-06-18 17:09:52\",\"hasUseShow\":\"否\",\"country\":\"JP\",\"countryName\":\"日本\",\"platformType\":\"AMAZON\",\"platformTypeName\":\"亚马逊\",\"shopUrl\":\"\",\"assigner\":\"熊飞\"},{\"id\":\"157241712245854208\",\"tenantId\":\"1607336384730\",\"skuCode\":\"SKU-SIZE-002\",\"code\":\"JR-VT-C26Y-E31XXX-JPWH0A\",\"shopName\":\"乐天1号店铺\",\"hasUse\":0,\"salePlatformUniqueCode\":null,\"claimName\":\"熊飞\",\"createName\":\"郑园\",\"createTime\":\"2021-06-18 16:12:25\",\"updateTime\":\"2021-06-18 16:12:25\",\"hasUseShow\":\"否\",\"country\":\"JP\",\"countryName\":\"日本\",\"platformType\":\"AMAZON\",\"platformTypeName\":\"亚马逊\",\"shopUrl\":\"\",\"assigner\":\"熊飞\"},{\"id\":\"157239857228587008\",\"tenantId\":\"1607336384730\",\"skuCode\":\"ZXzxzxZxa1\",\"code\":\"123hkbasckj\",\"shopName\":\"DAYL SHOP1-FR\",\"hasUse\":0,\"salePlatformUniqueCode\":null,\"claimName\":\"熊飞\",\"createName\":\"熊飞\",\"createTime\":\"2021-06-18 16:05:03\",\"updateTime\":\"2021-06-18 16:05:03\",\"hasUseShow\":\"否\",\"country\":\"FR\",\"countryName\":\"法国\",\"platformType\":\"AMAZON\",\"platformTypeName\":\"亚马逊\",\"shopUrl\":\"\",\"assigner\":\"杜远东\"},{\"id\":\"157239596405792768\",\"tenantId\":\"1607336384730\",\"skuCode\":\"SDKFJHSKDF-sdf-CVXV\",\"code\":\"312312312312123\",\"shopName\":\"DAYL SHOP1-FR\",\"hasUse\":0,\"salePlatformUniqueCode\":null,\"claimName\":\"熊飞\",\"createName\":\"熊飞\",\"createTime\":\"2021-06-18 16:04:01\",\"updateTime\":\"2021-06-18 17:14:49\",\"hasUseShow\":\"否\",\"country\":\"FR\",\"countryName\":\"法国\",\"platformType\":\"AMAZON\",\"platformTypeName\":\"亚马逊\",\"shopUrl\":\"\",\"assigner\":\"杜远东\"},{\"id\":\"157236118300172288\",\"tenantId\":\"1607336384730\",\"skuCode\":\"SKU-GOODS04291-221\",\"code\":\"312312312312\",\"shopName\":\"DAYL SHOP1-FR\",\"hasUse\":0,\"salePlatformUniqueCode\":null,\"claimName\":\"熊飞\",\"createName\":\"熊飞\",\"createTime\":\"2021-06-18 15:50:11\",\"updateTime\":\"2021-06-18 15:50:11\",\"hasUseShow\":\"否\",\"country\":\"FR\",\"countryName\":\"法国\",\"platformType\":\"AMAZON\",\"platformTypeName\":\"亚马逊\",\"shopUrl\":\"\",\"assigner\":\"熊飞\"},{\"id\":\"157232240593063936\",\"tenantId\":\"1607336384730\",\"skuCode\":\"SKU-SIZE-002\",\"code\":\"JR-VT-CGTK-CM70-JPRD0A\",\"shopName\":\"乐天1号店铺\",\"hasUse\":0,\"salePlatformUniqueCode\":null,\"claimName\":\"熊飞\",\"createName\":\"郑园\",\"createTime\":\"2021-06-18 15:34:47\",\"updateTime\":\"2021-06-18 15:58:07\",\"hasUseShow\":\"否\",\"country\":\"JP\",\"countryName\":\"日本\",\"platformType\":\"AMAZON\",\"platformTypeName\":\"亚马逊\",\"shopUrl\":\"\",\"assigner\":\"熊飞\"},{\"id\":\"157231281221521408\",\"tenantId\":\"1607336384730\",\"skuCode\":\"SDKFJHSF-SDFSDF\",\"code\":\"JR-VT-CPJK-G300-JPBK0A\",\"shopName\":\"乐天1号店铺\",\"hasUse\":0,\"salePlatformUniqueCode\":null,\"claimName\":\"熊飞\",\"createName\":\"郑园\",\"createTime\":\"2021-06-18 15:30:58\",\"updateTime\":\"2021-06-18 15:30:58\",\"hasUseShow\":\"否\",\"country\":\"JP\",\"countryName\":\"日本\",\"platformType\":\"AMAZON\",\"platformTypeName\":\"亚马逊\",\"shopUrl\":\"\",\"assigner\":\"熊飞\"}],\"total\":130,\"size\":20,\"current\":1,\"orders\":[],\"hitCount\":false,\"searchCount\":true,\"pages\":7}}', '', 'pass', '熊飞', 1, '2021-06-23 09:16:08');
INSERT INTO `mingfeng_report` VALUES (153, 'Single 2021-06-23 17:16:06', '', '0', '商品', '获取链接访问地址', '1', 'http://172.24.14.70:80/goods/listing/getAccessUrl', '?asin=SAAAA&country=US&type=11', '13534173939', '{\"code\":\"000000\",\"msg\":\"操作成功\",\"data\":\"\"}', '', 'pass', '熊飞', 1, '2021-06-23 09:16:08');
INSERT INTO `mingfeng_report` VALUES (154, 'Single 2021-06-23 17:16:06', '', '0', '商品', 'sku保存', '0', 'http://172.24.14.70:80/goods/sku', '{\"skuPropertyKeyList\":[\"PropertyKeyBean对象\"],\"skuList\":[\"sku保存时接收参数对象\"],\"spuSaveForm\":\"spu保存的对象\",\"spuId\":\"nextop_spu的主键id\"}', '13534173939', '{\"code\":\"B00999\",\"msg\":\"未知异常\",\"data\":null}', 'assertResponse断言失败:比较方式=equals,预期=000000,实际=B00999;\n', 'fail', '熊飞', 1, '2021-06-23 09:16:08');
INSERT INTO `mingfeng_report` VALUES (155, 'Single 2021-06-23 17:16:06', '', '0', '商品', '通过分类id,品牌,型号查询sku', '1', 'http://172.24.14.70:80/goods/sku', '?brandId={品牌}&categoryId={分类id：}&modelCode={型号}', '13534173939', '', '\nIllegal character in query at index 41: http://172.24.14.70:80/goods/sku?brandId={品牌}&categoryId={分类id：}&modelCode={型号}', 'fail', '熊飞', 1, '2021-06-23 09:16:08');
INSERT INTO `mingfeng_report` VALUES (156, 'Single 2021-06-23 17:16:06', '', '0', '商品', 'sku修改', '2', 'http://172.24.14.70:80/goods/sku', '{\"skuPropertyKeyList\":[\"PropertyKeyBean对象\"],\"pictureUrl\":\"sku图片\",\"length\":\"长\",\"packageWidth\":\"包装尺寸 宽\",\"remark\":\"备注\",\"grossWeight\":\"毛重\",\"netWeight\":\"净重\",\"packageHeight\":\"包装尺寸 高\",\"cnName\":\"sku中文名称\",\"modelCode\":\"认证型号\",\"spuSaveForm\":\"spu保存的对象\",\"enName\":\"sku英文名称\",\"tenantId\":\"租户id\",\"width\":\"宽\",\"packageLength\":\"包装尺寸 长\",\"spuId\":\"nextop_spu的主键id\",\"id\":\"sku表主键\",\"sku\":\"sku号\",\"height\":\"高\",\"platformIdList\":[\"销售平台ID列表\"],\"status\":\"状态(1启用,2禁用)\"}', '13534173939', '{\"code\":\"B00999\",\"msg\":\"未知异常\",\"data\":null}', 'assertResponse断言失败:比较方式=equals,预期=000000,实际=B00999;\n', 'fail', '熊飞', 1, '2021-06-23 09:16:08');
INSERT INTO `mingfeng_report` VALUES (157, 'Single 2021-06-23 17:16:06', '', '0', '商品', '编辑销售平台唯一码', '0', 'http://172.24.14.70:80/goods/channelSku/editSalePlatformCode', '{\"id\":\"142390718740754432\",\"salePlatUniqueCode\":\"FFFFXC\"}', '13534173939', '{\"code\":\"B00014\",\"msg\":\"数据不存在\",\"data\":null}', 'assertResponse断言失败:比较方式=equals,预期=000000,实际=B00014;\n', 'fail', '熊飞', 1, '2021-06-23 09:16:08');
INSERT INTO `mingfeng_report` VALUES (158, 'Single 2021-06-23 17:16:06', '', '0', '商品', '编辑渠道sku', '0', 'http://172.24.14.70:80/goods/channelSku/edit', '{\"channelSkuCode\":\"1ePuGI110Zhwb5nqdAlus0vGiZxaOZ\",\"shopId\":\"92292293956587520\",\"skuCode\":\"Ts9g7q83\"}', '13534173939', '{\"code\":\"000000\",\"msg\":\"操作成功\",\"data\":true}', '', 'pass', '熊飞', 1, '2021-06-23 09:16:09');
INSERT INTO `mingfeng_report` VALUES (159, 'Single 2021-06-23 17:16:06', '', '0', '商品', '解除Listing与公司SKU的匹配关系', '0', 'http://172.24.14.70:80/goods/listing/removeMatch', '{\"country\":\"站点\",\"msku\":\"msku\",\"listingId\":\"listing记录id\",\"shopId\":\"店铺id\",\"sku\":\"公司SKU\",\"skuId\":\"公司SKU主键id\"}', '13534173939', '{\"code\":\"B00999\",\"msg\":\"未知异常\",\"data\":null}', 'assertResponse断言失败:比较方式=equals,预期=000000,实际=B00999;\n', 'fail', '熊飞', 1, '2021-06-23 09:16:09');
INSERT INTO `mingfeng_report` VALUES (160, 'Single 2021-06-23 17:16:06', '', '0', '商品', '查询渠道sku', '1', 'http://172.24.14.70:80/goods/channelSku/channelSku', '?id=142392577975054336', '13534173939', '{\"code\":\"B00014\",\"msg\":\"数据不存在\",\"data\":null}', 'assertResponse断言失败:比较方式=equals,预期=000000,实际=B00014;\n', 'fail', '熊飞', 1, '2021-06-23 09:16:09');
INSERT INTO `mingfeng_report` VALUES (161, 'Single 2021-06-23 17:16:06', '', '0', '商品', '删除渠道sku', '3', 'http://172.24.14.70:80/goods/channelSku/channelSku', '?id=142392577975054336', '13534173939', '{\"code\":\"B00014\",\"msg\":\"数据不存在\",\"data\":null}', 'assertResponse断言失败:比较方式=equals,预期=000000,实际=B00014;\n', 'fail', '熊飞', 1, '2021-06-23 09:16:09');
INSERT INTO `mingfeng_report` VALUES (162, 'Single 2021-06-23 17:16:06', '', '0', '商品', '修改渠道sku', '2', 'http://172.24.14.70:80/goods/channelSku/channelSku', '{\"id\":\"142390718740754432\",\"skuId\":\"126826718047449088\"}', '13534173939', '{\"code\":\"B00014\",\"msg\":\"数据不存在\",\"data\":null}', 'assertResponse断言失败:比较方式=equals,预期=000000,实际=B00014;\n', 'fail', '熊飞', 1, '2021-06-23 09:16:09');
INSERT INTO `mingfeng_report` VALUES (163, 'Single 2021-06-23 17:16:06', '', '0', '商品', '批量设置运营', '2', 'http://172.24.14.70:80/goods/channelSku/operator', '{\"updateId\":\"修改人ID\",\"ids\":[\"待修改的记录id集合\"],\"operatorId\":\"新的运营人员id\"}', '13534173939', '{\"code\":\"B00999\",\"msg\":\"未知异常\",\"data\":null}', 'assertResponse断言失败:比较方式=equals,预期=000000,实际=B00999;\n', 'fail', '熊飞', 1, '2021-06-23 09:16:09');
INSERT INTO `mingfeng_report` VALUES (164, 'Single 2021-06-23 17:16:06', '', '0', '商品', '获取SPU的操作日志详情', '0', 'http://172.24.14.70:80/goods/operatelog/list', '?skuId={skuId}&spuId={spuId}', '13534173939', '{\"code\":\"B00999\",\"msg\":\"未知异常\",\"data\":null}', 'assertResponse断言失败:比较方式=equals,预期=000000,实际=B00999;\n', 'fail', '熊飞', 1, '2021-06-23 09:16:09');
INSERT INTO `mingfeng_report` VALUES (165, 'Single 2021-06-23 17:16:06', '', '0', '商品', '根据id查询品牌详情', '1', 'http://172.24.14.70:80/goods/brand/{id}', '?id={主键}', '13534173939', '', '\nIllegal character in path at index 35: http://172.24.14.70:80/goods/brand/{id}?id={主键}', 'fail', '熊飞', 1, '2021-06-23 09:16:09');
INSERT INTO `mingfeng_report` VALUES (166, 'Single 2021-06-23 17:16:06', '', '0', '商品', '通过主键id获取sku信息', '1', 'http://172.24.14.70:80/goods/sku/{id}', '?id={id}', '13534173939', '', '\nIllegal character in path at index 33: http://172.24.14.70:80/goods/sku/{id}?id={id}', 'fail', '熊飞', 1, '2021-06-23 09:16:09');
INSERT INTO `mingfeng_report` VALUES (167, 'Single 2021-06-23 17:16:06', '', '0', '商品', '物料Sku启用', '2', 'http://172.24.14.70:80/goods/materials/sku/enable', '', '13534173939', '{\"code\":\"B06101\",\"msg\":\"物料sku数据不存在,保存失败\",\"data\":null}', 'assertResponse断言失败:比较方式=equals,预期=000000,实际=B06101;\n', 'fail', '熊飞', 1, '2021-06-23 09:16:09');
INSERT INTO `mingfeng_report` VALUES (168, 'Single 2021-06-23 17:16:06', '', '0', '商品', '通过主键id获取spu信息（废弃）', '1', 'http://172.24.14.70:80/goods/spu/{id}', '?id={id}', '13534173939', '', '\nIllegal character in path at index 33: http://172.24.14.70:80/goods/spu/{id}?id={id}', 'fail', '熊飞', 1, '2021-06-23 09:16:09');
INSERT INTO `mingfeng_report` VALUES (169, 'Single 2021-06-23 17:16:06', '', '0', '商品', '通过SKU编码精确匹配sku信息', '1', 'http://172.24.14.70:80/goods/sku/bycode/{skuCode}', '?skuCode={skuCode}', '13534173939', '', '\nIllegal character in path at index 40: http://172.24.14.70:80/goods/sku/bycode/{skuCode}?skuCode={skuCode}', 'fail', '熊飞', 1, '2021-06-23 09:16:09');
INSERT INTO `mingfeng_report` VALUES (170, 'Single 2021-06-23 17:16:06', '', '0', '商品', '通过主键id获取spu信息', '1', 'http://172.24.14.70:80/goods/spu/edit/detail', '?skuId={skuId}&spuId={spuId}', '13534173939', '', '\nIllegal character in query at index 51: http://172.24.14.70:80/goods/spu/edit/detail?skuId={skuId}&spuId={spuId}', 'fail', '熊飞', 1, '2021-06-23 09:16:10');
INSERT INTO `mingfeng_report` VALUES (171, 'Single 2021-06-23 17:16:06', '', '0', '商品', '物料列表-生产商品审核', '0', 'http://172.24.14.70:80/goods/materials/spu/toGoods', '{\"spuId\":\"spuIds\",\"platformIds\":[\"适合销售平台Id列表\"],\"skuId\":\"skuId\"}', '13534173939', '{\"code\":\"B00999\",\"msg\":\"未知异常\",\"data\":null}', 'assertResponse断言失败:比较方式=equals,预期=000000,实际=B00999;\n', 'fail', '熊飞', 1, '2021-06-23 09:16:10');
INSERT INTO `mingfeng_report` VALUES (172, 'Single 2021-06-23 17:16:06', '', '0', '商品', '模糊查询租户下的sku', '1', 'http://172.24.14.70:80/goods/sku/skuCode/{skuCode}', '?skuCode={skuCode}', '13534173939', '', '\nIllegal character in path at index 41: http://172.24.14.70:80/goods/sku/skuCode/{skuCode}?skuCode={skuCode}', 'fail', '熊飞', 1, '2021-06-23 09:16:10');
INSERT INTO `mingfeng_report` VALUES (173, 'Single 2021-06-23 17:16:06', '', '0', '商品', '通过主键id获取物料spu信息', '1', 'http://172.24.14.70:80/goods/materials/spu/{id}', '?id={id}', '13534173939', '', '\nIllegal character in path at index 43: http://172.24.14.70:80/goods/materials/spu/{id}?id={id}', 'fail', '熊飞', 1, '2021-06-23 09:16:10');
INSERT INTO `mingfeng_report` VALUES (174, 'Single 2021-06-23 17:16:06', '', '0', '商品', '物料Sku禁用', '2', 'http://172.24.14.70:80/goods/materials/sku/disable', '', '13534173939', '{\"code\":\"B06101\",\"msg\":\"物料sku数据不存在,保存失败\",\"data\":null}', 'assertResponse断言失败:比较方式=equals,预期=000000,实际=B06101;\n', 'fail', '熊飞', 1, '2021-06-23 09:16:10');
INSERT INTO `mingfeng_report` VALUES (175, 'Single 2021-06-23 17:16:06', '', '0', '商品', '获取SPU的操作日志详情', '1', 'http://172.24.14.70:80/goods/operatelog/list', '?skuId={skuId}&spuId={spuId}', '13534173939', '', '\nIllegal character in query at index 51: http://172.24.14.70:80/goods/operatelog/list?skuId={skuId}&spuId={spuId}', 'fail', '熊飞', 1, '2021-06-23 09:16:10');
INSERT INTO `mingfeng_report` VALUES (176, 'Single 2021-06-23 17:16:06', '', '0', '商品', '添加组合商品', '0', 'http://172.24.14.70:80/goods/composeSku/add', '', '13534173939', '{\"code\":\"B00999\",\"msg\":\"未知异常\",\"data\":null}', '', 'pass', '熊飞', 1, '2021-06-23 09:16:10');
INSERT INTO `mingfeng_report` VALUES (177, 'Single 2021-06-23 17:16:06', '', '0', '商品', '移动分类', '0', 'http://172.24.14.70:80/goods/category/move', '', '13534173939', '{\"code\":\"B00999\",\"msg\":\"未知异常\",\"data\":null}', '', 'pass', '熊飞', 1, '2021-06-23 09:16:10');
INSERT INTO `mingfeng_report` VALUES (178, 'Single 2021-06-23 17:16:06', '', '0', '商品', '按照时间范围批量获取sku与属性信息--仅限社区独立站使用，后续改造成OpenApi形式', '0', 'http://172.24.14.70:80/goods/sku/scopeQuerySkuInfo', '', '13534173939', '{\"code\":\"B00999\",\"msg\":\"未知异常\",\"data\":null}', '', 'pass', '熊飞', 1, '2021-06-23 09:16:10');
INSERT INTO `mingfeng_report` VALUES (179, 'Single 2021-06-23 17:16:06', '', '0', '商品', '更新组合商品', '0', 'http://172.24.14.70:80/goods/composeSku/update', '', '13534173939', '{\"code\":\"B00999\",\"msg\":\"未知异常\",\"data\":null}', '', 'pass', '熊飞', 1, '2021-06-23 09:16:10');
INSERT INTO `mingfeng_report` VALUES (180, 'Single 2021-06-23 17:16:06', '', '0', '商品', '下载批量导入商品数据模板', '1', 'http://172.24.14.70:80/goods/sku/template/download', '', '13534173939', '{\"code\":\"A00006\",\"msg\":\"缺少必要的请求参数\",\"data\":null}', '', 'pass', '熊飞', 1, '2021-06-23 09:16:10');
INSERT INTO `mingfeng_report` VALUES (181, 'Single 2021-06-23 17:16:06', '', '0', '商品', '未认领-组合商品分页查询', '0', 'http://172.24.14.70:80/goods/skuClaim/composeSku/claimed', '', '13534173939', '{\"code\":\"B00999\",\"msg\":\"未知异常\",\"data\":null}', '', 'pass', '熊飞', 1, '2021-06-23 09:16:11');
INSERT INTO `mingfeng_report` VALUES (182, 'Single 2021-06-23 17:16:06', '', '0', '商品', '获取组合商品清单的商品SKU选择列表', '0', 'http://172.24.14.70:80/goods/sku/compose/select/page', '', '13534173939', '{\"code\":\"B00999\",\"msg\":\"未知异常\",\"data\":null}', '', 'pass', '熊飞', 1, '2021-06-23 09:16:11');
INSERT INTO `mingfeng_report` VALUES (183, 'Single 2021-06-23 17:16:06', '', '0', '商品', '导入商品数据', '0', 'http://172.24.14.70:80/goods/sku/importSku', '', '13534173939', '{\"code\":\"B00999\",\"msg\":\"未知异常\",\"data\":null}', '', 'pass', '熊飞', 1, '2021-06-23 09:16:11');
INSERT INTO `mingfeng_report` VALUES (184, 'Single 2021-06-23 17:16:06', '', '0', '商品', '组合商品启用', '0', 'http://172.24.14.70:80/goods/composeSku/enable', '', '13534173939', '{\"code\":\"B00999\",\"msg\":\"未知异常\",\"data\":null}', '', 'pass', '熊飞', 1, '2021-06-23 09:16:11');
INSERT INTO `mingfeng_report` VALUES (185, 'Single 2021-06-23 17:16:06', '', '0', '商品', '组合商品分页条件查询', '0', 'http://172.24.14.70:80/goods/composeSku/page', '', '13534173939', '{\"code\":\"B00999\",\"msg\":\"未知异常\",\"data\":null}', '', 'pass', '熊飞', 1, '2021-06-23 09:16:11');
INSERT INTO `mingfeng_report` VALUES (186, 'Single 2021-06-23 17:16:06', '', '0', '商品', '删除分类', '0', 'http://172.24.14.70:80/goods/category/remove', '', '13534173939', '{\"code\":\"B00999\",\"msg\":\"未知异常\",\"data\":null}', '', 'pass', '熊飞', 1, '2021-06-23 09:16:11');
INSERT INTO `mingfeng_report` VALUES (187, 'Single 2021-06-23 17:16:06', '', '0', '商品', '组合商品禁用', '0', 'http://172.24.14.70:80/goods/composeSku/disable', '', '13534173939', '{\"code\":\"B00999\",\"msg\":\"未知异常\",\"data\":null}', '', 'pass', '熊飞', 1, '2021-06-23 09:16:11');
INSERT INTO `mingfeng_report` VALUES (188, 'Single 2021-06-23 17:16:06', '', '0', '商品', '添加分类', '0', 'http://172.24.14.70:80/goods/category/add', '', '13534173939', '{\"code\":\"B00999\",\"msg\":\"未知异常\",\"data\":null}', '', 'pass', '熊飞', 1, '2021-06-23 09:16:11');
INSERT INTO `mingfeng_report` VALUES (189, 'Single 2021-06-23 17:16:06', '', '0', '商品', '查询单个组合商品', '1', 'http://172.24.14.70:80/goods/composeSku/get', '', '13534173939', '{\"code\":\"A00006\",\"msg\":\"缺少必要的请求参数\",\"data\":null}', '', 'pass', '熊飞', 1, '2021-06-23 09:16:11');
INSERT INTO `mingfeng_report` VALUES (190, 'Single 2021-06-23 17:16:06', '', '0', '商品', '已认领-组合商品分页查询', '0', 'http://172.24.14.70:80/goods/skuClaim/composeSku/finished', '', '13534173939', '{\"code\":\"B00999\",\"msg\":\"未知异常\",\"data\":null}', '', 'pass', '熊飞', 1, '2021-06-23 09:16:12');
INSERT INTO `mingfeng_report` VALUES (191, 'FLOW 20210624 11:15:09:96', '新增外部供应商', '1', '财务', '新增外部供应商', '0', 'http://172.24.14.70:80/purchase/supplier/baseInfo', '{\"companyCode\":\"\",\"unifiedSocialCreditCode\":\"xn9PTUBBX6\",\"website\":\"\",\"code\":\"\",\"mainScope\":\"\",\"payTypes\":[4],\"companyType\":\"\",\"level\":\"\",\"registerFund\":\"\",\"groupId\":\"\",\"settleCurrency\":\"GBP\",\"fullName\":\"F5lYp\",\"type\":0,\"purchaseType\":\"\",\"companyId\":\"95540569557745664\",\"registerAddress\":\"cx61ecmoztTg6ko\",\"payType\":\"4\",\"businessRegisterNumber\":\"\",\"corporate\":\"\",\"name\":\"xqkhX\",\"companyMobile\":\"\",\"settleType\":\"90942799997349888\",\"registerDate\":\"\",\"settleCurrencys\":[\"GBP\"]}', '13534173939', '{\"code\":\"000000\",\"msg\":\"操作成功\",\"data\":\"159341237026541568\"}', '', 'pass', '熊飞', 2, '2021-06-24 03:15:11');
INSERT INTO `mingfeng_report` VALUES (192, 'FLOW 20210624 11:15:09:96', '新增外部供应商', '2', '商品', '添加供应商联系人', '0', 'http://172.24.14.70:80/purchase/supplier/contact', '[{\"address\":\"\",\"defaultFlag\":0,\"supplierId\":\"159341237026541568\",\"contactName\":\"wTAQn\",\"mobile\":\"13256894578\",\"operator\":1,\"dovosion\":\"\",\"qqWw\":\"\",\"_XID\":\"row_143\",\"id\":\"\",\"position\":\"f1sc\",\"divisionId\":1,\"department\":\"\",\"fax\":\"\",\"email\":\"\",\"status\":1}]', '13534173939', '{\"code\":\"000000\",\"msg\":\"操作成功\",\"data\":null}', '', 'pass', '熊飞', 2, '2021-06-24 03:15:11');
INSERT INTO `mingfeng_report` VALUES (193, 'FLOW 20210624 11:15:09:96', '新增外部供应商', '3', '商品', '禁用供应商', '2', 'http://172.24.14.70:80/purchase/supplier/enable', '{\"operate\":0,\"id\":\"159341237026541568\"}', '13534173939', '{\"code\":\"000000\",\"msg\":\"操作成功\",\"data\":null}', '', 'pass', '熊飞', 2, '2021-06-24 03:15:12');
COMMIT;

-- ----------------------------
-- Table structure for mingfeng_result
-- ----------------------------
DROP TABLE IF EXISTS `mingfeng_result`;
CREATE TABLE `mingfeng_result` (
  `id` bigint(5) NOT NULL AUTO_INCREMENT,
  `taskId` varchar(200) NOT NULL,
  `totalLabel` int(8) DEFAULT NULL,
  `labelPass` int(8) DEFAULT NULL,
  `labelFail` int(8) DEFAULT NULL,
  `totalCase` int(8) DEFAULT NULL,
  `casePass` int(8) DEFAULT NULL,
  `caseFail` int(8) DEFAULT NULL,
  `logs` text,
  `testUser` varchar(8) NOT NULL,
  `testTime` datetime NOT NULL,
  `runStatus` int(3) NOT NULL COMMENT '执行状态：0-未结束，1-已结束',
  `taskType` int(255) NOT NULL COMMENT '任务类型：0-混合，1-单接口，2-组合',
  PRIMARY KEY (`id`) USING BTREE
) ENGINE=InnoDB AUTO_INCREMENT=14 DEFAULT CHARSET=utf8mb4;

-- ----------------------------
-- Records of mingfeng_result
-- ----------------------------
BEGIN;
INSERT INTO `mingfeng_result` VALUES (1, '熊飞-20210528-19:58:13', 1, 0, 1, 0, 0, 0, '标签[1]执行失败:无可执行的用例！ \n', '熊飞', '2021-05-28 11:58:15', 1, 2);
INSERT INTO `mingfeng_result` VALUES (2, '熊飞-20210528-19:58:13', 1, 1, 0, 3, 3, 0, '执行成功', '熊飞', '2021-05-28 11:58:20', 1, 2);
INSERT INTO `mingfeng_result` VALUES (3, '熊飞-20210529-17:07:27', 1, 1, 0, 3, 3, 0, '执行成功', '熊飞', '2021-05-29 09:07:31', 1, 2);
INSERT INTO `mingfeng_result` VALUES (4, '熊飞-20210601-17:05:56', 1, 0, 1, 0, 0, 0, '标签[1]执行失败:无可执行的用例！ \n', '熊飞', '2021-06-01 09:05:57', 1, 2);
INSERT INTO `mingfeng_result` VALUES (7, '熊飞-20210601-17:13:36-61', 1, 1, 0, 3, 3, 0, '执行成功', '熊飞', '2021-06-01 09:13:37', 1, 2);
INSERT INTO `mingfeng_result` VALUES (8, 'Single 2021-06-23 16:53:34', 0, 0, 0, 43, 43, 0, '请查看详情！', '熊飞', '2021-06-23 08:53:34', 1, 1);
INSERT INTO `mingfeng_result` VALUES (9, 'Single 2021-06-23 16:55:37', 0, 0, 0, 22, 21, 1, '请查看详情！', '熊飞', '2021-06-23 08:55:37', 1, 1);
INSERT INTO `mingfeng_result` VALUES (10, 'Single 2021-06-23 17:09:56', 0, 0, 0, 43, 20, 23, '请查看详情！', '熊飞', '2021-06-23 09:09:56', 1, 1);
INSERT INTO `mingfeng_result` VALUES (11, 'Single 2021-06-23 17:15:45', 0, 0, 0, 23, 8, 15, '请查看详情', '熊飞', '2021-06-23 09:15:45', 1, 1);
INSERT INTO `mingfeng_result` VALUES (12, 'Single 2021-06-23 17:16:06', 0, 0, 0, 43, 20, 23, '请查看详情', '熊飞', '2021-06-23 09:16:06', 1, 1);
INSERT INTO `mingfeng_result` VALUES (13, 'FLOW 20210624 11:15:09:96', 1, 1, 0, 3, 3, 0, '执行成功', '熊飞', '2021-06-24 03:15:11', 1, 2);
COMMIT;

-- ----------------------------
-- Table structure for mingfeng_singlecase
-- ----------------------------
DROP TABLE IF EXISTS `mingfeng_singlecase`;
CREATE TABLE `mingfeng_singlecase` (
  `id` int(11) NOT NULL AUTO_INCREMENT,
  `name` varchar(500) DEFAULT '' COMMENT '接口说明',
  `method` int(3) NOT NULL COMMENT '0：post 1：get',
  `params` text COMMENT '请求参数',
  `tag` varchar(50) NOT NULL DEFAULT '',
  `assertion` varchar(2000) DEFAULT NULL,
  `randKey` text COMMENT '需要随机的字段',
  `kindDirId` int(4) NOT NULL COMMENT '模块分类',
  `beforeSql` text NOT NULL COMMENT '前置sql',
  `afterSql` text NOT NULL COMMENT 'sql较验',
  `afterDBCheck` text NOT NULL COMMENT 'sql要检查的参数',
  `status` int(11) NOT NULL DEFAULT '0' COMMENT '用例状态：-1-已失效，0-手动新增， 1-自动同步，2-可执行， 3-已变更',
  `runStatus` int(3) NOT NULL DEFAULT '0' COMMENT '0：未执行，1：通过，2：失败',
  PRIMARY KEY (`id`) USING BTREE
) ENGINE=InnoDB AUTO_INCREMENT=2889 DEFAULT CHARSET=utf8;

-- ----------------------------
-- Records of mingfeng_singlecase
-- ----------------------------
BEGIN;
INSERT INTO `mingfeng_singlecase` VALUES (3, '/warehouse/inventory/details/warehouseInventoryDetails', 0, '{\"tenantId\":\"1596870669278\",\"sku\":\"huawei001\",\"warehouseIds\":[\"92362980171575296\"]}', '查询库存明细（根据商品sku+仓库集合）', '{\"assertion\":[ {\"path\":\"$.code\", \"keyValue\":\"000000\",\"checkType\":\"equals\"}] }', '', 406, '', '', '', 2, 1);
INSERT INTO `mingfeng_singlecase` VALUES (4, '/warehouse/location', 0, '{\"warehouseId\":\"105425371184365568\",\"codes\":[\"ZDHCS001\"],\"codesList\":\"\",\"status\":\"1\",\"measurement\":\"6\",\"length\":\"2\",\"width\":\"2\",\"height\":\"2\",\"volume\":\"8\",\"unit\":\"2\",\"isMoreSku\":\"0\",\"isDefault\":\"1\",\"isActivated\":\"1\",\"type\":\"0\",\"codesMultiple\":false,\"codesPrefix\":\"\",\"codesFrom\":\"\",\"codesTo\":\"\",\"remark\":\"自动化测试新增库位\"}', '添加库位信息', '{\"assertion\":[ {\"path\":\"$.code\", \"keyValue\":\"000000\",\"checkType\":\"equals\"}] }', '', 403, '{ \"sql\":\"delete FROM nextop_warehouse_location where code = \'X-3-9\';\", \"paths\":[ ] }', '', '', 2, 2);
INSERT INTO `mingfeng_singlecase` VALUES (5, '/warehouse/location?id=107950902688292872', 1, '', '根据库位ID获取库位信息', '{\"assertion\":[ {\"path\":\"$.code\", \"keyValue\":\"000000\",\"checkType\":\"equals\"}] }', '', 403, '', '', '', 2, 1);
INSERT INTO `mingfeng_singlecase` VALUES (6, '/warehouse/location', 2, '{\"warehouseId\":\"101402215430303744\",\"codes\":[\"WY211\"],\"codesList\":\"\",\"status\":\"2\",\"measurement\":\"4\",\"length\":\"221\",\"width\":\"22\",\"height\":\"22\",\"volume\":\"106964\",\"unit\":\"2\",\"isMoreSku\":\"0\",\"isDefault\":\"1\",\"isActivated\":\"1\",\"type\":\"0\",\"codesMultiple\":false,\"codesPrefix\":\"\",\"codesFrom\":\"\",\"codesTo\":\"\",\"id\":\"115587794130563072\",\"warehouseName\":\"WY21\",\"tenantId\":1596870669278,\"areaId\":null,\"code\":\"WY211\",\"skuQuantity\":null,\"remainingSkuQuantity\":null,\"remark\":null,\"isDeleted\":\"0\"}', '编辑库位信息', '{\"assertion\":[ {\"path\":\"$.code\", \"keyValue\":\"000000\",\"checkType\":\"equals\"}] }', '', 403, '', '', '', 2, 1);
INSERT INTO `mingfeng_singlecase` VALUES (8, '/warehouse/warehouse/nameList', 1, '', '获取所有仓库名称', '{\"assertion\":[ {\"path\":\"$.code\", \"keyValue\":\"000000\",\"checkType\":\"equals\"}] }', '', 402, '', '', '', 2, 2);
INSERT INTO `mingfeng_singlecase` VALUES (9, '/warehouse/allocation/view', 1, '?id=138057110204248064', '审核查询调拨单信息（根据ID获取调拨单信息）', '{\"assertion\":[ {\"path\":\"$.code\", \"keyValue\":\"000000\",\"checkType\":\"equals\"}] }', '', 408, '', '', '', 2, 2);
INSERT INTO `mingfeng_singlecase` VALUES (16, '/warehouse/allocation/status', 2, '', '调拨单状态下拉框', '{\"assertion\":[ {\"path\":\"$.code\", \"keyValue\":\"000000\",\"checkType\":\"equals\"}] }', '', 408, '', '', '', 2, 1);
INSERT INTO `mingfeng_singlecase` VALUES (20, '/warehouse/inventory/details/transferLocation', 0, '{\"warehouseName\":\"订单包裹7\",\"warehouseId\":\"106774078027829248\",\"currentLocation\":\"TT6\",\"locationId\":\"106774160596897792\",\"transferLocationCode\":\"C0101-5\",\"transferLocationId\":\"107950902688292872\",\"transferQuantity\":\"1\",\"id\":\"106775938751107072\",\"materialId\":\"47105736739782656\",\"defaultQuantity\":92}', '转库位', '{\"assertion\":[ {\"path\":\"$.code\", \"keyValue\":\"000000\",\"checkType\":\"equals\"}] }', '', 406, '', '', '', 2, 1);
INSERT INTO `mingfeng_singlecase` VALUES (24, '/warehouse/warehouse', 0, '{\"type\":\"HAVE\",\"name\":\"自动化测试仓库001\",\"companyId\":\"92635302138527744\",\"enable\":true,\"countryCode\":\"US\",\"province\":\"\",\"city\":\"\",\"area\":\"\",\"addressStreet\":\"\",\"postcode\":\"\",\"contacts\":\"\",\"telephone\":\"\",\"remarks\":\"自动化测试仓库\",\"thirdCompanyId\":\"\",\"supplierId\":\"\",\"token\":\"\",\"appKey\":\"\",\"thirdWarehouseId\":\"\",\"thirdWarehouseName\":\"\",\"edaApiType\":\"\",\"apiAddressUrl\":\"\",\"email\":\"\",\"refreshToken\":\"\",\"platformUid\":\"\",\"thirdCompanyName\":\"\",\"supplierName\":\"\"}', '新增仓库', '{\"assertion\":[ {\"path\":\"$.code\", \"keyValue\":\"000000\",\"checkType\":\"equals\"}] }', '', 402, 'delete from nextop_warehouse where name = \'自动化测试仓库001\';', '', '', 2, 1);
INSERT INTO `mingfeng_singlecase` VALUES (25, '/warehouse/warehouse', 2, '{\"type\":\"HAVE\",\"name\":\"订单包裹7\",\"companyId\":\"75617245016367104\",\"enable\":true,\"countryCode\":\"US\",\"province\":null,\"city\":null,\"area\":null,\"addressStreet\":null,\"postcode\":null,\"contacts\":null,\"telephone\":null,\"remarks\":null,\"thirdCompanyId\":null,\"supplierId\":null,\"token\":null,\"appKey\":null,\"thirdWarehouseId\":null,\"thirdWarehouseName\":null,\"edaApiType\":null,\"apiAddressUrl\":\"\",\"email\":null,\"refreshToken\":null,\"platformUid\":\"\",\"size\":0,\"current\":0,\"id\":\"106774078027829248\",\"code\":1118,\"typeName\":\"自有仓\",\"countryName\":\"美国\",\"companyName\":\"深圳海川体育用品有限公司\",\"supplierName\":null,\"thirdCompanyName\":null,\"createTime\":1611971523971,\"createName\":\"王宇\",\"createPhone\":null,\"shopId\":null,\"shopCode\":null,\"shopName\":null,\"source\":\"0\",\"isRefreshTokenExpired\":null,\"refreshTokenExpire\":null,\"address\":\"\",\"_XID\":\"row_263\"}', '修改仓库', '{\"assertion\":[ {\"path\":\"$.code\", \"keyValue\":\"000000\",\"checkType\":\"equals\"}] }', '', 402, '', '', '', 2, 1);
INSERT INTO `mingfeng_singlecase` VALUES (73, '/warehouse/warehouse/pop', 1, '?code=&name=&companyId=&warehouseSelectValue=name&warehouseSelectTypeList=&size=20&currentPage=1&current=1&total=0&sizes=&layout=total,+sizes,+prev,+pager,+next,+jumper', '分页查询仓库信息（弹框）', '{\"assertion\":[ {\"path\":\"$.code\", \"keyValue\":\"000000\",\"checkType\":\"equals\"}] }', '', 402, '', '', '', 2, 1);
INSERT INTO `mingfeng_singlecase` VALUES (77, '/warehouse/warehouse/pageWarehouse', 1, '?name=&types=&countryCodes=&enables=true&current=1&size=20', '分页查询仓库信息', '{\"assertion\":[ {\"path\":\"$.code\", \"keyValue\":\"000000\",\"checkType\":\"equals\"}] }', '', 402, '', '', '', 2, 1);
INSERT INTO `mingfeng_singlecase` VALUES (92, '/warehouse/details/purchasePage', 0, '{\"documentNo\":\"\",\"companyId\":\"\",\"current\":\"1\",\"purchaseTimeEnd\":\"\",\"size\":\"20\",\"createTimeEnd\":\"\",\"tenantId\":\"\",\"purchaseNo\":\"\",\"purchaseTimeStart\":\"\",\"createTimeStart\":\"\"}', '采购入库单明细-弹窗', '{\"assertion\":[ {\"path\":\"$.code\", \"keyValue\":\"000000\",\"checkType\":\"equals\"}] }', '', 409, '', '', '', 2, 1);
INSERT INTO `mingfeng_singlecase` VALUES (101, '/warehouse/location/status', 1, '', '位置状态下拉框', '{\"assertion\":[ {\"path\":\"$.code\", \"keyValue\":\"000000\",\"checkType\":\"equals\"}] }', '', 403, '', '', '', 2, 1);
INSERT INTO `mingfeng_singlecase` VALUES (116, '/warehouse/purchase/details', 1, '?purchaseNo=PO20210311000000001&code=PW2103110005&operateType=view&title=%E5%85%A5%E5%BA%93%E6%98%8E%E7%BB%86', '详情', '{\"assertion\":[ {\"path\":\"$.code\", \"keyValue\":\"000000\",\"checkType\":\"equals\"}] }', '', 409, '', '', '', 2, 1);
INSERT INTO `mingfeng_singlecase` VALUES (118, '/warehouse/warehouse/thirdCompany', 1, '', '获取第三方公司id信息', '{\"assertion\":[ {\"path\":\"$.code\", \"keyValue\":\"000000\",\"checkType\":\"equals\"}] }', '', 402, '', '', '', 2, 1);
INSERT INTO `mingfeng_singlecase` VALUES (127, '/warehouse/pkg/tree', 1, '', '仓库-物流商-运输方式树形结构', '{\"assertion\":[ {\"path\":\"$.code\", \"keyValue\":\"000000\",\"checkType\":\"equals\"}] }', '', 402, '', '', '', 2, 1);
INSERT INTO `mingfeng_singlecase` VALUES (128, '/warehouse/allocation/page', 0, '{\"fromCompanyIds\":[],\"fromWarehouseIds\":[],\"toCompanyIds\":[],\"toWarehouseIds\":[],\"orderCode\":\"\",\"handleSKU\":\"\",\"timeType\":1,\"status\":[],\"createTimeStart\":1612627200000,\"createTimeEnd\":1615305599000,\"examineTimeStart\":\"\",\"examineTimeEnd\":\"\",\"current\":1,\"size\":20,\"isBorrows\":[],\"materialSku\":\"\",\"materialSkus\":[]}', '分页查询调拨单信息', '{\"assertion\":[ {\"path\":\"$.code\", \"keyValue\":\"000000\",\"checkType\":\"equals\"}] }', '', 408, '', '', '', 2, 1);
INSERT INTO `mingfeng_singlecase` VALUES (133, '/warehouse/warehouse/pageWarehouseSimple', 1, '?name=&types=&countryCodes=&enables=true¤t=1&size=20', '分页查询仓库信息  单表', '{\"assertion\":[ {\"path\":\"$.code\", \"keyValue\":\"000000\",\"checkType\":\"equals\"}] }', '', 402, '', '', '', 2, 2);
INSERT INTO `mingfeng_singlecase` VALUES (138, '/logistics/customsLogistics/page', 0, '{\"sendCargoNum\":null,\"toCountryId\":null,\"num\":null,\"status\":null,\"transportMode\":null,\"carrierId\":null,\"eldFrom\":null,\"eldTo\":null,\"size\":20,\"current\":1}', '列表查询-所有条件', '{\"assertion\":[ {\"path\":\"$.code\", \"keyValue\":\"000000\",\"checkType\":\"equals\"}] }', '', 615, '', '', '', 2, 1);
INSERT INTO `mingfeng_singlecase` VALUES (142, '/logistics/declare/listHistoryCoefficient', 0, '{\"country\":\"法国\",\"countryId\":\"15089973239054339\",\"ruleType\":0}', '新建规则-查看历史系数', '{\"assertion\":[ {\"path\":\"$.code\", \"keyValue\":\"000000\",\"checkType\":\"equals\"}] }', '', 610, '', '', '', 2, 1);
INSERT INTO `mingfeng_singlecase` VALUES (143, '/logistics/sendCargoLogistics/refuse', 2, '{\"id\":\"115600012986286080\", \"reason\":\"111111111111111\"}', '拒绝发货', '{\"assertion\":[ {\"path\":\"$.code\", \"keyValue\":\"000000\",\"checkType\":\"equals\"}] }', '', 607, '', '', '', 2, 1);
INSERT INTO `mingfeng_singlecase` VALUES (148, '/logistics/sendCargo/page', 0, '{\"size\":20, \"current\":1, \"num\":\"W7oNtrans210302a006\", \"fbaNum\":null, \"takeCargoNum\":null, \"status\":null, \"transportType\":null, \"transportMode\":null, \"carrierId\":null, \"takeStore\":null, \"toStore\":null, \"sku\":null, \"toCountryId\":null, \"expectToDateFrom\":null, \"expectToDateTo\":null, \"leaveDateFrom\":null, \"leaveDateTo\":null, \"sendDateFrom\":null, \"sendDateTo\":null, \"signDateFrom\":null, \"signDateTo\":null, \"takeDateFrom\":null, \"takeDateTo\":null}', '发货计划分页查询 所有条件', '{\"assertion\":[ {\"path\":\"$.code\", \"keyValue\":\"000000\",\"checkType\":\"equals\"}] }', '', 603, '', '', '', 2, 1);
INSERT INTO `mingfeng_singlecase` VALUES (149, '/logistics/sendCargo/page?status=0&size=20&current=1', 1, '', '发货计划分页查询 按状态', '{\"assertion\":[ {\"path\":\"$.code\", \"keyValue\":\"000000\",\"checkType\":\"equals\"}] }', '', 603, '', '', '', 2, 1);
INSERT INTO `mingfeng_singlecase` VALUES (150, '/logistics/declare/addDeclarePrice', 0, '{\"tenantId\":null,\"skuId\":\"115477360566669312\",\"sku\":\"C05K-S17FAX-FRBU3A\",\"skuName\":\"C05K-S17FAX-FRBU3A\",\"spuModel\":\"202102231013\",\"unitPrice\":10.16,\"declareUnitPriceDtos\":null,\"declarePrice\":13.41,\"userDeclarePrice\":\"72\",\"declarePrice1\":13.41,\"declarePrice2\":13.41,\"declarePrice3\":13.41,\"isEdit\":false,\"_XID\":\"row_579\",\"declareRuleId\":\"106578734377881600\",\"countryId\":\"15089973239054336\",\"country\":\"美国\",\"ruleType\":0,\"status\":1}', '编辑申报价格', '{\"assertion\":[ {\"path\":\"$.code\", \"keyValue\":\"000000\",\"checkType\":\"equals\"}] }', 'userDeclarePrice:1:2', 610, '', '', '', 2, 1);
INSERT INTO `mingfeng_singlecase` VALUES (159, '/logistics/sendCargo/batchAddCarrier', 0, '{\"carrier\":\"何多多\", \"carrierId\":\"94098469732593664\", \"ids\":[\"105764082228154368\",\"105059484613885952\"]}', '批量选择物流', '{\"assertion\":[ {\"path\":\"$.code\", \"keyValue\":\"000000\",\"checkType\":\"equals\"}] }', '', 603, '', '', '', 2, 1);
INSERT INTO `mingfeng_singlecase` VALUES (169, '/logistics/customsBase', 0, '{\"list\":[{\"customsName\":\"皮皮1\",\"hsCode\":\"00001\",\"skuId\":\"94199818966990848\",\"unit\":\"台\",\"id\":\"94199824271429632\"},{\"customsName\":\"皮皮1\",\"hsCode\":\"00002\",\"skuId\":\"94199818971185152\",\"unit\":\"件\",\"id\":\"94199824271429633\"}]}', '批量编辑', '{\"assertion\":[ {\"path\":\"$.code\", \"keyValue\":\"000000\",\"checkType\":\"equals\"}] }', '', 608, '', '', '', 2, 1);
INSERT INTO `mingfeng_singlecase` VALUES (179, '/logistics/sendCargo/carrier', 2, '{\"carrier\":\"测试1\", \"carrierId\":\"94098469732593664\", \"id\":\"118093109201899520\", \"transportMode\":\"欧洲空派（自主VAT）\", \"transportType\":1, \"takeAddr\":\"联系地址\", \"takeName\":\"111111111\", \"takeRemark\":\"请输入提货备注\", \"takeTel\":\"16666666666\"}', '修改运输商信息', '{\"assertion\":[ {\"path\":\"$.code\", \"keyValue\":\"000000\",\"checkType\":\"equals\"}] }', '', 603, '', '', '', 2, 1);
INSERT INTO `mingfeng_singlecase` VALUES (181, '/logistics/takeCargoLogistics/page', 0, '{\"size\":20,\"current\":1,\"status\":\"\",\"num\":\"\",\"fbaNum\":\"\",\"toCountry\":\"\",\"transportType\":\"\",\"transportMode\":\"\"}', '分页查询该物流商下的提货信息 所有条件', '{\"assertion\":[ {\"path\":\"$.code\", \"keyValue\":\"000000\",\"checkType\":\"equals\"}] }', '', 612, '', '', '', 2, 1);
INSERT INTO `mingfeng_singlecase` VALUES (182, '/logistics/takeCargoLogistics/page?status=1&size=20&current=1', 1, '', '分页查询该物流商下的提货信息 按状态', '{\"assertion\":[ {\"path\":\"$.code\", \"keyValue\":\"000000\",\"checkType\":\"equals\"}] }', '', 612, '', '', '', 2, 1);
INSERT INTO `mingfeng_singlecase` VALUES (187, '/logistics/sendCargo/info?id=118093109201899520', 1, '', '根据id获取发货计划', '{\"assertion\":[ {\"path\":\"$.code\", \"keyValue\":\"000000\",\"checkType\":\"equals\"}] }', '', 603, '', '', '', 2, 1);
INSERT INTO `mingfeng_singlecase` VALUES (189, '/logistics/logistics/info?id=94096044078510080', 1, '', '获取编辑详细', '{\"assertion\":[ {\"path\":\"$.code\", \"keyValue\":\"000000\",\"checkType\":\"equals\"}] }', '', 613, '', '', '', 2, 1);
INSERT INTO `mingfeng_singlecase` VALUES (190, '/logistics/sendCargoLogistics/card', 1, '', '获取列表上面的卡片信息', '{\"assertion\":[ {\"path\":\"$.code\", \"keyValue\":\"000000\",\"checkType\":\"equals\"}] }', '', 607, '', '', '', 1, 1);
INSERT INTO `mingfeng_singlecase` VALUES (193, '/logistics/sendCargo/', 2, '{\"updateTime\":\"1614222950348\",\"createTime\":\"1614222903309\",\"createId\":\"66920055637434368\",\"updateId\":\"66920055637434368\",\"id\":\"116217047332569088\",\"takeCargoId\":\"103898703187156992\",\"takeCargoNum\":\"W7oNdel210122a003\",\"tenantId\":\"1596870669278\",\"num\":\"W7oNtrans210225a011\",\"businessTime\":\"1613961744318\",\"fba\":0,\"fbaNum\":null,\"skuId\":\"98538900934307840\",\"sku\":\"liaotest001-001\",\"spuModel\":\"xh\",\"skuName\":\"pp真无线蓝牙耳机（销售装-欧洲（除英国）-黑色）\",\"brandName\":\"测试品牌\",\"skuPictureId\":null,\"amount\":128,\"box\":16,\"expectLeaveDate\":\"1611244800000\",\"leaveDate\":null,\"expectToDate\":null,\"transportOrigin\":null,\"transportType\":1,\"transportMode\":\"欧洲空派（自主VAT）\",\"toCountryId\":\"15089973239054336\",\"toCountry\":\"美国\",\"carrierId\":\"88359787272716288\",\"carrier\":\"宇环\",\"changeCarrier\":1,\"takeStoreId\":\"102457620795473920\",\"takeStore\":\"WY22\",\"takeName\":\"wer\",\"takeTel\":\"17722667788\",\"takeAddr\":\"123e\",\"takeRemark\":\"123er\",\"toStoreId\":\"107930648164904960\",\"toStore\":\"heq测试11111\",\"toName\":\"张三\",\"toTel\":\"02759740041\",\"toAddr\":\"imya/imya/imya/imya\",\"takeDate\":\"1611286200000\",\"sendDate\":null,\"sign\":0,\"signDate\":null,\"logisticsTimeliness\":null,\"isCustoms\":1,\"customsSideId\":\"1\",\"customsSide\":\"我司\",\"buyId\":\"85495509180928000\",\"buyName\":\"深圳万拓科技创新有限公司\",\"remark\":\"别动我\",\"cargoRemark\":null,\"planRemark\":null,\"shiftRemark\":null,\"planNum\":null,\"shiftNum\":null,\"platId\":\"16173759546824236\",\"plat\":\"shopify平台\",\"status\":0,\"preStatus\":0,\"handCancel\":null,\"billType\":0,\"weight\":null,\"price\":null,\"customsClearPrice\":null,\"taxPrice\":null,\"otherPrice\":null,\"billRemark\":null,\"billConfirm\":null,\"changeId\":null,\"pictureUrl\":null,\"signAble\":0,\"billAble\":0,\"sendCargoLogisticsInfoVos\":null,\"fileVoList\":null,\"boxSize\":{\"id\":null,\"singleBoxVolume\":null,\"singleBoxWeight\":null,\"singleBoxUnits\":null},\"invoiceStatus\":0,\"invoiceId\":\"116217047366123520\",\"invoiceNum\":null,\"skuList\":[{\"id\":\"116217047332569090\",\"csId\":\"116217047332569092\",\"batchId\":\"116561268556455936\",\"num\":\"W7oNExCD210226a014\",\"sku\":\"liaotest001-001\",\"amount\":128,\"box\":16,\"perAmount\":null,\"perBox\":null,\"purchase\":null,\"buyMain\":null,\"isTax\":null,\"isCustoms\":1,\"customsSideId\":\"3\",\"customsSide\":\"金融方\",\"sw\":1,\"isNew\":1,\"status\":1,\"audit\":null,\"auditRemark\":null,\"code\":null,\"fillDate\":null,\"price\":null,\"remark\":null,\"fileVoList\":null},{\"id\":\"116560593181237248\",\"csId\":\"116560593214791680\",\"batchId\":\"116932215870533632\",\"num\":\"W7oNExCD210227a012\",\"sku\":\"liaotest001-001\",\"amount\":128,\"box\":16,\"perAmount\":null,\"perBox\":null,\"purchase\":null,\"buyMain\":null,\"isTax\":null,\"isCustoms\":1,\"customsSideId\":\"3\",\"customsSide\":\"金融方\",\"sw\":1,\"isNew\":1,\"status\":1,\"audit\":null,\"auditRemark\":null,\"code\":null,\"fillDate\":null,\"price\":null,\"remark\":null,\"fileVoList\":null},{\"id\":\"116561268648730624\",\"csId\":\"116561268682285056\",\"batchId\":\"116561268556455936\",\"num\":\"W7oNExCD210226a015\",\"sku\":\"liaotest001-001\",\"amount\":128,\"box\":16,\"perAmount\":null,\"perBox\":null,\"purchase\":null,\"buyMain\":null,\"isTax\":null,\"isCustoms\":1,\"customsSideId\":\"3\",\"customsSide\":\"金融方\",\"sw\":1,\"isNew\":1,\"status\":1,\"audit\":null,\"auditRemark\":null,\"code\":null,\"fillDate\":null,\"price\":null,\"remark\":null,\"fileVoList\":null},{\"id\":\"116932216185106432\",\"csId\":\"116932220576542720\",\"batchId\":\"116932215870533632\",\"num\":\"W7oNExCD210227a013\",\"sku\":\"liaotest001-001\",\"amount\":128,\"box\":16,\"perAmount\":null,\"perBox\":null,\"purchase\":null,\"buyMain\":null,\"isTax\":null,\"isCustoms\":1,\"customsSideId\":\"3\",\"customsSide\":\"金融方\",\"sw\":1,\"isNew\":1,\"status\":1,\"audit\":null,\"auditRemark\":null,\"code\":null,\"fillDate\":null,\"price\":null,\"remark\":null,\"fileVoList\":null},{\"id\":\"116932220576542721\",\"csId\":\"116932225848782848\",\"batchId\":\"116932215870533632\",\"num\":\"W7oNExCD210227a014\",\"sku\":\"liaotest001-001\",\"amount\":128,\"box\":16,\"perAmount\":null,\"perBox\":null,\"purchase\":null,\"buyMain\":null,\"isTax\":null,\"isCustoms\":1,\"customsSideId\":\"3\",\"customsSide\":\"金融方\",\"sw\":1,\"isNew\":1,\"status\":1,\"audit\":null,\"auditRemark\":null,\"code\":null,\"fillDate\":null,\"price\":null,\"remark\":null,\"fileVoList\":null}],\"proposer\":\"美艳\",\"proposerTel\":\"17722618696\",\"cartonList\":[{\"amountOfBox\":8,\"box\":16,\"cartonSizeLength\":8,\"cartonSizeWidth\":8,\"cartonSizeHeight\":8,\"nw\":1777.7792,\"gw\":8,\"boxGaugeId\":null,\"boxGaugeName\":\"自定义\",\"defaultStatus\":0,\"_XID\":\"row_882\"}],\"skuPictureUrl\":null,\"pid\":\"115121666900185088\"}', '编辑发货通知', '{\"assertion\":[ {\"path\":\"$.code\", \"keyValue\":\"000000\",\"checkType\":\"equals\"}] }', '', 603, '', '', '', 2, 1);
INSERT INTO `mingfeng_singlecase` VALUES (199, '/logistics/sendCargo/infoByNum?num=W7oNtrans210225a036', 1, '', '根据发货编号获取发货计划', '{\"assertion\":[ {\"path\":\"$.code\", \"keyValue\":\"000000\",\"checkType\":\"equals\"}] }', '', 603, '', '', '', 2, 1);
INSERT INTO `mingfeng_singlecase` VALUES (200, '/logistics/declare/listHistoryRuleByCountryId', 1, '?countryId=15089973239054339&ruleType=0', '根据国家-查询更多历史规则规则', '{\"assertion\":[ {\"path\":\"$.code\", \"keyValue\":\"000000\",\"checkType\":\"equals\"}] }', '', 610, '', '', '', 2, 1);
INSERT INTO `mingfeng_singlecase` VALUES (201, '/logistics/logistics/list', 1, '', '获取租户下的运输商列表', '{\"assertion\":[ {\"path\":\"$.code\", \"keyValue\":\"000000\",\"checkType\":\"equals\"}] }', '', 613, '', '', '', 2, 1);
INSERT INTO `mingfeng_singlecase` VALUES (208, '/logistics/declare/addRule', 0, '{\"accessType\":0,\"isDefault\":0,\"country\":\"法国\",\"countryId\":\"15089973239054339\",\"effectiveDate\":effectiveDate,\"timeQuantumType\":0,\"isTax\":0,\"currency\":\"美元\",\"currencyId\":\"2\",\"exchangeRateType\":0,\"declareCoefficient\":\"36.14\",\"ruleType\":0,\"status\":1}', '新增申报价格规则', '{\"assertion\":[ {\"path\":\"$.code\", \"keyValue\":\"000000\",\"checkType\":\"equals\"}] }', 'effectiveDate:3', 610, '', '', '', 2, 2);
INSERT INTO `mingfeng_singlecase` VALUES (211, '/logistics/takeCargo', 0, '{\"skuList\":[{\"pictureUrl\":\"http://vantop-nextop-test.oss-cn-shenzhen.aliyuncs.com/upload/1596870669278/20210223/115477020175998976.png\",\"sku\":\"C05K-S17FAX-FRBU3A\",\"skuName\":\"C05K-S17FAX-FRBU3A\",\"skuId\":\"115477360566669312\",\"amount\":200,\"box\":15,\"cartons\":[{\"amountOfBox\":\"10\",\"box\":\"10\",\"boxGaugeName\":\"自定义\",\"cartonSizeHeight\":\"7\",\"cartonSizeLength\":\"7\",\"cartonSizeWidth\":\"7\",\"gw\":\"7\",\"operator\":\"\",\"_XID\":\"row_322\",\"boxGaugeId\":null,\"amount\":\"100\",\"isCustom\":1,\"defaultStatus\":null},{\"amountOfBox\":\"20\",\"box\":\"5\",\"boxGaugeName\":\"自定义\",\"cartonSizeHeight\":\"8\",\"cartonSizeLength\":\"8\",\"cartonSizeWidth\":\"8\",\"gw\":\"8\",\"operator\":\"\",\"_XID\":\"row_323\",\"amount\":\"100\",\"boxGaugeId\":null,\"isCustom\":1,\"defaultStatus\":null}],\"cartonsList\":[{\"label\":\"箱规1（默认）：最大装箱数111\",\"value\":\"115477361011265539\"},{\"label\":\"自定义\",\"value\":null}],\"stockNum\":0,\"materialId\":\"115477360566669312\",\"spuId\":\"115477360226930688\",\"skuEnName\":\"C05K-S17FAX-FRBU3A\",\"companyId\":\"75617245016367104\",\"modelCode\":\"202102231013\",\"brandId\":\"67305021262413824\",\"brandName\":\"测试品牌\",\"unit\":\"件\",\"pictureId\":\"115477020175998976\",\"materialsType\":1,\"materialsTypeName\":\"自采\",\"specification\":\"4G\",\"attritionRate\":null,\"cardinalNum\":null,\"dosageForm\":null,\"buyerId\":\"42030496648286208\",\"rootMaterialId\":null,\"originSkuList\":{\"materialId\":\"115477360566669312\",\"spuId\":\"115477360226930688\",\"sku\":\"C05K-S17FAX-FRBU3A\",\"skuName\":\"C05K-S17FAX-FRBU3A\",\"skuEnName\":\"C05K-S17FAX-FRBU3A\",\"companyId\":\"75617245016367104\",\"modelCode\":\"202102231013\",\"brandId\":\"67305021262413824\",\"brandName\":\"测试品牌\",\"unit\":\"件\",\"pictureId\":\"115477020175998976\",\"pictureUrl\":\"http://vantop-nextop-test.oss-cn-shenzhen.aliyuncs.com/upload/1596870669278/20210223/115477020175998976.png\",\"materialsType\":1,\"materialsTypeName\":\"自采\",\"specification\":\"4G\",\"attritionRate\":null,\"cardinalNum\":null,\"dosageForm\":null,\"buyerId\":\"42030496648286208\",\"rootMaterialId\":null},\"skuPictureId\":\"115477020175998976\",\"cartonsOriginList\":[{\"id\":\"115477361011265536\",\"materialsSkuId\":\"115477360566669312\",\"skuId\":null,\"boxGaugeId\":\"115477361011265539\",\"defaultStatus\":1,\"boxLength\":\"101\",\"boxWidth\":\"1\",\"boxHigh\":\"22\",\"boxGrossWeight\":\"12\",\"singleBoxNum\":111,\"remark\":\"25\"}]}],\"delSkuIdList\":[],\"carrier\":\"皮皮速运\",\"carrierId\":\"94096044078510080\",\"expectTakeDate\":1614650400000,\"expectTakeDateYMD\":\"2021-03-02\",\"expectTakeDateHM\":\"10:00\",\"remark\":\"撒旦法算哒发撒旦法撒旦法撒旦法撒旦法算哒发撒旦法撒旦法撒旦法撒旦法算哒发撒旦法撒旦法撒旦法撒旦法算哒发撒旦法撒旦法撒旦法撒旦法算哒发撒旦法撒旦法撒旦法撒旦法算哒发撒旦法撒旦法撒旦法撒旦法算哒发撒旦法撒旦法撒旦法撒旦法算哒发撒旦法撒旦法撒旦法撒旦法算哒发撒旦法撒旦法撒旦法撒旦法算哒发撒旦法撒旦法撒旦法撒旦法算哒发撒旦法撒旦法撒旦法撒旦法算哒发撒旦法撒旦法撒旦法撒旦法算哒发撒旦法撒旦法撒旦法撒旦法算哒发撒旦法撒旦法撒旦法撒旦法算哒发撒旦法撒旦法撒旦法撒旦法算哒发撒旦法撒旦法撒旦法撒旦法算哒发撒旦法撒旦法撒旦法撒旦法算哒发撒旦法撒旦法撒旦法撒旦法算哒发撒旦法撒旦法撒旦法撒旦法算哒发撒旦法撒旦法撒旦法撒旦法算哒发撒旦法撒旦法撒旦法撒旦法算哒发撒旦法撒旦法撒旦法撒旦法算哒发撒旦法撒旦法撒旦法撒旦法算哒发撒旦法撒旦法撒旦法撒旦法算哒发撒旦法撒旦法撒旦法撒旦法算哒发撒旦法撒旦法撒旦法撒旦法算哒发撒旦法撒旦法撒旦法撒旦法算哒发撒旦法撒旦法撒旦法撒旦法算哒发撒旦法撒旦法撒旦法撒旦法算哒发撒旦法撒旦法撒旦法撒旦法算哒发撒旦法撒旦法撒旦法撒旦法算哒发撒旦法撒旦法撒旦法撒旦法算哒发撒旦法撒旦法撒旦法撒旦法算哒\",\"takeAddr\":\"翻身A口\",\"takeAddrDetail\":\"\",\"takeAddrType\":\"\",\"takeName\":\"皮皮1\",\"takeTel\":\"15602471885\",\"expectLeaveDate\":1614614400000,\"transportMode\":\"欧洲空派（自主VAT）\",\"transportType\":1,\"toCountry\":\"美国\",\"toCountryId\":\"15089973239054336\",\"skuId\":\"\",\"isCustoms\":1,\"fba\":0,\"fbaNum\":\"\",\"customsSide\":\"我司\",\"customsSideId\":\"1\",\"buyName\":\"深圳海川体育用品有限公司\",\"buyId\":\"75617245016367104\",\"toStore\":\"WY测试06\",\"toName\":\"皮皮\",\"toTel\":\"15602471993\",\"toAddr\":\"123123/44444\",\"takeStore\":\"皮皮测试专用\",\"takeStoreId\":\"91628699891216384\",\"planNum\":\"\",\"planRemark\":\"\",\"shiftNum\":\"\",\"shiftRemark\":\"\",\"plat\":\"亚马逊平台\",\"platId\":\"16175893728993280\",\"cargoRemark\":\"\",\"supplierId\":\"100706992144457728\",\"supplierName\":\"皮皮供应商\",\"contantChooseId\":\"100708225936302080\",\"countryName\":\"美国\",\"toStoreId\":\"90191192644702208\",\"cloneSkuList\":[]}', '新增提货通知', '{\"assertion\":[ {\"path\":\"$.code\", \"keyValue\":\"000000\",\"checkType\":\"equals\"}] }', '', 602, '', '', '', 2, 1);
INSERT INTO `mingfeng_singlecase` VALUES (212, '/logistics/takeCargo', 2, '{\"id\":\"105448381379723264\",\"num\":\"W7oNdel210126a012\",\"fba\":0,\"fbaNum\":null,\"skuId\":\"60405364444758016\",\"sku\":{\"amount\":550,\"box\":35,\"sku\":\"CPJV-C400-USWH0A\",\"skuId\":\"60405364444758016\",\"skuName\":\"VIVIMAGE C400 投影仪及配件-美国-白色\",\"cartons\":[{\"boxGaugeId\":\"80711009416904705\",\"amountOfBox\":10,\"box\":15,\"boxGaugeName\":\"箱规1（默认）：最大装箱数10\",\"cartonSizeHeight\":6,\"cartonSizeLength\":2,\"cartonSizeWidth\":4,\"gw\":10,\"id\":\"105448381417472000\",\"isCustom\":0,\"defaultStatus\":1},{\"boxGaugeId\":\"84784313135448065\",\"amountOfBox\":20,\"box\":20,\"boxGaugeName\":\"箱规2：最大装箱数20\",\"cartonSizeHeight\":50,\"cartonSizeLength\":30,\"cartonSizeWidth\":40,\"gw\":30,\"id\":\"105448381417472001\",\"isCustom\":0,\"defaultStatus\":1}]},\"skuName\":\"VIVIMAGE C400 投影仪及配件-美国-白色\",\"amount\":550,\"box\":35,\"toStoreId\":\"94952121831329792\",\"supplierId\":\"91284840594665472\",\"toStore\":\"何多多测试1\",\"toName\":\"何多多\",\"toTel\":\"15602471881\",\"toAddr\":\"地址街道地址街道地址街道\",\"takeStoreId\":\"93126733672013824\",\"takeStore\":\"光遇雨林仓库\",\"expectTakeDate\":\"1611664200000\",\"takeName\":\"何多多\",\"takeTel\":\"16666666666\",\"takeAddr\":\"详细地址11111111\",\"expectLeaveDate\":\"1611590400000\",\"transportOrigin\":null,\"transportType\":2,\"transportMode\":\"欧洲海派（不包税）\",\"takeBox\":0,\"takeAmount\":0,\"toCountryId\":\"15089973239054336\",\"toCountry\":\"美国\",\"carrierId\":\"94096044078510080\",\"carrier\":\"皮皮速运\",\"allocateCargoStatus\":null,\"status\":1,\"preStatus\":null,\"isCustoms\":1,\"customsSideId\":\"1\",\"customsSide\":\"我司\",\"purchase\":null,\"buyId\":\"85495509180928000\",\"buyName\":\"深圳万拓科技创新有限公司\",\"remark\":\"物流备注物流备注物流备注物流备注物流备注物流备注物流备注物流备注物流备注物流备注物流备注物流备注物流备注物流备注物流备注物流备注物流备注物流备注物流备注\",\"cargoRemark\":null,\"planRemark\":null,\"shiftRemark\":null,\"planNum\":null,\"shiftNum\":null,\"source\":null,\"platId\":\"16177372170874880\",\"plat\":\"其他第三方平台\",\"pictureUrl\":\"http://vantop-nextop-test.oss-cn-shenzhen.aliyuncs.com/upload/1596870669278/20210122/103945699321839616.jpg\",\"proposer\":\"何多多\",\"proposerTel\":\"15071493714\",\"driver\":null,\"driverTel\":null,\"driverCard\":null,\"driverCarNum\":null,\"cartons\":[{\"id\":\"105448381417472000\",\"amountOfBox\":10,\"box\":15,\"cartonSizeLength\":2,\"cartonSizeWidth\":4,\"cartonSizeHeight\":6,\"nw\":10,\"gw\":10,\"boxGaugeId\":\"80711009416904705\",\"boxGaugeName\":\"箱规1（默认）：最大装箱数10\",\"defaultStatus\":1,\"remark\":null,\"takeBox\":0,\"total\":150,\"_XID\":\"row_819\"},{\"id\":\"105448381417472001\",\"amountOfBox\":20,\"box\":20,\"cartonSizeLength\":30,\"cartonSizeWidth\":40,\"cartonSizeHeight\":50,\"nw\":20,\"gw\":30,\"boxGaugeId\":\"84784313135448065\",\"boxGaugeName\":\"箱规2：最大装箱数20\",\"defaultStatus\":1,\"remark\":null,\"takeBox\":0,\"total\":400,\"_XID\":\"row_820\"}],\"confirmations\":null,\"delCartonIdList\":[]}', '编辑提货通知', '{\"assertion\":[ {\"path\":\"$.code\", \"keyValue\":\"000000\",\"checkType\":\"equals\"}] }', '', 602, '', '', '', 2, 1);
INSERT INTO `mingfeng_singlecase` VALUES (213, '/logistics/customsBase/elementPage', 0, '{\"size\":20,\"current\":1,\"hsCode\":null}', '海关申报要素按条件分页查询', '{\"assertion\":[ {\"path\":\"$.code\", \"keyValue\":\"000000\",\"checkType\":\"equals\"}] }', '', 608, '', '', '', 2, 1);
INSERT INTO `mingfeng_singlecase` VALUES (220, '/logistics/logistics/driverList', 1, '', '查询司机列表信息', '{\"assertion\":[ {\"path\":\"$.code\", \"keyValue\":\"000000\",\"checkType\":\"equals\"}] }', '', 613, '', '', '', 2, 1);
INSERT INTO `mingfeng_singlecase` VALUES (236, '/logistics/sendCargoLogistics/all/116309020371226624', 1, '', '根据发货id查询详情', '{\"assertion\":[ {\"path\":\"$.code\", \"keyValue\":\"000000\",\"checkType\":\"equals\"}] }', '', 607, '', '', '', 2, 1);
INSERT INTO `mingfeng_singlecase` VALUES (237, '/logistics/declare/listForbiddenCountry', 1, '?ruleStatus=0&ruleType=0&status=1', '新建规则-查询禁用状态的国家', '{\"assertion\":[ {\"path\":\"$.code\", \"keyValue\":\"000000\",\"checkType\":\"equals\"}] }', '', 610, '', '', '', 2, 1);
INSERT INTO `mingfeng_singlecase` VALUES (238, '/logistics/sendCargo/cancel', 0, '{\"reason\":\"不要这个发货单了\",\"id\":\"116309151640358912\"}', '取消发货流程', '{\"assertion\":[ {\"path\":\"$.code\", \"keyValue\":\"000000\",\"checkType\":\"equals\"}] }', '', 603, '', '', '', 1, 1);
INSERT INTO `mingfeng_singlecase` VALUES (242, '/logistics/declare/listMoreByskuId', 0, '{\"skuId\":\"60405364444758016\",\"country\":\"美国\",\"countryId\":\"15089973239054336\",\"ruleType\":0,\"size\":500,\"current\":1}', '根据sku和国家-查询更多历史价格', '{\"assertion\":[ {\"path\":\"$.code\", \"keyValue\":\"000000\",\"checkType\":\"equals\"}] }', '', 610, '', '', '', 2, 1);
INSERT INTO `mingfeng_singlecase` VALUES (243, '/logistics/logistics/logisticsRoleId', 1, '', 'getLogisticsRoleId', '{\"assertion\":[ {\"path\":\"$.code\", \"keyValue\":\"000000\",\"checkType\":\"equals\"}] }', '', 613, '', '', '', 2, 1);
INSERT INTO `mingfeng_singlecase` VALUES (250, '/logistics/listLogisticsLog?cargoCode=W7oNdel210224a003&identifyType=2&logType=3', 1, '', '查询物流操作日志（提货日志用户侧）', '{\"assertion\":[ {\"path\":\"$.code\", \"keyValue\":\"000000\",\"checkType\":\"equals\"}] }', '', 611, '', '', '', 2, 1);
INSERT INTO `mingfeng_singlecase` VALUES (255, '/logistics/sendCargo/card', 1, '', '获取列表上面的卡片信息', '{\"assertion\":[ {\"path\":\"$.code\", \"keyValue\":\"000000\",\"checkType\":\"equals\"}] }', '', 603, '', '', '', 1, 1);
INSERT INTO `mingfeng_singlecase` VALUES (264, '/logistics/declare/listMoreHistoryPrice', 0, '{\"skuId\":\"115477360566669312\",\"country\":\"美国\",\"countryId\":\"15089973239054336\",\"status\":1,\"ruleId\":\"106578734377881600\",\"ruleType\":0,\"size\":500,\"current\":1}', '根据sku和国家-查询更多历史价格', '{\"assertion\":[ {\"path\":\"$.code\", \"keyValue\":\"000000\",\"checkType\":\"equals\"}] }', '', 610, '', '', '', 2, 1);
INSERT INTO `mingfeng_singlecase` VALUES (273, '/logistics/sendCargoLogistics/account/115221021669191680', 2, '{\"billRemark\":null, \"billType\":0, \"customsClearPrice\":1111, \"otherPrice\":222222, \"price\":12, \"taxPrice\":111111, \"weight\":333333, \"fileIds\":[], \"paths\":[]}', '提交账单', '{\"assertion\":[ {\"path\":\"$.code\", \"keyValue\":\"000000\",\"checkType\":\"equals\"}] }', '', 607, '', '', '', 2, 1);
INSERT INTO `mingfeng_singlecase` VALUES (278, '/logistics/declare/listDeclarePrice', 0, '{\"countryId\":\"\",\"country\":\"\",\"current\":1,\"size\":20,\"total\":0,\"ruleType\":0,\"sku\":\"\",\"skuName\":\"\",\"spuModel\":\"\"}', '根据条件-查询申报价格表', '{\"assertion\":[ {\"path\":\"$.code\", \"keyValue\":\"000000\",\"checkType\":\"equals\"}] }', '', 610, '', '', '', 2, 1);
INSERT INTO `mingfeng_singlecase` VALUES (279, '/logistics/takeCargoLogistics/card', 1, '', '获取列表上面的卡片信息', '{\"assertion\":[ {\"path\":\"$.code\", \"keyValue\":\"000000\",\"checkType\":\"equals\"}] }', '', 612, '', '', '', 2, 1);
INSERT INTO `mingfeng_singlecase` VALUES (282, '/logistics/sendCargo/billConfirm?billConfirm=0&id=105350190509867008', 1, '', '确认账单', '{\"assertion\":[ {\"path\":\"$.code\", \"keyValue\":\"000000\",\"checkType\":\"equals\"}] }', '', 603, '', '', '', 2, 1);
INSERT INTO `mingfeng_singlecase` VALUES (288, '/logistics/sendCargoLogistics/page', 1, 'status=0&size=20&current=1', '分页查询该物流商下的发货信息 按状态', '{\"assertion\":[ {\"path\":\"$.code\", \"keyValue\":\"000000\",\"checkType\":\"equals\"}] }', '', 607, '', '', '', 1, 1);
INSERT INTO `mingfeng_singlecase` VALUES (289, '/logistics/logistics/carList', 1, '', '查询车辆信息', '{\"assertion\":[ {\"path\":\"$.code\", \"keyValue\":\"000000\",\"checkType\":\"equals\"}] }', '', 613, '', '', '', 2, 1);
INSERT INTO `mingfeng_singlecase` VALUES (292, '/logistics/sendCargoLogistics/checkTrackingNum/2021031001', 1, '', '校验物流转单号', '{\"assertion\":[ {\"path\":\"$.code\", \"keyValue\":\"000000\",\"checkType\":\"equals\"}] }', '', 607, '', '', '', 2, 1);
INSERT INTO `mingfeng_singlecase` VALUES (307, '/logistics/logistics/country?currentPage=1&pageSize=10&name=', 1, '', '获取国家列表', '{\"assertion\":[ {\"path\":\"$.code\", \"keyValue\":\"000000\",\"checkType\":\"equals\"}] }', '', 613, '', '', '', 2, 1);
INSERT INTO `mingfeng_singlecase` VALUES (309, '/logistics/declare/listDeclareRule', 1, '?ruleType=0', '查询申报价格规则列表', '{\"assertion\":[ {\"path\":\"$.code\", \"keyValue\":\"000000\",\"checkType\":\"equals\"}] }', '', 610, '', '', '', 2, 1);
INSERT INTO `mingfeng_singlecase` VALUES (313, '/logistics/logistics/enable?id=94096044078510080&status=3', 2, '', '开启禁用（2.启用 3.禁用）', '{\"assertion\":[ {\"path\":\"$.code\", \"keyValue\":\"000000\",\"checkType\":\"equals\"}] }', '', 613, '', '', '', 2, 1);
INSERT INTO `mingfeng_singlecase` VALUES (321, '/logistics/customsBase/page', 0, '{\"country\":null,\"size\":20,\"current\":1,\"sku\":null}', '报关基础资料按条件分页查询', '{\"assertion\":[ {\"path\":\"$.code\", \"keyValue\":\"000000\",\"checkType\":\"equals\"}] }', '', 608, '', '', '', 2, 1);
INSERT INTO `mingfeng_singlecase` VALUES (361, '/warehouse/allocation/status', 2, '', '调拨单状态下拉框', '{\"assertion\":[ {\"path\":\"$.code\", \"keyValue\":\"000000\",\"checkType\":\"equals\"}] }', '', 408, '', '', '', 2, 1);
INSERT INTO `mingfeng_singlecase` VALUES (365, '/logistics/listLogisticsLog?cargoCode=W7oNdel210224a003&identifyType=1&logType=3', 1, '', '查询物流操作日志（提货日志物流商侧）', '{\"assertion\":[ {\"path\":\"$.code\", \"keyValue\":\"000000\",\"checkType\":\"equals\"}] }', '', 611, '', '', '', 2, 1);
INSERT INTO `mingfeng_singlecase` VALUES (366, '/logistics/listLogisticsLog?cargoCode=W7oNtrans210226a001&identifyType=2&logType=4', 1, '', '查询物流操作日志（发货日志用户侧）', '{\"assertion\":[ {\"path\":\"$.code\", \"keyValue\":\"000000\",\"checkType\":\"equals\"}] }', '', 611, '', '', '', 2, 1);
INSERT INTO `mingfeng_singlecase` VALUES (367, '/logistics/listLogisticsLog?cargoCode=W7oNtrans210226a001&identifyType=1&logType=4', 1, '', '查询物流操作日志（发货日志物流商侧）', '{\"assertion\":[ {\"path\":\"$.code\", \"keyValue\":\"000000\",\"checkType\":\"equals\"}] }', '', 611, '', '', '', 2, 1);
INSERT INTO `mingfeng_singlecase` VALUES (368, '/logistics/listLogisticsLog?cargoCode=W7oNtrans210224a011&identifyType=2&logType=2', 1, '', '查询物流操作日志（报关日志用户侧）', '{\"assertion\":[ {\"path\":\"$.code\", \"keyValue\":\"000000\",\"checkType\":\"equals\"}] }', '', 611, '', '', '', 2, 1);
INSERT INTO `mingfeng_singlecase` VALUES (369, '/logistics/listLogisticsLog?cargoCode=W7oNtrans210224a011&identifyType=1&logType=2', 1, '', '查询物流操作日志（报关日志物流商侧）', '{\"assertion\":[ {\"path\":\"$.code\", \"keyValue\":\"000000\",\"checkType\":\"equals\"}] }', '', 611, '', '', '', 2, 1);
INSERT INTO `mingfeng_singlecase` VALUES (370, '/logistics/listLogisticsLog?cargoCode=W7oNtrans210225a018&identifyType=2&logType=1', 1, '', '查询物流操作日志（发票日志用户侧）', '{\"assertion\":[ {\"path\":\"$.code\", \"keyValue\":\"000000\",\"checkType\":\"equals\"}] }', '', 611, '', '', '', 2, 1);
INSERT INTO `mingfeng_singlecase` VALUES (371, '/logistics/listLogisticsLog?cargoCode=W7oNtrans210225a018&identifyType=1&logType=1', 1, '', '查询物流操作日志（发票日志物流商侧）', '{\"assertion\":[ {\"path\":\"$.code\", \"keyValue\":\"000000\",\"checkType\":\"equals\"}] }', '', 611, '', '', '', 2, 1);
INSERT INTO `mingfeng_singlecase` VALUES (372, '/goods/brand/page', 1, '?current=1&size=20&name=', '品牌查询', '{\"assertion\":[ {\"path\":\"$.code\", \"keyValue\":\"000000\",\"checkType\":\"equals\"}] }', '', 104, '', '', '', 2, 1);
INSERT INTO `mingfeng_singlecase` VALUES (373, '/logistics/logistics/enable?id=94096044078510080&status=2', 2, '', '开启禁用（2.启用）', '{\"assertion\":[ {\"path\":\"$.code\", \"keyValue\":\"000000\",\"checkType\":\"equals\"}] }', '', 613, '', '', '', 2, 1);
COMMIT;

-- ----------------------------
-- Table structure for mingfeng_singlereport
-- ----------------------------
DROP TABLE IF EXISTS `mingfeng_singlereport`;
CREATE TABLE `mingfeng_singlereport` (
  `id` varchar(100) NOT NULL,
  `taskId` varchar(200) NOT NULL,
  `name` varchar(1000) NOT NULL,
  `url` varchar(5000) DEFAULT NULL,
  `tag` varchar(50) NOT NULL,
  `success` int(3) NOT NULL,
  `result` varchar(5000) NOT NULL,
  `req` text NOT NULL,
  `res` longtext NOT NULL,
  `uid` bigint(20) DEFAULT NULL,
  `runner` varchar(500) NOT NULL COMMENT '执行人平台用户名',
  `test_account_id` int(5) DEFAULT NULL,
  `test_account_name` varchar(255) DEFAULT NULL,
  `create_time` datetime NOT NULL
) ENGINE=InnoDB DEFAULT CHARSET=utf8;

-- ----------------------------
-- Records of mingfeng_singlereport
-- ----------------------------
BEGIN;
INSERT INTO `mingfeng_singlereport` VALUES ('20216190678266204542133046', '1619067826625_202', '/purchase/supplier/getEnableContact', 'http://test.nextop.cc/gw/purchase/supplier/getEnableContact', '获取供应商已启用的联系人信息(单个)', 0, 'fail', '?supplierId= 135901200912035840', '', 13534173939, '熊飞', 1, '13534173939', '2021-04-22 05:03:47');
INSERT INTO `mingfeng_singlereport` VALUES ('20216190678405957713245981', '1619067840595_202', '/purchase/supplier/group', 'http://test.nextop.cc/gw/purchase/supplier/group', '获取供应商分组信息', 0, 'fail', '', '', 13534173939, '熊飞', 1, '13534173939', '2021-04-22 05:04:01');
INSERT INTO `mingfeng_singlereport` VALUES ('20216190678426739769743263', '1619067842673_202', '/purchase/supplier/baseInfo', 'http://test.nextop.cc/gw/purchase/supplier/baseInfo', '修改供应商基础信息', 0, 'fail', '{\"type\":1,\"code\":\"S98092\",\"fullName\":\"APPLE\",\"name\":\"APPLE\",\"companyCode\":\"z4x5c42121\",\"companyId\":\"116346253353132032\",\"registerDate\":null,\"companyType\":null,\"corporate\":null,\"registerFund\":null,\"businessRegisterNumber\":null,\"unifiedSocialCreditCode\":\"111111\",\"registerAddress\":\"APPLE\",\"companyMobile\":null,\"website\":null,\"mainScope\":null,\"groupId\":null,\"purchaseType\":null,\"level\":null,\"payType\":null,\"settleType\":\"90942799997349888\",\"settleCurrency\":\"USD\",\"settleCurrencys\":[\"USD\"],\"id\":\"121043085227581440\",\"tenantId\":\"1607336384730\"}', '', 13534173939, '熊飞', 1, '13534173939', '2021-04-22 05:04:03');
INSERT INTO `mingfeng_singlereport` VALUES ('20216190678527683782403022', '1619067852768_202', '/purchase/supplier/getEnableContact', 'http://test.nextop.cc/gw/purchase/supplier/getEnableContact', '获取供应商已启用的联系人信息(单个)', 0, 'fail', '?supplierId= 135901200912035840', '', 13534173939, '熊飞', 1, '13534173939', '2021-04-22 05:04:13');
INSERT INTO `mingfeng_singlereport` VALUES ('20216190678552164638946399', '1619067855216_202', '/purchase/supplier/getEnableContact', 'http://test.nextop.cc/gw/purchase/supplier/getEnableContact', '获取供应商已启用的联系人信息(单个)', 0, 'fail', '?supplierId= 135901200912035840', '', 13534173939, '熊飞', 1, '13534173939', '2021-04-22 05:04:15');
INSERT INTO `mingfeng_singlereport` VALUES ('10616213100826749565556422', '1621310082674_106', '/goods/category/detail', 'http://172.24.14.70:80/goods/category/detail', '获取当前类目详情', 0, '\nnull', '?id=138672910098321418', '{\"code\":\"B06015\",\"msg\":\"当前类目属性排序失败,请检查\",\"data\":null}', 13615719101, 'yulong', 9, '13615719101', '2021-05-18 03:54:43');
INSERT INTO `mingfeng_singlereport` VALUES ('10616213100827696896652070', '1621310082769_106', '/goods/category/addCategory', 'http://172.24.14.70:80/goods/category/addCategory', '新增类目(预留接口)', 0, '\nnull', '{\"form\":\"类目Form\"}', '{\"code\":\"B00999\",\"msg\":\"未知异常\",\"data\":null}', 13615719101, 'yulong', 9, '13615719101', '2021-05-18 03:54:43');
INSERT INTO `mingfeng_singlereport` VALUES ('10616213100828172789803992', '1621310082817_106', '/goods/category/tenant', 'http://172.24.14.70:80/goods/category/tenant', '分类列表查询(顶级传0)', 1, '', '?categoryId=0', '{\"code\":\"000000\",\"msg\":\"操作成功\",\"data\":[{\"id\":\"141653680981032960\",\"parentId\":\"0\",\"deep\":1,\"leafNode\":0,\"cnName\":\"数码产品\",\"enName\":\"Electronics\",\"cnLeafAllRoute\":\"数码产品\",\"enLeafAllRoute\":\"Electronics\",\"currentAllIdRoute\":\"141653680981032960\",\"alias\":null,\"code\":null,\"children\":null,\"hasChildren\":true},{\"id\":\"141653680981032961\",\"parentId\":\"0\",\"deep\":1,\"leafNode\":0,\"cnName\":\"投影仪产品\",\"enName\":\"\",\"cnLeafAllRoute\":\"投影仪产品\",\"enLeafAllRoute\":\"\",\"currentAllIdRoute\":\"141653680981032961\",\"alias\":null,\"code\":null,\"children\":null,\"hasChildren\":true},{\"id\":\"141653680981032962\",\"parentId\":\"0\",\"deep\":1,\"leafNode\":0,\"cnName\":\"安防产品\",\"enName\":\"\",\"cnLeafAllRoute\":\"安防产品\",\"enLeafAllRoute\":\"\",\"currentAllIdRoute\":\"141653680981032962\",\"alias\":null,\"code\":null,\"children\":null,\"hasChildren\":true},{\"id\":\"141653680981032963\",\"parentId\":\"0\",\"deep\":1,\"leafNode\":0,\"cnName\":\"相机产品\",\"enName\":\"\",\"cnLeafAllRoute\":\"相机产品\",\"enLeafAllRoute\":\"\",\"currentAllIdRoute\":\"141653680981032963\",\"alias\":null,\"code\":null,\"children\":null,\"hasChildren\":true},{\"id\":\"141653680981032964\",\"parentId\":\"0\",\"deep\":1,\"leafNode\":0,\"cnName\":\"车载电子\",\"enName\":\"\",\"cnLeafAllRoute\":\"车载电子\",\"enLeafAllRoute\":\"\",\"currentAllIdRoute\":\"141653680981032964\",\"alias\":null,\"code\":null,\"children\":null,\"hasChildren\":true},{\"id\":\"141653680981032965\",\"parentId\":\"0\",\"deep\":1,\"leafNode\":0,\"cnName\":\"电脑/电视产品\",\"enName\":\"\",\"cnLeafAllRoute\":\"电脑/电视产品\",\"enLeafAllRoute\":\"\",\"currentAllIdRoute\":\"141653680981032965\",\"alias\":null,\"code\":null,\"children\":null,\"hasChildren\":true},{\"id\":\"141653680981032966\",\"parentId\":\"0\",\"deep\":1,\"leafNode\":0,\"cnName\":\"无人机产品\",\"enName\":\"\",\"cnLeafAllRoute\":\"无人机产品\",\"enLeafAllRoute\":\"\",\"currentAllIdRoute\":\"141653680981032966\",\"alias\":null,\"code\":null,\"children\":null,\"hasChildren\":true},{\"id\":\"141653680981032967\",\"parentId\":\"0\",\"deep\":1,\"leafNode\":0,\"cnName\":\"声学产品\",\"enName\":\"\",\"cnLeafAllRoute\":\"声学产品\",\"enLeafAllRoute\":\"\",\"currentAllIdRoute\":\"141653680981032967\",\"alias\":null,\"code\":null,\"children\":null,\"hasChildren\":true},{\"id\":\"141653680981032968\",\"parentId\":\"0\",\"deep\":1,\"leafNode\":0,\"cnName\":\"智能家电产品\",\"enName\":\"\",\"cnLeafAllRoute\":\"智能家电产品\",\"enLeafAllRoute\":\"\",\"currentAllIdRoute\":\"141653680981032968\",\"alias\":null,\"code\":null,\"children\":null,\"hasChildren\":true},{\"id\":\"141653680981032969\",\"parentId\":\"0\",\"deep\":1,\"leafNode\":0,\"cnName\":\"智能穿戴产品\",\"enName\":\"\",\"cnLeafAllRoute\":\"智能穿戴产品\",\"enLeafAllRoute\":\"\",\"currentAllIdRoute\":\"141653680981032969\",\"alias\":null,\"code\":null,\"children\":null,\"hasChildren\":true},{\"id\":\"141653680981032970\",\"parentId\":\"0\",\"deep\":1,\"leafNode\":1,\"cnName\":\"家纺产品\",\"enName\":\"\",\"cnLeafAllRoute\":\"家纺产品\",\"enLeafAllRoute\":\"\",\"currentAllIdRoute\":\"141653680981032970\",\"alias\":null,\"code\":null,\"children\":null,\"hasChildren\":false},{\"id\":\"141653680981032971\",\"parentId\":\"0\",\"deep\":1,\"leafNode\":0,\"cnName\":\"户外运动产品\",\"enName\":\"\",\"cnLeafAllRoute\":\"户外运动产品\",\"enLeafAllRoute\":\"\",\"currentAllIdRoute\":\"141653680981032971\",\"alias\":null,\"code\":null,\"children\":null,\"hasChildren\":true},{\"id\":\"141653680981032972\",\"parentId\":\"0\",\"deep\":1,\"leafNode\":0,\"cnName\":\"电源产品\",\"enName\":\"\",\"cnLeafAllRoute\":\"电源产品\",\"enLeafAllRoute\":\"\",\"currentAllIdRoute\":\"141653680981032972\",\"alias\":null,\"code\":null,\"children\":null,\"hasChildren\":true},{\"id\":\"141653680981032973\",\"parentId\":\"0\",\"deep\":1,\"leafNode\":0,\"cnName\":\"其它数码产品\",\"enName\":\"\",\"cnLeafAllRoute\":\"其它数码产品\",\"enLeafAllRoute\":\"\",\"currentAllIdRoute\":\"141653680981032973\",\"alias\":null,\"code\":null,\"children\":null,\"hasChildren\":true},{\"id\":\"141653680981032974\",\"parentId\":\"0\",\"deep\":1,\"leafNode\":1,\"cnName\":\"小米产品\",\"enName\":\"\",\"cnLeafAllRoute\":\"小米产品\",\"enLeafAllRoute\":\"\",\"currentAllIdRoute\":\"141653680981032974\",\"alias\":null,\"code\":null,\"children\":null,\"hasChildren\":false},{\"id\":\"141653680981032975\",\"parentId\":\"0\",\"deep\":1,\"leafNode\":0,\"cnName\":\"成品\",\"enName\":\"\",\"cnLeafAllRoute\":\"成品\",\"enLeafAllRoute\":\"\",\"currentAllIdRoute\":\"141653680981032975\",\"alias\":null,\"code\":null,\"children\":null,\"hasChildren\":true},{\"id\":\"141653680981032976\",\"parentId\":\"0\",\"deep\":1,\"leafNode\":1,\"cnName\":\"原料\",\"enName\":\"Raw materials\",\"cnLeafAllRoute\":\"原料\",\"enLeafAllRoute\":\"Raw materials\",\"currentAllIdRoute\":\"141653680981032976\",\"alias\":null,\"code\":null,\"children\":null,\"hasChildren\":false},{\"id\":\"141653681694064642\",\"parentId\":\"141653680981032960\",\"deep\":1,\"leafNode\":0,\"cnName\":\"穿戴式科技\",\"enName\":\"Wearable Technology\",\"cnLeafAllRoute\":\"穿戴式科技\",\"enLeafAllRoute\":\"Electronics>Wearable Technology\",\"currentAllIdRoute\":\"141653681694064642\",\"alias\":null,\"code\":null,\"children\":null,\"hasChildren\":true}]}', 13615719101, 'yulong', 9, '13615719101', '2021-05-18 03:54:43');
INSERT INTO `mingfeng_singlereport` VALUES ('10616213100829874388813248', '1621310082987_106', '/goods/category/currentTree', 'http://172.24.14.70:80/goods/category/currentTree', '获取当子类目到父类目的树结构', 1, '', '?id=138672910098321418', '{\"code\":\"000000\",\"msg\":\"操作成功\",\"data\":[]}', 13615719101, 'yulong', 9, '13615719101', '2021-05-18 03:54:43');
INSERT INTO `mingfeng_singlereport` VALUES ('10616213100830603999475600', '1621310083060_106', '/goods/category/nextLevel', 'http://172.24.14.70:80/goods/category/nextLevel', '获取当前节点下级目录', 1, '', '?id=19837996247109632', '{\"code\":\"000000\",\"msg\":\"操作成功\",\"data\":[{\"id\":\"141653681694064640\",\"parentId\":\"141653680981032960\",\"deep\":2,\"cnName\":\"安防\",\"alias\":null,\"code\":null,\"enName\":\"Security & Surveillance\",\"leftNum\":12,\"rightNum\":49,\"hasChildren\":true,\"disabled\":null,\"cnLeafAllRoute\":\"数码产品>安防\",\"enLeafAllRoute\":\"Electronics>Security & Surveillance\",\"currentAllIdRoute\":\"141653680981032960>141653681694064640\",\"leafNode\":0},{\"id\":\"141653681694064641\",\"parentId\":\"141653680981032960\",\"deep\":2,\"cnName\":\"电视和视频\",\"alias\":null,\"code\":null,\"enName\":\"Television & Video\",\"leftNum\":50,\"rightNum\":161,\"hasChildren\":true,\"disabled\":null,\"cnLeafAllRoute\":\"数码产品>电视和视频\",\"enLeafAllRoute\":\"Electronics>Television & Video\",\"currentAllIdRoute\":\"141653680981032960>141653681694064641\",\"leafNode\":0}]}', 13615719101, 'yulong', 9, '13615719101', '2021-05-18 03:54:43');
INSERT INTO `mingfeng_singlereport` VALUES ('10616213100830667452902178', '1621310083066_106', '/goods/category/index/cnName', 'http://172.24.14.70:80/goods/category/index/cnName', '根据中文名称分词查询', 0, '\nnull', '?cnName=文名', '{\"code\":\"000000\",\"msg\":\"操作成功\",\"data\":[]}', 13615719101, 'yulong', 9, '13615719101', '2021-05-18 03:54:43');
INSERT INTO `mingfeng_singlereport` VALUES ('10616213100831352790932279', '1621310083135_106', '/goods/category/property/hide', 'http://172.24.14.70:80/goods/category/property/hide', '隐藏类目属性信息', 0, 'assertResponse断言失败:比较方式=equals,预期=000000,实际=B06014;\n', '{\"categoryId\":\"138672912447131677\",\"propertyId\":\"29728614238556160\",\"stage\":2,\"hide\":1}', '{\"code\":\"B06014\",\"msg\":\"当前类目属性隐藏失败,请检查\",\"data\":null}', 13615719101, 'yulong', 9, '13615719101', '2021-05-18 03:54:43');
COMMIT;

-- ----------------------------
-- Table structure for mingfeng_swagger
-- ----------------------------
DROP TABLE IF EXISTS `mingfeng_swagger`;
CREATE TABLE `mingfeng_swagger` (
  `id` int(10) NOT NULL AUTO_INCREMENT COMMENT '序号',
  `kind` int(10) NOT NULL COMMENT '分类：取config_kind的id',
  `name` varchar(255) NOT NULL COMMENT '接口地址',
  `method` varchar(255) NOT NULL COMMENT '请求类型',
  `tag` varchar(255) NOT NULL COMMENT '接口描述',
  `header` varchar(255) DEFAULT NULL COMMENT '请求头信息',
  `parameters` text NOT NULL COMMENT '参数详情',
  `params` text COMMENT '请求体：根据parameters格式解析',
  `responses` text NOT NULL COMMENT '响应结果：只保存200状态的',
  `status` int(10) NOT NULL COMMENT '接口状态：-1-禁用 0-无更新  1-新增  2-请求参数变更  3-响应结果变更  4-请求参数和响应结果都变更',
  `updateTime` datetime NOT NULL COMMENT '更新时间',
  PRIMARY KEY (`id`)
) ENGINE=InnoDB AUTO_INCREMENT=2568 DEFAULT CHARSET=utf8;

-- ----------------------------
-- Records of mingfeng_swagger
-- ----------------------------
BEGIN;
INSERT INTO `mingfeng_swagger` VALUES (1, 4, '/warehouse/inventory/details/warehouseInventoryDetails', 'post', '查询库存明细（根据商品sku+仓库集合）', '[\"application/json\"]', '{\"keyList\":[{\"in\":\"body\",\"originalRef\":\"WarehouseInventoryDetailsForm\",\"name\":\"req\",\"description\":\"req\",\"required\":\"true\"}],\"definitions\":{\"WarehouseInventoryDetailsForm\":{\"description\":\"库存明细入参\",\"type\":\"object\",\"title\":\"WarehouseInventoryDetailsForm\",\"properties\":{\"tenantId\":{\"format\":\"int64\",\"description\":\"租户ID\",\"type\":\"integer\"},\"sku\":{\"description\":\"sku\",\"type\":\"string\"},\"warehouseIds\":{\"description\":\"仓库选择\",\"type\":\"array\",\"items\":{\"format\":\"int64\",\"type\":\"integer\"}}}}}}', '', '{\"responses\":{\"200\":{\"originalRef\":\"WarehouseInventoryDetailsVo对象\",\"description\":\"OK\",\"type\":\"array\"},\"201\":{\"description\":\"Created\"},\"401\":{\"description\":\"Unauthorized\"},\"403\":{\"description\":\"Forbidden\"},\"404\":{\"description\":\"Not Found\"}},\"definitions\":{\"WarehouseInventoryDetailsVo对象\":{\"description\":\"仓储-库存明细\",\"type\":\"object\",\"title\":\"WarehouseInventoryDetailsVo对象\",\"properties\":{\"availableStock\":{\"format\":\"int64\",\"description\":\"可用库存\",\"type\":\"integer\"},\"warehouseType\":{\"description\":\"仓库类型\",\"type\":\"string\"},\"warehouseName\":{\"description\":\"仓库名称\",\"type\":\"string\"}}}}}', 3, '2021-04-21 00:05:05');
INSERT INTO `mingfeng_swagger` VALUES (2, 4, '/warehouse/location', 'post', '添加库位信息', '[\"application/json\"]', '{\"keyList\":[{\"in\":\"body\",\"originalRef\":\"WarehouseLocationForm\",\"name\":\"form\",\"description\":\"form\",\"required\":\"true\"}],\"definitions\":{\"WarehouseLocationForm\":{\"type\":\"object\",\"title\":\"WarehouseLocationForm\",\"properties\":{\"codes\":{\"description\":\"位置编码（可传多个）\",\"type\":\"array\",\"items\":{\"type\":\"string\"}},\"code\":{\"description\":\"位置编码\",\"type\":\"string\"},\"isMoreSku\":{\"format\":\"int32\",\"description\":\"是否多SKU(0:否，1:是)\",\"type\":\"integer\"},\"length\":{\"description\":\"长\",\"type\":\"number\"},\"remark\":{\"description\":\"备注\",\"type\":\"string\"},\"isActivated\":{\"format\":\"int32\",\"description\":\"是否启用（0：否，1：是）\",\"type\":\"integer\"},\"type\":{\"format\":\"int32\",\"description\":\"库位类型（0：正常库位，1：呆滞库位）\",\"type\":\"integer\"},\"measurement\":{\"format\":\"int32\",\"description\":\"库位大小（0 迷你 1 小 2 中 3 大 4 加大 5 加加大 6 加加加大 7 特大 8 特特大 9 托盘 10 无限制尺寸）\",\"type\":\"integer\"},\"skuQuantity\":{\"format\":\"int32\",\"description\":\"支持入库的SKU种类\",\"type\":\"integer\"},\"volume\":{\"description\":\"体积\",\"type\":\"number\"},\"isDefault\":{\"format\":\"int32\",\"description\":\"是否默认库位（0：否，1：是）\",\"type\":\"integer\"},\"unit\":{\"format\":\"int32\",\"description\":\"单位(1:mm 2:cm)\",\"type\":\"integer\"},\"warehouseId\":{\"format\":\"int64\",\"description\":\"仓库名称（仓库ID）\",\"type\":\"integer\"},\"width\":{\"description\":\"宽\",\"type\":\"number\"},\"id\":{\"format\":\"int64\",\"description\":\"库位ID\",\"type\":\"integer\"},\"height\":{\"description\":\"高\",\"type\":\"number\"},\"status\":{\"format\":\"int32\",\"description\":\"位置状态（1：空置 2：占用）\",\"type\":\"integer\"}}}}}', '{\"codes\":[\"位置编码（可传多个）\"],\"code\":\"位置编码\",\"isMoreSku\":\"是否多SKU(0:否，1:是)\",\"length\":\"长\",\"remark\":\"备注\",\"isActivated\":\"是否启用（0：否，1：是）\",\"type\":\"库位类型（0：正常库位，1：呆滞库位）\",\"measurement\":\"库位大小（0 迷你 1 小 2 中 3 大 4 加大 5 加加大 6 加加加大 7 特大 8 特特大 9 托盘 10 无限制尺寸）\",\"skuQuantity\":\"支持入库的SKU种类\",\"volume\":\"体积\",\"isDefault\":\"是否默认库位（0：否，1：是）\",\"unit\":\"单位(1:mm 2:cm)\",\"warehouseId\":\"仓库名称（仓库ID）\",\"width\":\"宽\",\"id\":\"库位ID\",\"height\":\"高\",\"status\":\"位置状态（1：空置 2：占用）\"}', '{\"responses\":{\"200\":{\"description\":\"OK\",\"type\":\"boolean\"},\"201\":{\"description\":\"Created\"},\"401\":{\"description\":\"Unauthorized\"},\"403\":{\"description\":\"Forbidden\"},\"404\":{\"description\":\"Not Found\"}},\"definitions\":{}}', 0, '2021-04-21 00:05:05');
INSERT INTO `mingfeng_swagger` VALUES (3, 4, '/warehouse/location', 'get', '根据库位ID获取库位信息', '', '{\"keyList\":[{\"in\":\"query\",\"name\":\"id\",\"description\":\"id\",\"type\":\"integer\",\"required\":\"true\"}],\"definitions\":{}}', '?id={id}', '{\"responses\":{\"200\":{\"originalRef\":\"WarehouseLocation对象\",\"description\":\"OK\"},\"401\":{\"description\":\"Unauthorized\"},\"403\":{\"description\":\"Forbidden\"},\"404\":{\"description\":\"Not Found\"}},\"definitions\":{\"WarehouseLocation对象\":{\"description\":\"库位表\",\"type\":\"object\",\"title\":\"WarehouseLocation对象\",\"properties\":{\"code\":{\"description\":\"库位位置编码\",\"type\":\"string\"},\"isMoreSku\":{\"format\":\"int32\",\"description\":\"是否多SKU\",\"type\":\"integer\"},\"length\":{\"description\":\"库位长度\",\"type\":\"number\"},\"remark\":{\"description\":\"备注\",\"type\":\"string\"},\"isActivated\":{\"format\":\"int32\",\"description\":\"是否启用\",\"type\":\"integer\"},\"type\":{\"format\":\"int32\",\"description\":\"库位类型\",\"type\":\"integer\"},\"remainingSkuQuantity\":{\"format\":\"int32\",\"description\":\"剩余可入库SKU种类\",\"type\":\"integer\"},\"warehouseName\":{\"description\":\"仓库名称\",\"type\":\"string\"},\"measurement\":{\"format\":\"int32\",\"description\":\"库位大小\",\"type\":\"integer\"},\"skuQuantity\":{\"format\":\"int32\",\"description\":\"SKU种类\",\"type\":\"integer\"},\"volume\":{\"type\":\"number\"},\"isDefault\":{\"format\":\"int32\",\"description\":\"是否默认库位\",\"type\":\"integer\"},\"unit\":{\"format\":\"int32\",\"description\":\"单位\",\"type\":\"integer\"},\"areaId\":{\"format\":\"int64\",\"description\":\"库区id\",\"type\":\"integer\"},\"isDeleted\":{\"format\":\"int32\",\"description\":\"是否删除\",\"type\":\"integer\"},\"warehouseId\":{\"format\":\"int64\",\"description\":\"仓库id\",\"type\":\"integer\"},\"tenantId\":{\"format\":\"int64\",\"description\":\"租户ID\",\"type\":\"integer\"},\"width\":{\"description\":\"宽\",\"type\":\"number\"},\"id\":{\"format\":\"int64\",\"description\":\"主键ID\",\"type\":\"integer\"},\"height\":{\"description\":\"高\",\"type\":\"number\"},\"status\":{\"format\":\"int32\",\"description\":\"库位位置状态\",\"type\":\"integer\"}}}}}', 0, '2021-04-21 00:05:05');
INSERT INTO `mingfeng_swagger` VALUES (4, 4, '/warehouse/location', 'put', '编辑库位信息', '[\"application/json\"]', '{\"keyList\":[{\"in\":\"body\",\"originalRef\":\"WarehouseLocationForm\",\"name\":\"form\",\"description\":\"form\",\"required\":\"true\"}],\"definitions\":{\"WarehouseLocationForm\":{\"type\":\"object\",\"title\":\"WarehouseLocationForm\",\"properties\":{\"codes\":{\"description\":\"位置编码（可传多个）\",\"type\":\"array\",\"items\":{\"type\":\"string\"}},\"code\":{\"description\":\"位置编码\",\"type\":\"string\"},\"isMoreSku\":{\"format\":\"int32\",\"description\":\"是否多SKU(0:否，1:是)\",\"type\":\"integer\"},\"length\":{\"description\":\"长\",\"type\":\"number\"},\"remark\":{\"description\":\"备注\",\"type\":\"string\"},\"isActivated\":{\"format\":\"int32\",\"description\":\"是否启用（0：否，1：是）\",\"type\":\"integer\"},\"type\":{\"format\":\"int32\",\"description\":\"库位类型（0：正常库位，1：呆滞库位）\",\"type\":\"integer\"},\"measurement\":{\"format\":\"int32\",\"description\":\"库位大小（0 迷你 1 小 2 中 3 大 4 加大 5 加加大 6 加加加大 7 特大 8 特特大 9 托盘 10 无限制尺寸）\",\"type\":\"integer\"},\"skuQuantity\":{\"format\":\"int32\",\"description\":\"支持入库的SKU种类\",\"type\":\"integer\"},\"volume\":{\"description\":\"体积\",\"type\":\"number\"},\"isDefault\":{\"format\":\"int32\",\"description\":\"是否默认库位（0：否，1：是）\",\"type\":\"integer\"},\"unit\":{\"format\":\"int32\",\"description\":\"单位(1:mm 2:cm)\",\"type\":\"integer\"},\"warehouseId\":{\"format\":\"int64\",\"description\":\"仓库名称（仓库ID）\",\"type\":\"integer\"},\"width\":{\"description\":\"宽\",\"type\":\"number\"},\"id\":{\"format\":\"int64\",\"description\":\"库位ID\",\"type\":\"integer\"},\"height\":{\"description\":\"高\",\"type\":\"number\"},\"status\":{\"format\":\"int32\",\"description\":\"位置状态（1：空置 2：占用）\",\"type\":\"integer\"}}}}}', '{\"codes\":[\"位置编码（可传多个）\"],\"code\":\"位置编码\",\"isMoreSku\":\"是否多SKU(0:否，1:是)\",\"length\":\"长\",\"remark\":\"备注\",\"isActivated\":\"是否启用（0：否，1：是）\",\"type\":\"库位类型（0：正常库位，1：呆滞库位）\",\"measurement\":\"库位大小（0 迷你 1 小 2 中 3 大 4 加大 5 加加大 6 加加加大 7 特大 8 特特大 9 托盘 10 无限制尺寸）\",\"skuQuantity\":\"支持入库的SKU种类\",\"volume\":\"体积\",\"isDefault\":\"是否默认库位（0：否，1：是）\",\"unit\":\"单位(1:mm 2:cm)\",\"warehouseId\":\"仓库名称（仓库ID）\",\"width\":\"宽\",\"id\":\"库位ID\",\"height\":\"高\",\"status\":\"位置状态（1：空置 2：占用）\"}', '{\"responses\":{\"200\":{\"description\":\"OK\",\"type\":\"boolean\"},\"201\":{\"description\":\"Created\"},\"401\":{\"description\":\"Unauthorized\"},\"403\":{\"description\":\"Forbidden\"},\"404\":{\"description\":\"Not Found\"}},\"definitions\":{}}', 0, '2021-04-21 00:05:05');
INSERT INTO `mingfeng_swagger` VALUES (5, 4, '/warehouse/warehouse/nameList', 'get', '获取所有仓库名称', '', '{\"keyList\": [], \"definitions\": {}}', '', '{\"responses\":{\"200\":{\"originalRef\":\"WarehouseVo对象\",\"description\":\"OK\",\"type\":\"array\"},\"401\":{\"description\":\"Unauthorized\"},\"403\":{\"description\":\"Forbidden\"},\"404\":{\"description\":\"Not Found\"}},\"definitions\":{\"WarehouseVo对象\":{\"description\":\"仓库下拉框响应对象\",\"type\":\"object\",\"title\":\"WarehouseVo对象\",\"properties\":{\"code\":{\"format\":\"int64\",\"description\":\"仓库编码\",\"type\":\"integer\"},\"children\":{\"description\":\"子节点集合\",\"type\":\"array\",\"items\":{\"originalRef\":\"WarehouseVo对象\",\"$ref\":\"#/definitions/WarehouseVo对象\"}},\"enable\":{\"description\":\"状态\",\"type\":\"boolean\"},\"name\":{\"description\":\"仓库名称\",\"type\":\"string\"},\"id\":{\"format\":\"int64\",\"description\":\"仓库ID\",\"type\":\"integer\"},\"type\":{\"description\":\"仓库类型：自由仓:HAVE，第三方仓:THREE，供应商仓:SUPPLIER，AMZFBA:亚马逊FBA仓\",\"type\":\"string\"}}}}}', 0, '2021-04-21 00:05:05');
INSERT INTO `mingfeng_swagger` VALUES (6, 4, '/warehouse/allocation/examine/view', 'get', '审核查询调拨单信息（根据ID获取调拨单信息）', '', '{\"keyList\":[{\"in\":\"query\",\"name\":\"id\",\"description\":\"id\",\"type\":\"integer\",\"required\":\"true\"}],\"definitions\":{}}', '?id={id}', '{\"responses\":{\"200\":{\"originalRef\":\"AllocationOrderVo对象\",\"description\":\"OK\"},\"401\":{\"description\":\"Unauthorized\"},\"403\":{\"description\":\"Forbidden\"},\"404\":{\"description\":\"Not Found\"}},\"definitions\":{\"AllocationOrderVo对象\":{\"description\":\"调拨单编辑/查看展示响应对象\",\"type\":\"object\",\"title\":\"AllocationOrderVo对象\",\"properties\":{\"fromCompanyName\":{\"description\":\"调出组织名称\",\"type\":\"string\"},\"purchaseCode\":{\"description\":\"采购订单号\",\"type\":\"string\"},\"borrowDepartmentName\":{\"description\":\"借用人部门名称\",\"type\":\"string\"},\"statusDesc\":{\"description\":\"调拨单状态描述\",\"type\":\"string\"},\"isBorrow\":{\"format\":\"int32\",\"description\":\"是否样品借用（0：否；1：是）\",\"type\":\"integer\"},\"salesCode\":{\"description\":\"销售单号\",\"type\":\"string\"},\"isBorrowDesc\":{\"description\":\"是否样品借用描述\",\"type\":\"string\"},\"toCompanyId\":{\"format\":\"int64\",\"description\":\"调入组织ID\",\"type\":\"integer\"},\"logisticsCode\":{\"description\":\"物流单号\",\"type\":\"string\"},\"remark\":{\"description\":\"备注\",\"type\":\"string\"},\"toWarehouseName\":{\"description\":\"调入仓库名称\",\"type\":\"string\"},\"fromWarehouseId\":{\"format\":\"int64\",\"description\":\"调出仓库ID\",\"type\":\"integer\"},\"borrowDepartmentId\":{\"format\":\"int64\",\"description\":\"借用部门\",\"type\":\"integer\"},\"fromWarehouseName\":{\"description\":\"调出仓库名称\",\"type\":\"string\"},\"toCompanyName\":{\"description\":\"调入组织名称\",\"type\":\"string\"},\"borrowUser\":{\"description\":\"借用人名称\",\"type\":\"string\"},\"fromCompanyId\":{\"format\":\"int64\",\"description\":\"调出组织ID\",\"type\":\"integer\"},\"toWarehouseId\":{\"format\":\"int64\",\"description\":\"调入仓库ID\",\"type\":\"integer\"},\"borrowId\":{\"format\":\"int64\",\"description\":\"借用人\",\"type\":\"integer\"},\"orderCode\":{\"description\":\"调拨单号\",\"type\":\"string\"},\"transportType\":{\"description\":\"运输方式\",\"type\":\"string\"},\"id\":{\"format\":\"int64\",\"description\":\"调拨单ID\",\"type\":\"integer\"},\"orderInfoVos\":{\"description\":\"调拨单详情\",\"type\":\"array\",\"items\":{\"originalRef\":\"AllocationOrderInfoVo对象\",\"$ref\":\"#/definitions/AllocationOrderInfoVo对象\"}},\"status\":{\"format\":\"int32\",\"description\":\"状态（1：待审核，2：作废，3：在途，4：部分入库，5：已入库）\",\"type\":\"integer\"}}}}}', 0, '2021-04-21 00:05:05');
INSERT INTO `mingfeng_swagger` VALUES (7, 4, '/warehouse/warehouseAuth/px4/token', 'get', '根据authorizationCode获取4PX授权信息', '', '{\"keyList\":[{\"in\":\"query\",\"name\":\"authorizationCode\",\"description\":\"authorizationCode\",\"type\":\"string\",\"required\":\"true\"}],\"definitions\":{}}', '?authorizationCode={authorizationCode}', '{\"responses\":{\"200\":{\"originalRef\":\"ThirdWarehouseAuthVO\",\"description\":\"OK\"},\"401\":{\"description\":\"Unauthorized\"},\"403\":{\"description\":\"Forbidden\"},\"404\":{\"description\":\"Not Found\"}},\"definitions\":{\"ThirdWarehouseAuthVO\":{\"description\":\"第三方仓授权VO\",\"type\":\"object\",\"title\":\"ThirdWarehouseAuthVO\",\"properties\":{\"accessTokenExpire\":{\"format\":\"int64\",\"description\":\"accessToken过期时间：单位毫秒（4PX是7天）\",\"type\":\"integer\"},\"refreshToken\":{\"description\":\"refreshToken\",\"type\":\"string\"},\"token\":{\"description\":\"accessToken\",\"type\":\"string\"}}}}}', 0, '2021-04-21 00:05:05');
INSERT INTO `mingfeng_swagger` VALUES (8, 4, '/warehouse/template/inboundSku', 'get', '下载入库sku模板', '', '{\"keyList\": [], \"definitions\": {}}', '', '{\"responses\":{\"200\":{\"description\":\"OK\"},\"401\":{\"description\":\"Unauthorized\"},\"403\":{\"description\":\"Forbidden\"},\"404\":{\"description\":\"Not Found\"}},\"definitions\":{}}', 0, '2021-04-21 00:05:05');
INSERT INTO `mingfeng_swagger` VALUES (9, 4, '/warehouse/allocation/received/view', 'get', '收货查询调拨单信息（根据ID获取调拨单信息）', '', '{\"keyList\":[{\"in\":\"query\",\"name\":\"id\",\"description\":\"id\",\"type\":\"integer\",\"required\":\"true\"}],\"definitions\":{}}', '?id={id}', '{\"responses\":{\"200\":{\"originalRef\":\"AllocationOrderVo对象\",\"description\":\"OK\"},\"401\":{\"description\":\"Unauthorized\"},\"403\":{\"description\":\"Forbidden\"},\"404\":{\"description\":\"Not Found\"}},\"definitions\":{\"AllocationOrderVo对象\":{\"description\":\"调拨单编辑/查看展示响应对象\",\"type\":\"object\",\"title\":\"AllocationOrderVo对象\",\"properties\":{\"fromCompanyName\":{\"description\":\"调出组织名称\",\"type\":\"string\"},\"purchaseCode\":{\"description\":\"采购订单号\",\"type\":\"string\"},\"borrowDepartmentName\":{\"description\":\"借用人部门名称\",\"type\":\"string\"},\"statusDesc\":{\"description\":\"调拨单状态描述\",\"type\":\"string\"},\"isBorrow\":{\"format\":\"int32\",\"description\":\"是否样品借用（0：否；1：是）\",\"type\":\"integer\"},\"salesCode\":{\"description\":\"销售单号\",\"type\":\"string\"},\"isBorrowDesc\":{\"description\":\"是否样品借用描述\",\"type\":\"string\"},\"toCompanyId\":{\"format\":\"int64\",\"description\":\"调入组织ID\",\"type\":\"integer\"},\"logisticsCode\":{\"description\":\"物流单号\",\"type\":\"string\"},\"remark\":{\"description\":\"备注\",\"type\":\"string\"},\"toWarehouseName\":{\"description\":\"调入仓库名称\",\"type\":\"string\"},\"fromWarehouseId\":{\"format\":\"int64\",\"description\":\"调出仓库ID\",\"type\":\"integer\"},\"borrowDepartmentId\":{\"format\":\"int64\",\"description\":\"借用部门\",\"type\":\"integer\"},\"fromWarehouseName\":{\"description\":\"调出仓库名称\",\"type\":\"string\"},\"toCompanyName\":{\"description\":\"调入组织名称\",\"type\":\"string\"},\"borrowUser\":{\"description\":\"借用人名称\",\"type\":\"string\"},\"fromCompanyId\":{\"format\":\"int64\",\"description\":\"调出组织ID\",\"type\":\"integer\"},\"toWarehouseId\":{\"format\":\"int64\",\"description\":\"调入仓库ID\",\"type\":\"integer\"},\"borrowId\":{\"format\":\"int64\",\"description\":\"借用人\",\"type\":\"integer\"},\"orderCode\":{\"description\":\"调拨单号\",\"type\":\"string\"},\"transportType\":{\"description\":\"运输方式\",\"type\":\"string\"},\"id\":{\"format\":\"int64\",\"description\":\"调拨单ID\",\"type\":\"integer\"},\"orderInfoVos\":{\"description\":\"调拨单详情\",\"type\":\"array\",\"items\":{\"originalRef\":\"AllocationOrderInfoVo对象\",\"$ref\":\"#/definitions/AllocationOrderInfoVo对象\"}},\"status\":{\"format\":\"int32\",\"description\":\"状态（1：待审核，2：作废，3：在途，4：部分入库，5：已入库）\",\"type\":\"integer\"}}}}}', 0, '2021-04-21 00:05:05');
INSERT INTO `mingfeng_swagger` VALUES (10, 4, '/warehouse/allocation/status', 'put', '调拨单状态下拉框', '[\"application/json\"]', '{\"keyList\": [], \"definitions\": {}}', '', '{\"responses\":{\"200\":{\"originalRef\":\"KvEntity«int,string»\",\"description\":\"OK\",\"type\":\"array\"},\"201\":{\"description\":\"Created\"},\"401\":{\"description\":\"Unauthorized\"},\"403\":{\"description\":\"Forbidden\"},\"404\":{\"description\":\"Not Found\"}},\"definitions\":{\"KvEntity«int,string»\":{\"type\":\"object\",\"title\":\"KvEntity«int,string»\",\"properties\":{\"kvalue\":{\"type\":\"string\"},\"kcode\":{\"format\":\"int32\",\"type\":\"integer\"}}}}}', 0, '2021-04-21 00:05:05');
INSERT INTO `mingfeng_swagger` VALUES (11, 4, '/warehouse/invoice/batch/delivered', 'put', '发货单批量发货', '[\"application/json\"]', '{\"keyList\":[{\"in\":\"body\",\"originalRef\":\"InvoiceBaseForm对象\",\"name\":\"form\",\"description\":\"form\",\"required\":\"true\"}],\"definitions\":{\"InvoiceBaseForm对象\":{\"description\":\"发货单基本信息保存对象\",\"type\":\"object\",\"title\":\"InvoiceBaseForm对象\",\"properties\":{\"sourceId\":{\"format\":\"int64\",\"description\":\"数据来源ID\",\"type\":\"integer\"},\"invoiceInfos\":{\"description\":\"发货单详情\",\"type\":\"array\",\"items\":{\"originalRef\":\"InvoiceInfoForm对象\",\"$ref\":\"#/definitions/InvoiceInfoForm对象\"}},\"logisticsCode\":{\"description\":\"物流单号\",\"type\":\"string\"},\"remark\":{\"description\":\"备注\",\"type\":\"string\"},\"fromWarehouseId\":{\"format\":\"int64\",\"description\":\"发货仓库ID\",\"type\":\"integer\"},\"invoiceCode\":{\"description\":\"发货单号\",\"type\":\"string\"},\"fromCompanyId\":{\"format\":\"int64\",\"description\":\"发货组织\",\"type\":\"integer\"},\"sourceType\":{\"format\":\"int32\",\"description\":\"发货单类型 1：采购计划；2：FBA货件\",\"type\":\"integer\"},\"ids\":{\"description\":\"发货单ids\",\"type\":\"array\",\"items\":{\"format\":\"int64\",\"type\":\"integer\"}},\"transportType\":{\"description\":\"运输方式\",\"type\":\"string\"},\"id\":{\"format\":\"int64\",\"description\":\"发货单主键ID\",\"type\":\"integer\"},\"invoiceDetailIds\":{\"description\":\"删除或者批量发货的发货单详情\",\"type\":\"array\",\"items\":{\"format\":\"int64\",\"type\":\"integer\"}},\"status\":{\"format\":\"int32\",\"description\":\"状态 0：待发货 1：已发货\",\"type\":\"integer\"}}}}}', '{\"sourceId\":\"数据来源ID\",\"invoiceInfos\":[\"InvoiceInfoForm对象\"],\"logisticsCode\":\"物流单号\",\"remark\":\"备注\",\"fromWarehouseId\":\"发货仓库ID\",\"invoiceCode\":\"发货单号\",\"fromCompanyId\":\"发货组织\",\"sourceType\":\"发货单类型 1：采购计划；2：FBA货件\",\"ids\":[\"发货单ids\"],\"transportType\":\"运输方式\",\"id\":\"发货单主键ID\",\"invoiceDetailIds\":[\"删除或者批量发货的发货单详情\"],\"status\":\"状态 0：待发货 1：已发货\"}', '{\"responses\":{\"200\":{\"description\":\"OK\",\"type\":\"boolean\"},\"201\":{\"description\":\"Created\"},\"401\":{\"description\":\"Unauthorized\"},\"403\":{\"description\":\"Forbidden\"},\"404\":{\"description\":\"Not Found\"}},\"definitions\":{}}', 0, '2021-04-21 00:05:05');
INSERT INTO `mingfeng_swagger` VALUES (12, 4, '/warehouse/inventory/details/transferLocation', 'post', '转库位', '[\"application/json\"]', '{\"keyList\":[{\"in\":\"body\",\"originalRef\":\"WarehouseInventoryDetailsTransferLocationForm\",\"name\":\"req\",\"description\":\"req\",\"required\":\"true\"}],\"definitions\":{\"WarehouseInventoryDetailsTransferLocationForm\":{\"description\":\"库存明细转库位入参\",\"type\":\"object\",\"title\":\"WarehouseInventoryDetailsTransferLocationForm\",\"properties\":{\"transferQuantity\":{\"format\":\"int64\",\"description\":\"转换数量\",\"type\":\"integer\",\"exclusiveMinimum\":false,\"minimum\":1.0},\"transferLocationId\":{\"format\":\"int64\",\"description\":\"转换库位ID\",\"type\":\"integer\"},\"warehouseId\":{\"format\":\"int64\",\"description\":\"仓库选择\",\"type\":\"integer\"},\"locationId\":{\"format\":\"int64\",\"description\":\"库位ID\",\"type\":\"integer\"},\"id\":{\"format\":\"int64\",\"description\":\"id\",\"type\":\"integer\"}}}}}', '{\"transferQuantity\":\"转换数量\",\"transferLocationId\":\"转换库位ID\",\"warehouseId\":\"仓库选择\",\"locationId\":\"库位ID\",\"id\":\"id\"}', '{\"responses\":{\"200\":{\"description\":\"OK\",\"type\":\"boolean\"},\"201\":{\"description\":\"Created\"},\"401\":{\"description\":\"Unauthorized\"},\"403\":{\"description\":\"Forbidden\"},\"404\":{\"description\":\"Not Found\"}},\"definitions\":{}}', 0, '2021-04-21 00:05:05');
INSERT INTO `mingfeng_swagger` VALUES (1001, 9, '/repair/order/field', 'put', '字段配置-编辑字段', '[\"application/json\"]', '{\"keyList\":[{\"in\":\"body\",\"originalRef\":\"RepairOrderFieldUpdateForm\",\"name\":\"form\",\"description\":\"form\",\"required\":\"true\"}],\"definitions\":{\"RepairOrderFieldUpdateForm\":{\"description\":\"自定义字段修改\",\"type\":\"object\",\"title\":\"RepairOrderFieldUpdateForm\",\"required\":[\"id\",\"title\"],\"properties\":{\"languages\":{\"description\":\"多语言配置(语言编码 -> 字段名称&默认值)\",\"additionalProperties\":{\"originalRef\":\"RepairOrderFieldLanguageForm\",\"$ref\":\"#/definitions/RepairOrderFieldLanguageForm\"},\"type\":\"object\"},\"id\":{\"format\":\"int64\",\"description\":\"字段ID\",\"type\":\"integer\"},\"title\":{\"description\":\"字段名称\",\"type\":\"string\"},\"value\":{\"description\":\"字段默认值\",\"type\":\"string\"}}}}}', '{\"languages\":\"多语言配置(语言编码 -> 字段名称&默认值)\",\"id\":\"字段ID\",\"title\":\"字段名称\",\"value\":\"字段默认值\"}', '{\"responses\":{\"200\":{\"description\":\"OK\",\"type\":\"boolean\"},\"201\":{\"description\":\"Created\"},\"401\":{\"description\":\"Unauthorized\"},\"403\":{\"description\":\"Forbidden\"},\"404\":{\"description\":\"Not Found\"}},\"definitions\":{}}', 0, '2021-04-21 00:05:18');
INSERT INTO `mingfeng_swagger` VALUES (1002, 9, '/repair/api/repair/order/category/list', 'get', 'list', '', '{\"keyList\":[{\"in\":\"query\",\"name\":\"tenantId\",\"description\":\"tenantId\",\"type\":\"integer\",\"required\":\"true\"}],\"definitions\":{}}', '?tenantId={tenantId}', '{\"responses\":{\"200\":{\"originalRef\":\"RepairOrdersCategory对象\",\"description\":\"OK\",\"type\":\"array\"},\"401\":{\"description\":\"Unauthorized\"},\"403\":{\"description\":\"Forbidden\"},\"404\":{\"description\":\"Not Found\"}},\"definitions\":{\"RepairOrdersCategory对象\":{\"description\":\"工单分类表\",\"type\":\"object\",\"title\":\"RepairOrdersCategory对象\",\"properties\":{\"path\":{\"description\":\"路径\",\"type\":\"string\"},\"updateId\":{\"format\":\"int64\",\"type\":\"integer\"},\"createTime\":{\"format\":\"int64\",\"type\":\"integer\"},\"level\":{\"format\":\"int32\",\"description\":\"1,2,3,4\",\"type\":\"integer\"},\"createId\":{\"format\":\"int64\",\"type\":\"integer\"},\"deleteStatus\":{\"description\":\"是否删除0:否 1:是\",\"type\":\"boolean\"},\"num\":{\"format\":\"int32\",\"description\":\"排序\",\"type\":\"integer\"},\"tenantId\":{\"format\":\"int64\",\"description\":\"租户ID\",\"type\":\"integer\"},\"updateTime\":{\"format\":\"int64\",\"type\":\"integer\"},\"id\":{\"format\":\"int64\",\"description\":\"主键ID\",\"type\":\"integer\"},\"categoryName\":{\"description\":\"分类名称\",\"type\":\"string\"},\"parentId\":{\"format\":\"int64\",\"description\":\"父节点ID\",\"type\":\"integer\"}}}}}', 0, '2021-04-21 00:05:18');
INSERT INTO `mingfeng_swagger` VALUES (1003, 9, '/repair/order/reopen', 'post', '重启工单', '[\"application/json\"]', '{\"keyList\":[{\"in\":\"body\",\"originalRef\":\"RepairOrderReopenForm\",\"name\":\"form\",\"description\":\"form\",\"required\":\"true\"}],\"definitions\":{\"RepairOrderReopenForm\":{\"description\":\"重启工单\",\"type\":\"object\",\"title\":\"RepairOrderReopenForm\",\"required\":[\"orderId\",\"serviceGroupId\",\"serviceUserId\"],\"properties\":{\"serviceUserId\":{\"format\":\"int64\",\"description\":\"受理客服ID\",\"type\":\"integer\"},\"orderId\":{\"format\":\"int64\",\"description\":\"工单ID\",\"type\":\"integer\"},\"serviceGroupId\":{\"format\":\"int64\",\"description\":\"受理客服组ID\",\"type\":\"integer\"},\"priority\":{\"format\":\"int32\",\"description\":\"优先级\",\"type\":\"integer\"},\"status\":{\"format\":\"int32\",\"description\":\"工单状态\",\"type\":\"integer\"}}}}}', '{\"serviceUserId\":\"受理客服ID\",\"orderId\":\"工单ID\",\"serviceGroupId\":\"受理客服组ID\",\"priority\":\"优先级\",\"status\":\"工单状态\"}', '{\"responses\":{\"200\":{\"description\":\"OK\",\"type\":\"boolean\"},\"201\":{\"description\":\"Created\"},\"401\":{\"description\":\"Unauthorized\"},\"403\":{\"description\":\"Forbidden\"},\"404\":{\"description\":\"Not Found\"}},\"definitions\":{}}', 0, '2021-04-21 00:05:18');
INSERT INTO `mingfeng_swagger` VALUES (1004, 9, '/repair/order/gift/download', 'get', '导出礼物发放列表', '', '{\"keyList\":[{\"in\":\"query\",\"name\":\"ids\",\"description\":\"勾选礼物ID（多个逗号隔开，批量导出时不传或传空值）\",\"type\":\"string\",\"required\":\"false\"}],\"definitions\":{}}', '?ids={勾选礼物ID（多个逗号隔开，批量导出时不传或传空值）}', '{\"responses\":{\"200\":{\"description\":\"OK\"},\"401\":{\"description\":\"Unauthorized\"},\"403\":{\"description\":\"Forbidden\"},\"404\":{\"description\":\"Not Found\"}},\"definitions\":{}}', 0, '2021-04-21 00:05:17');
INSERT INTO `mingfeng_swagger` VALUES (1005, 9, '/repair/order/relatedByMail', 'get', '邮件关联工单', '', '{\"keyList\":[{\"in\":\"query\",\"name\":\"serviceId\",\"description\":\"邮件会话ID\",\"type\":\"string\",\"required\":\"true\"}],\"definitions\":{}}', '?serviceId={邮件会话ID}', '{\"responses\":{\"200\":{\"originalRef\":\"MailRelatedOrderVo\",\"description\":\"OK\",\"type\":\"array\"},\"401\":{\"description\":\"Unauthorized\"},\"403\":{\"description\":\"Forbidden\"},\"404\":{\"description\":\"Not Found\"}},\"definitions\":{\"MailRelatedOrderVo\":{\"description\":\"邮件关联工单\",\"type\":\"object\",\"title\":\"MailRelatedOrderVo\",\"properties\":{\"templateName\":{\"description\":\"模板名称\",\"type\":\"string\"},\"giftVos\":{\"description\":\"礼物工单信息\",\"type\":\"array\",\"items\":{\"originalRef\":\"关联礼物工单信息\",\"$ref\":\"#/definitions/关联礼物工单信息\"}},\"id\":{\"format\":\"int64\",\"description\":\"工单ID\",\"type\":\"integer\"},\"compliantVo\":{\"originalRef\":\"关联客诉工单信息\",\"description\":\"客诉工单信息\",\"$ref\":\"#/definitions/关联客诉工单信息\"},\"repairOrderNo\":{\"description\":\"工单编号\",\"type\":\"string\"},\"title\":{\"description\":\"工单标题\",\"type\":\"string\"},\"type\":{\"format\":\"int32\",\"description\":\"工单类型（1-普通 2-客诉 3-礼物）\",\"type\":\"integer\"}}}}}', 0, '2021-04-21 00:05:18');
INSERT INTO `mingfeng_swagger` VALUES (1006, 1, '/goods/category/nextLevel', 'get', '获取当前节点下级目录', '', '{\"keyList\":[{\"in\":\"query\",\"name\":\"id\",\"description\":\"当前类目ID\",\"type\":\"integer\",\"required\":\"false\"}],\"definitions\":{}}', '?id={当前类目ID}', '{\"responses\":{\"200\":{\"originalRef\":\"CategoryVo\",\"description\":\"OK\",\"type\":\"array\"},\"401\":{\"description\":\"Unauthorized\"},\"403\":{\"description\":\"Forbidden\"},\"404\":{\"description\":\"Not Found\"}},\"definitions\":{\"CategoryVo\":{\"type\":\"object\",\"title\":\"CategoryVo\",\"properties\":{\"deep\":{\"format\":\"int32\",\"description\":\"分类深度\",\"type\":\"integer\"},\"enLeafAllRoute\":{\"description\":\"英文名全路径\",\"type\":\"string\"},\"cnLeafAllRoute\":{\"description\":\"中文名全路径\",\"type\":\"string\"},\"code\":{\"description\":\"分类编码\",\"type\":\"string\"},\"currentAllIdRoute\":{\"description\":\"id全路径\",\"type\":\"string\"},\"hasChildren\":{\"description\":\"分类名称(英文)\",\"type\":\"boolean\"},\"rightNum\":{\"format\":\"int32\",\"description\":\"节点右侧编号\",\"type\":\"integer\"},\"parentId\":{\"format\":\"int64\",\"description\":\"父类目id\",\"type\":\"integer\"},\"leftNum\":{\"format\":\"int32\",\"description\":\"节点左侧编号\",\"type\":\"integer\"},\"cnName\":{\"description\":\"分类名称(中文)\",\"type\":\"string\"},\"enName\":{\"description\":\"分类名称(英文)\",\"type\":\"string\"},\"alias\":{\"description\":\"分类别名\",\"type\":\"string\"},\"disabled\":{\"format\":\"int32\",\"description\":\"是否被选中\",\"type\":\"integer\"},\"id\":{\"format\":\"int64\",\"description\":\"主键id\",\"type\":\"integer\"},\"leafNode\":{\"format\":\"int32\",\"description\":\"是否是叶子节点 0：否|1：是\",\"type\":\"integer\"}}}}}', 3, '2021-04-21 00:05:00');
INSERT INTO `mingfeng_swagger` VALUES (1007, 1, '/goods/category/leaf/page', 'put', '分页查询类目叶子节点', '[\"application/json\"]', '{\"keyList\":[{\"in\":\"body\",\"originalRef\":\"类目分页查询Form\",\"name\":\"form\",\"description\":\"form\",\"required\":\"true\"}],\"definitions\":{\"类目分页查询Form\":{\"type\":\"object\",\"title\":\"类目分页查询Form\",\"properties\":{\"current\":{\"format\":\"int32\",\"description\":\"当前页\",\"type\":\"integer\"},\"cnName\":{\"description\":\"类目中文名称\",\"type\":\"string\"},\"size\":{\"format\":\"int32\",\"description\":\"每页显示条数\",\"type\":\"integer\"}}}}}', '{\"current\":\"当前页\",\"cnName\":\"类目中文名称\",\"size\":\"每页显示条数\"}', '{\"responses\":{\"200\":{\"originalRef\":\"Page«CategoryVo»\",\"description\":\"OK\"},\"201\":{\"description\":\"Created\"},\"401\":{\"description\":\"Unauthorized\"},\"403\":{\"description\":\"Forbidden\"},\"404\":{\"description\":\"Not Found\"}},\"definitions\":{\"Page«CategoryVo»\":{\"type\":\"object\",\"title\":\"Page«CategoryVo»\",\"properties\":{\"current\":{\"format\":\"int64\",\"type\":\"integer\"},\"total\":{\"format\":\"int64\",\"type\":\"integer\"},\"hitCount\":{\"type\":\"boolean\"},\"pages\":{\"format\":\"int64\",\"type\":\"integer\"},\"size\":{\"format\":\"int64\",\"type\":\"integer\"},\"records\":{\"type\":\"array\",\"items\":{\"originalRef\":\"CategoryVo\",\"$ref\":\"#/definitions/CategoryVo\"}},\"searchCount\":{\"type\":\"boolean\"},\"orders\":{\"type\":\"array\",\"items\":{\"originalRef\":\"OrderItem\",\"$ref\":\"#/definitions/OrderItem\"}}}}}}', 0, '2021-04-21 00:05:00');
INSERT INTO `mingfeng_swagger` VALUES (1008, 1, '/goods/sku/page/list', 'post', 'sku分页查询(简单实体)', '[\"application/json\"]', '{\"keyList\":[{\"in\":\"body\",\"originalRef\":\"BasePageForm对象\",\"name\":\"form\",\"description\":\"form\",\"required\":\"true\"}],\"definitions\":{\"BasePageForm对象\":{\"description\":\"基本分页信息对象\",\"type\":\"object\",\"title\":\"BasePageForm对象\",\"properties\":{\"current\":{\"format\":\"int64\",\"description\":\"当前页\",\"type\":\"integer\"},\"cnName\":{\"type\":\"string\"},\"size\":{\"format\":\"int64\",\"description\":\"页大小\",\"type\":\"integer\"},\"enName\":{\"type\":\"string\"},\"tenantId\":{\"format\":\"int64\",\"type\":\"integer\"},\"notIncludedSkuList\":{\"type\":\"array\",\"items\":{\"type\":\"string\"}},\"includedSkuList\":{\"type\":\"array\",\"items\":{\"type\":\"string\"}},\"sku\":{\"type\":\"string\"},\"status\":{\"format\":\"int32\",\"type\":\"integer\"}}}}}', '{\"current\":\"当前页\",\"size\":\"页大小\",\"notIncludedSkuList\":[null],\"includedSkuList\":[null]}', '{\"responses\":{\"200\":{\"originalRef\":\"Page«Sku对象»\",\"description\":\"OK\"},\"201\":{\"description\":\"Created\"},\"401\":{\"description\":\"Unauthorized\"},\"403\":{\"description\":\"Forbidden\"},\"404\":{\"description\":\"Not Found\"}},\"definitions\":{\"Page«Sku对象»\":{\"type\":\"object\",\"title\":\"Page«Sku对象»\",\"properties\":{\"current\":{\"format\":\"int64\",\"type\":\"integer\"},\"total\":{\"format\":\"int64\",\"type\":\"integer\"},\"hitCount\":{\"type\":\"boolean\"},\"pages\":{\"format\":\"int64\",\"type\":\"integer\"},\"size\":{\"format\":\"int64\",\"type\":\"integer\"},\"records\":{\"type\":\"array\",\"items\":{\"originalRef\":\"Sku对象\",\"$ref\":\"#/definitions/Sku对象\"}},\"searchCount\":{\"type\":\"boolean\"},\"orders\":{\"type\":\"array\",\"items\":{\"originalRef\":\"OrderItem\",\"$ref\":\"#/definitions/OrderItem\"}}}}}}', 0, '2021-04-21 00:05:00');
INSERT INTO `mingfeng_swagger` VALUES (1009, 1, '/goods/category/list', 'get', '获取目录', '', '{\"keyList\":[{\"in\":\"query\",\"name\":\"id\",\"description\":\"当前类目ID\",\"type\":\"integer\",\"required\":\"false\"}],\"definitions\":{}}', '?id={当前类目ID}', '{\"responses\":{\"200\":{\"originalRef\":\"类目列表\",\"description\":\"OK\",\"type\":\"array\"},\"401\":{\"description\":\"Unauthorized\"},\"403\":{\"description\":\"Forbidden\"},\"404\":{\"description\":\"Not Found\"}},\"definitions\":{\"类目列表\":{\"type\":\"object\",\"title\":\"类目列表\",\"properties\":{\"cnName\":{\"description\":\"分类名称(中文)\",\"type\":\"string\"},\"hasChildren\":{\"description\":\"是否有子节点\",\"type\":\"boolean\"},\"enName\":{\"description\":\"分类名称(英文)\",\"type\":\"string\"},\"id\":{\"format\":\"int64\",\"description\":\"主键id\",\"type\":\"integer\"},\"parentId\":{\"format\":\"int64\",\"description\":\"父类目id\",\"type\":\"integer\"}}}}}', 0, '2021-04-21 00:05:00');
INSERT INTO `mingfeng_swagger` VALUES (1010, 1, '/goods/category/tree', 'get', '获取类目树', '', '{\"keyList\": [], \"definitions\": {}}', '', '{\"responses\":{\"200\":{\"originalRef\":\"CategoryNodeVo\",\"description\":\"OK\",\"type\":\"array\"},\"401\":{\"description\":\"Unauthorized\"},\"403\":{\"description\":\"Forbidden\"},\"404\":{\"description\":\"Not Found\"}},\"definitions\":{\"CategoryNodeVo\":{\"type\":\"object\",\"title\":\"CategoryNodeVo\",\"properties\":{\"deep\":{\"format\":\"int32\",\"description\":\"分类深度\",\"type\":\"integer\"},\"leftNum\":{\"format\":\"int32\",\"description\":\"节点左侧编号\",\"type\":\"integer\"},\"code\":{\"description\":\"编码\",\"type\":\"string\"},\"cnName\":{\"description\":\"分类名称(中文)\",\"type\":\"string\"},\"children\":{\"type\":\"array\",\"items\":{\"originalRef\":\"INode\",\"$ref\":\"#/definitions/INode\"}},\"hasChildren\":{\"type\":\"boolean\"},\"enName\":{\"description\":\"分类名称(英文)\",\"type\":\"string\"},\"alias\":{\"description\":\"别名\",\"type\":\"string\"},\"disabled\":{\"format\":\"int32\",\"description\":\"是否被选中\",\"type\":\"integer\"},\"id\":{\"format\":\"int64\",\"description\":\"主键id\",\"type\":\"integer\"},\"rightNum\":{\"format\":\"int32\",\"description\":\"节点右侧编号\",\"type\":\"integer\"},\"parentId\":{\"format\":\"int64\",\"description\":\"父类目id\",\"type\":\"integer\"}}}}}', 0, '2021-04-21 00:05:00');
INSERT INTO `mingfeng_swagger` VALUES (1011, 1, '/goods/materials/spu/list', 'post', '物料SPU列表 - 条件分页查询', '[\"application/json\"]', '{\"keyList\":[{\"in\":\"body\",\"originalRef\":\"物料spu分页请求接收参数对象\",\"name\":\"form\",\"description\":\"form\",\"required\":\"true\"}],\"definitions\":{\"物料spu分页请求接收参数对象\":{\"description\":\"物料spu分页请求接收参数对象\",\"type\":\"object\",\"title\":\"物料spu分页请求接收参数对象\",\"properties\":{\"buyerIdList\":{\"description\":\"采购员id集合\",\"type\":\"array\",\"items\":{\"format\":\"int64\",\"type\":\"integer\"}},\"developerIdList\":{\"description\":\"开发人员id集合\",\"type\":\"array\",\"items\":{\"format\":\"int64\",\"type\":\"integer\"}},\"inventoryTypeList\":{\"description\":\"SPU存货类型 1.成品,2半成品,3原材料\",\"type\":\"array\",\"items\":{\"format\":\"int32\",\"type\":\"integer\"}},\"createIdList\":{\"description\":\"创建人id集合\",\"type\":\"array\",\"items\":{\"format\":\"int64\",\"type\":\"integer\"}},\"current\":{\"format\":\"int64\",\"description\":\"当前页\",\"type\":\"integer\"},\"cnName\":{\"description\":\"中文名称\",\"type\":\"string\"},\"size\":{\"format\":\"int64\",\"description\":\"页大小\",\"type\":\"integer\"},\"brandIdList\":{\"description\":\"品牌id集合\",\"type\":\"array\",\"items\":{\"format\":\"int64\",\"type\":\"integer\"}},\"modelCode\":{\"description\":\"型号\",\"type\":\"string\"},\"enName\":{\"description\":\"英文名称\",\"type\":\"string\"},\"propertyOption\":{\"description\":\"属性值\",\"type\":\"string\"},\"tenantId\":{\"format\":\"int64\",\"description\":\"租户id\",\"type\":\"integer\"},\"sku\":{\"description\":\"sku编码,精确查询\",\"type\":\"string\"},\"checkStatusList\":{\"description\":\"审核状态列表。0：新建；1：待审核-生产；2：审核不通过-生产；3：审核通过-生产；4：反审-研发；5：待审核-商品；6：审核不通过-商品；7：审核通过-商品\",\"type\":\"array\",\"items\":{\"format\":\"int32\",\"type\":\"integer\"}},\"spuIds\":{\"description\":\"spuIds,后台/导出物料使用\",\"type\":\"array\",\"items\":{\"format\":\"int64\",\"type\":\"integer\"}},\"categoryId\":{\"format\":\"int64\",\"description\":\"分类id\",\"type\":\"integer\"},\"platformIdList\":{\"description\":\"渠道id集合\",\"type\":\"array\",\"items\":{\"format\":\"int64\",\"type\":\"integer\"}},\"status\":{\"format\":\"int32\",\"description\":\"状态(1启用,2禁用)\",\"type\":\"integer\"}}}}}', '{\"buyerIdList\":[\"采购员id集合\"],\"developerIdList\":[\"开发人员id集合\"],\"inventoryTypeList\":[\"SPU存货类型 1.成品,2半成品,3原材料\"],\"createIdList\":[\"创建人id集合\"],\"current\":\"当前页\",\"cnName\":\"中文名称\",\"size\":\"页大小\",\"brandIdList\":[\"品牌id集合\"],\"modelCode\":\"型号\",\"enName\":\"英文名称\",\"propertyOption\":\"属性值\",\"tenantId\":\"租户id\",\"sku\":\"sku编码,精确查询\",\"checkStatusList\":[\"审核状态列表。0：新建；1：待审核-生产；2：审核不通过-生产；3：审核通过-生产；4：反审-研发；5：待审核-商品；6：审核不通过-商品；7：审核通过-商品\"],\"spuIds\":[\"spuIds,后台/导出物料使用\"],\"categoryId\":\"分类id\",\"platformIdList\":[\"渠道id集合\"],\"status\":\"状态(1启用,2禁用)\"}', '{\"responses\":{\"200\":{\"originalRef\":\"Page«物料spu分页返回的对象»\",\"description\":\"OK\"},\"201\":{\"description\":\"Created\"},\"401\":{\"description\":\"Unauthorized\"},\"403\":{\"description\":\"Forbidden\"},\"404\":{\"description\":\"Not Found\"}},\"definitions\":{\"Page«物料spu分页返回的对象»\":{\"type\":\"object\",\"title\":\"Page«物料spu分页返回的对象»\",\"properties\":{\"current\":{\"format\":\"int64\",\"type\":\"integer\"},\"total\":{\"format\":\"int64\",\"type\":\"integer\"},\"hitCount\":{\"type\":\"boolean\"},\"pages\":{\"format\":\"int64\",\"type\":\"integer\"},\"size\":{\"format\":\"int64\",\"type\":\"integer\"},\"records\":{\"type\":\"array\",\"items\":{\"originalRef\":\"物料spu分页返回的对象\",\"$ref\":\"#/definitions/物料spu分页返回的对象\"}},\"searchCount\":{\"type\":\"boolean\"},\"orders\":{\"type\":\"array\",\"items\":{\"originalRef\":\"OrderItem\",\"$ref\":\"#/definitions/OrderItem\"}}}}}}', 0, '2021-04-21 00:05:00');
INSERT INTO `mingfeng_swagger` VALUES (1012, 1, '/goods/category/tenant', 'post', '编辑租户类目信息', '[\"application/json\"]', '{\"keyList\":[{\"in\":\"body\",\"name\":\"form\",\"description\":\"租户类目信息Form\",\"type\":\"null\",\"required\":\"false\"}],\"definitions\":{}}', '{\"form\":\"租户类目信息Form\"}', '{\"responses\":{\"200\":{\"description\":\"OK\",\"type\":\"boolean\"},\"201\":{\"description\":\"Created\"},\"401\":{\"description\":\"Unauthorized\"},\"403\":{\"description\":\"Forbidden\"},\"404\":{\"description\":\"Not Found\"}},\"definitions\":{}}', 0, '2021-04-21 00:05:00');
INSERT INTO `mingfeng_swagger` VALUES (1013, 1, '/goods/category/tenant', 'get', '分类列表查询(顶级传0)', '', '{\"keyList\":[{\"in\":\"query\",\"name\":\"categoryId\",\"description\":\"categoryId\",\"type\":\"integer\",\"required\":\"true\"}],\"definitions\":{}}', '?categoryId={categoryId}', '{\"responses\":{\"200\":{\"originalRef\":\"CategoryTenantVO\",\"description\":\"OK\",\"type\":\"array\"},\"401\":{\"description\":\"Unauthorized\"},\"403\":{\"description\":\"Forbidden\"},\"404\":{\"description\":\"Not Found\"}},\"definitions\":{\"CategoryTenantVO\":{\"description\":\"租户类目VO(包含别名，编码字段)\",\"type\":\"object\",\"title\":\"CategoryTenantVO\",\"properties\":{\"deep\":{\"format\":\"int32\",\"description\":\"分类深度\",\"type\":\"integer\"},\"enLeafAllRoute\":{\"description\":\"英文名全路径\",\"type\":\"string\"},\"cnLeafAllRoute\":{\"description\":\"中文名全路径\",\"type\":\"string\"},\"code\":{\"description\":\"编码(当前租户)\",\"type\":\"string\"},\"currentAllIdRoute\":{\"description\":\"id全路径\",\"type\":\"string\"},\"hasChildren\":{\"type\":\"boolean\"},\"parentId\":{\"format\":\"int64\",\"description\":\"父类目id\",\"type\":\"integer\"},\"cnName\":{\"description\":\"分类名称(中文)\",\"type\":\"string\"},\"children\":{\"type\":\"array\",\"items\":{\"originalRef\":\"INode\",\"$ref\":\"#/definitions/INode\"}},\"enName\":{\"description\":\"分类名称(英文)\",\"type\":\"string\"},\"alias\":{\"description\":\"别名(当前租户)\",\"type\":\"string\"},\"id\":{\"format\":\"int64\",\"description\":\"主键id\",\"type\":\"integer\"},\"leafNode\":{\"format\":\"int32\",\"description\":\"是否是叶子节点 0：否|1：是\",\"type\":\"integer\"}}}}}', 0, '2021-04-21 00:05:00');
INSERT INTO `mingfeng_swagger` VALUES (1014, 1, '/goods/channelSku/generate', 'post', '生成渠道sku', '[\"application/json\"]', '{\"keyList\":[{\"in\":\"body\",\"originalRef\":\"生成渠道sku请求对象\",\"name\":\"request\",\"description\":\"request\",\"type\":\"null\",\"required\":\"true\"}],\"definitions\":{\"生成渠道sku请求对象\":{\"type\":\"object\",\"title\":\"生成渠道sku请求对象\",\"required\":[\"shopId\",\"skuCode\"],\"properties\":{\"shopId\":{\"format\":\"int64\",\"description\":\"店铺id\",\"type\":\"integer\"},\"skuCode\":{\"description\":\"sku码\",\"type\":\"string\"}}}}}', '{\"shopId\":\"店铺id\",\"skuCode\":\"sku码\"}', '{\"responses\":{\"200\":{\"originalRef\":\"渠道SKU生成结果VO\",\"description\":\"OK\",\"type\":\"array\"},\"201\":{\"description\":\"Created\"},\"401\":{\"description\":\"Unauthorized\"},\"403\":{\"description\":\"Forbidden\"},\"404\":{\"description\":\"Not Found\"}},\"definitions\":{\"渠道SKU生成结果VO\":{\"type\":\"object\",\"title\":\"渠道SKU生成结果VO\",\"properties\":{\"channelSkuCode\":{\"description\":\"渠道SKU编码\",\"type\":\"string\"},\"shopId\":{\"format\":\"int64\",\"description\":\"店铺id\",\"type\":\"integer\"},\"skuCode\":{\"description\":\"SKU编码\",\"type\":\"string\"}}}}}', 0, '2021-04-21 00:05:00');
INSERT INTO `mingfeng_swagger` VALUES (1015, 1, '/goods/sku/page', 'post', 'sku分页查询', '[\"application/json\"]', '{\"keyList\":[{\"in\":\"body\",\"originalRef\":\"sku分页接收参数对象SkuPageForm\",\"name\":\"form\",\"description\":\"form\",\"required\":\"true\"}],\"definitions\":{\"sku分页接收参数对象SkuPageForm\":{\"description\":\"sku分页接收参数对象\",\"type\":\"object\",\"title\":\"sku分页接收参数对象SkuPageForm\",\"required\":[\"shopIdList\"],\"properties\":{\"pictureUrl\":{\"description\":\"sku图片\",\"type\":\"string\"},\"createType\":{\"format\":\"int32\",\"description\":\"创建类型。0：由物料创建；1：商品独立创建\",\"type\":\"integer\"},\"channelSku\":{\"description\":\"渠道Sku\",\"type\":\"string\"},\"shopIdList\":{\"description\":\"店铺id\",\"type\":\"array\",\"items\":{\"format\":\"int64\",\"type\":\"integer\"}},\"current\":{\"format\":\"int64\",\"description\":\"当前页\",\"type\":\"integer\"},\"cnName\":{\"description\":\"sku中文名称\",\"type\":\"string\"},\"size\":{\"format\":\"int64\",\"description\":\"页大小\",\"type\":\"integer\"},\"brandIdList\":{\"description\":\"品牌id集合\",\"type\":\"array\",\"items\":{\"format\":\"int64\",\"type\":\"integer\"}},\"modelCode\":{\"description\":\"型号\",\"type\":\"string\"},\"skuOrCnName\":{\"description\":\"sku编码或者sku中文名称\",\"type\":\"string\"},\"enName\":{\"description\":\"sku英文名称\",\"type\":\"string\"},\"propertyOption\":{\"description\":\"属性值\",\"type\":\"string\"},\"tenantId\":{\"format\":\"int64\",\"description\":\"租户id\",\"type\":\"integer\"},\"shopIdListSize\":{\"format\":\"int32\",\"description\":\"店铺id集合大小\",\"type\":\"integer\"},\"sku\":{\"description\":\"sku编码,精确查询,多个逗号分隔\",\"type\":\"string\"},\"categoryId\":{\"format\":\"int64\",\"description\":\"分类id(匹配当前节点下的所有叶子节点)\",\"type\":\"integer\"},\"status\":{\"format\":\"int32\",\"description\":\"状态(1启用,2禁用)\",\"type\":\"integer\"}}}}}', '{\"pictureUrl\":\"sku图片\",\"createType\":\"创建类型。0：由物料创建；1：商品独立创建\",\"channelSku\":\"渠道Sku\",\"shopIdList\":[\"店铺id\"],\"current\":\"当前页\",\"cnName\":\"sku中文名称\",\"size\":\"页大小\",\"brandIdList\":[\"品牌id集合\"],\"modelCode\":\"型号\",\"skuOrCnName\":\"sku编码或者sku中文名称\",\"enName\":\"sku英文名称\",\"propertyOption\":\"属性值\",\"tenantId\":\"租户id\",\"shopIdListSize\":\"店铺id集合大小\",\"sku\":\"sku编码,精确查询,多个逗号分隔\",\"categoryId\":\"分类id(匹配当前节点下的所有叶子节点)\",\"status\":\"状态(1启用,2禁用)\"}', '{\"responses\":{\"200\":{\"originalRef\":\"Page«sku分页返回的对象»\",\"description\":\"OK\"},\"201\":{\"description\":\"Created\"},\"401\":{\"description\":\"Unauthorized\"},\"403\":{\"description\":\"Forbidden\"},\"404\":{\"description\":\"Not Found\"}},\"definitions\":{\"Page«sku分页返回的对象»\":{\"type\":\"object\",\"title\":\"Page«sku分页返回的对象»\",\"properties\":{\"current\":{\"format\":\"int64\",\"type\":\"integer\"},\"total\":{\"format\":\"int64\",\"type\":\"integer\"},\"hitCount\":{\"type\":\"boolean\"},\"pages\":{\"format\":\"int64\",\"type\":\"integer\"},\"size\":{\"format\":\"int64\",\"type\":\"integer\"},\"records\":{\"type\":\"array\",\"items\":{\"originalRef\":\"sku分页返回的对象\",\"$ref\":\"#/definitions/sku分页返回的对象\"}},\"searchCount\":{\"type\":\"boolean\"},\"orders\":{\"type\":\"array\",\"items\":{\"originalRef\":\"OrderItem\",\"$ref\":\"#/definitions/OrderItem\"}}}}}}', 0, '2021-04-21 00:05:00');
COMMIT;

-- ----------------------------
-- Table structure for mingfeng_swagger_log
-- ----------------------------
DROP TABLE IF EXISTS `mingfeng_swagger_log`;
CREATE TABLE `mingfeng_swagger_log` (
  `id` int(10) NOT NULL AUTO_INCREMENT,
  `kindName` varchar(255) NOT NULL COMMENT '模块名称',
  `name` varchar(255) NOT NULL COMMENT '接口地址',
  `method` varchar(255) NOT NULL COMMENT '请求方法',
  `record` text COMMENT '日志详情',
  `updateTime` datetime DEFAULT NULL COMMENT '记录时间',
  PRIMARY KEY (`id`)
) ENGINE=InnoDB AUTO_INCREMENT=8 DEFAULT CHARSET=utf8;

-- ----------------------------
-- Records of mingfeng_swagger_log
-- ----------------------------
BEGIN;
INSERT INTO `mingfeng_swagger_log` VALUES (1, '仓库', '/location', 'get', '{\"post\":{\"summary\":\"添加库位信息\",\"security\":[{\"\":[]}],\"deprecated\":false,\"produces\":[\"*/*\"],\"description\":\"添加库位信息\",\"operationId\":\"addWarehouseLocationUsingPOST\",\"responses\":{\"200\":{\"schema\":{\"type\":\"boolean\"},\"description\":\"OK\"},\"201\":{\"description\":\"Created\"},\"401\":{\"description\":\"Unauthorized\"},\"403\":{\"description\":\"Forbidden\"},\"404\":{\"description\":\"Not Found\"}},\"parameters\":[{\"schema\":{\"originalRef\":\"WarehouseLocationForm\",\"$ref\":\"#/definitions/WarehouseLocationForm\"},\"in\":\"body\",\"name\":\"form\",\"description\":\"form\",\"required\":true}],\"x-order\":\"2\",\"tags\":[\"仓库库位服务\"],\"consumes\":[\"application/json\"]},\"get\":{\"summary\":\"根据库位ID获取库位信息\",\"security\":[{\"\":[]}],\"deprecated\":false,\"produces\":[\"*/*\"],\"description\":\"根据库位ID获取库位信息\",\"operationId\":\"getWarehouseLocationUsingGET\",\"responses\":{\"200\":{\"schema\":{\"originalRef\":\"WarehouseLocation对象\",\"$ref\":\"#/definitions/WarehouseLocation对象\"},\"description\":\"OK\"},\"401\":{\"description\":\"Unauthorized\"},\"403\":{\"description\":\"Forbidden\"},\"404\":{\"description\":\"Not Found\"}},\"parameters\":[{\"in\":\"query\",\"name\":\"id\",\"format\":\"int64\",\"description\":\"id\",\"type\":\"integer\",\"required\":true}],\"x-order\":\"3\",\"tags\":[\"仓库库位服务\"]},\"put\":{\"summary\":\"编辑库位信息\",\"security\":[{\"\":[]}],\"deprecated\":false,\"produces\":[\"*/*\"],\"description\":\"编辑库位信息\",\"operationId\":\"editWarehouseLocationUsingPUT\",\"responses\":{\"200\":{\"schema\":{\"type\":\"boolean\"},\"description\":\"OK\"},\"201\":{\"description\":\"Created\"},\"401\":{\"description\":\"Unauthorized\"},\"403\":{\"description\":\"Forbidden\"},\"404\":{\"description\":\"Not Found\"}},\"parameters\":[{\"schema\":{\"originalRef\":\"WarehouseLocationForm\",\"$ref\":\"#/definitions/WarehouseLocationForm\"},\"in\":\"body\",\"name\":\"form\",\"description\":\"form\",\"required\":true}],\"x-order\":\"4\",\"tags\":[\"仓库库位服务\"],\"consumes\":[\"application/json\"]}}', '2021-04-27 02:44:18');
INSERT INTO `mingfeng_swagger_log` VALUES (2, '邮件', '/mail/signature/detailByAddress', 'get', '{\"get\":{\"summary\":\"根据邮箱获取详情\",\"security\":[{\"\":[]}],\"deprecated\":false,\"produces\":[\"*/*\"],\"operationId\":\"detailByAddressUsingGET\",\"responses\":{\"200\":{\"schema\":{\"originalRef\":\"邮件签名\",\"$ref\":\"#/definitions/邮件签名\"},\"description\":\"OK\"},\"401\":{\"description\":\"Unauthorized\"},\"403\":{\"description\":\"Forbidden\"},\"404\":{\"description\":\"Not Found\"}},\"parameters\":[{\"in\":\"query\",\"name\":\"address\",\"description\":\"address\",\"type\":\"string\",\"required\":true}],\"x-order\":\"2147483647\",\"tags\":[\"邮件签名\"]}}', '2021-04-27 02:44:22');
INSERT INTO `mingfeng_swagger_log` VALUES (3, '邮件', '/template/changeAuthorized', 'put', '{\"put\":{\"summary\":\"修改授权\",\"security\":[{\"\":[]}],\"deprecated\":false,\"produces\":[\"*/*\"],\"operationId\":\"changeAuthorizedUsingPUT_1\",\"responses\":{\"200\":{\"schema\":{\"type\":\"boolean\"},\"description\":\"OK\"},\"201\":{\"description\":\"Created\"},\"401\":{\"description\":\"Unauthorized\"},\"403\":{\"description\":\"Forbidden\"},\"404\":{\"description\":\"Not Found\"}},\"parameters\":[{\"in\":\"query\",\"allowEmptyValue\":false,\"name\":\"limitIds\",\"description\":\"指定客服组gourpIds必填\",\"type\":\"array\",\"items\":{\"type\":\"string\"},\"collectionFormat\":\"multi\",\"required\":false},{\"in\":\"query\",\"allowEmptyValue\":false,\"name\":\"limitType\",\"format\":\"int32\",\"description\":\"0:仅限自己,1:所有人,2:选定组\",\"type\":\"integer\",\"required\":true},{\"in\":\"query\",\"allowEmptyValue\":false,\"name\":\"templateIds\",\"description\":\"模版ID,多个用英文逗号\',\'分割\",\"type\":\"string\",\"required\":true}],\"x-order\":\"2147483647\",\"tags\":[\"邮件模版\"],\"consumes\":[\"application/json\"]}}', '2021-04-27 02:44:22');
INSERT INTO `mingfeng_swagger_log` VALUES (4, '邮件', '/mail/service/statistic/group', 'get', '{\"get\":{\"summary\":\"收件箱-客服组未处理邮件统计\",\"security\":[{\"\":[]}],\"deprecated\":false,\"produces\":[\"*/*\"],\"operationId\":\"statisticServiceGroupUsingGET\",\"responses\":{\"200\":{\"schema\":{\"type\":\"array\",\"items\":{\"originalRef\":\"客服/客服组邮件统计\",\"$ref\":\"#/definitions/客服/客服组邮件统计\"}},\"description\":\"OK\"},\"401\":{\"description\":\"Unauthorized\"},\"403\":{\"description\":\"Forbidden\"},\"404\":{\"description\":\"Not Found\"}},\"x-order\":\"2147483647\",\"tags\":[\"收件箱\"]}}', '2021-04-27 02:44:23');
INSERT INTO `mingfeng_swagger_log` VALUES (5, '工单', '/console/related', 'get', '{\"get\":{\"summary\":\"关联工单\",\"security\":[{\"\":[]}],\"deprecated\":false,\"produces\":[\"*/*\"],\"operationId\":\"relatedUsingGET\",\"responses\":{\"200\":{\"schema\":{\"type\":\"array\",\"items\":{\"originalRef\":\"RepairOrderRelatedResponse\",\"$ref\":\"#/definitions/RepairOrderRelatedResponse\"}},\"description\":\"OK\"},\"401\":{\"description\":\"Unauthorized\"},\"403\":{\"description\":\"Forbidden\"},\"404\":{\"description\":\"Not Found\"}},\"parameters\":[{\"in\":\"query\",\"name\":\"id\",\"description\":\"工单ID\",\"type\":\"string\",\"required\":true}],\"x-order\":\"2147483647\",\"tags\":[\"工单详情\"]}}', '2021-04-27 02:44:26');
INSERT INTO `mingfeng_swagger_log` VALUES (6, '工单', '/console/complaint/update', 'post', '{\"post\":{\"summary\":\"工单编辑-客诉工单\",\"security\":[{\"\":[]}],\"deprecated\":false,\"produces\":[\"*/*\"],\"operationId\":\"updateComplaintOrderUsingPOST\",\"responses\":{\"200\":{\"schema\":{\"type\":\"boolean\"},\"description\":\"OK\"},\"201\":{\"description\":\"Created\"},\"401\":{\"description\":\"Unauthorized\"},\"403\":{\"description\":\"Forbidden\"},\"404\":{\"description\":\"Not Found\"}},\"parameters\":[{\"schema\":{\"originalRef\":\"RepairOrderComplaintUpdateRequest\",\"$ref\":\"#/definitions/RepairOrderComplaintUpdateRequest\"},\"in\":\"body\",\"name\":\"request\",\"description\":\"request\",\"required\":true}],\"x-order\":\"2147483647\",\"tags\":[\"工单详情\"],\"consumes\":[\"application/json\"]}}', '2021-04-27 02:44:27');
INSERT INTO `mingfeng_swagger_log` VALUES (7, '工单', '/console/gift/update', 'post', '{\"post\":{\"summary\":\"工单编辑-礼物工单\",\"security\":[{\"\":[]}],\"deprecated\":false,\"produces\":[\"*/*\"],\"operationId\":\"updateGiftOrderUsingPOST\",\"responses\":{\"200\":{\"schema\":{\"type\":\"boolean\"},\"description\":\"OK\"},\"201\":{\"description\":\"Created\"},\"401\":{\"description\":\"Unauthorized\"},\"403\":{\"description\":\"Forbidden\"},\"404\":{\"description\":\"Not Found\"}},\"parameters\":[{\"schema\":{\"originalRef\":\"RepairOrderGiftUpdateRequest\",\"$ref\":\"#/definitions/RepairOrderGiftUpdateRequest\"},\"in\":\"body\",\"name\":\"request\",\"description\":\"request\",\"required\":true}],\"x-order\":\"2147483647\",\"tags\":[\"工单详情\"],\"consumes\":[\"application/json\"]}}', '2021-04-27 02:44:27');
COMMIT;

SET FOREIGN_KEY_CHECKS = 1;
